✔ exact registered bytes independently reproduce the pinned bounds hash and accepted program (59.1309ms)
✔ public frontend rejects all modified and malformed bounds without leaked host exceptions (971.405957ms)
✔ earlier source diagnostics retain stage priority over malformed registry bytes (40.00397ms)
✔ derive rechecks exact registry even when a forged full program matches altered bounds (488.580956ms)
✔ backend registry admission precedes authentication or commit, including absent binding bytes (249.46564ms)
✔ detached or disguised byte views fail closed; caller mutation cannot alter the trusted registry (159.049845ms)
✔ a source stage7 failure is retained ahead of a bounds stage8 mismatch (4.055895ms)
✔ oversized bounds and decorated typed-array length cannot bypass bounded admission (112.76867ms)
✔ oversized bounds are rejected before encoder or digest work on their contents (0.535328ms)
✔ missing local binding and invalid simulator byte containers reject at program admission (41.282412ms)
✔ closed runtime schema admission precedes authentication even with registered source and bounds (73.960237ms)
✔ Core source-map edits have SOURCE_MAP while non-Core manifest edits have PROGRAM_ENCODING (114.379513ms)
✔ /2 authority is required and preserved, /1 remains accepted (2.828443ms)
✔ authority rejects malformed commitments and identical role parties (0.167446ms)
✔ Fee stays distinct and debits balance, allowance and work (0.340971ms)
✔ Fee cannot fund an Originate (26.014491ms)
✔ gross debit cannot be erased by a refund (0.102849ms)
✔ zero Fee without cap rejects before kernel (0.256575ms)
✔ net goal includes Fee and passes exactly at boundary (0.18451ms)
✔ self fee counts both sides and missing sums are zero (0.096416ms)
✔ checked sum and debit plus minimum overflow reject (0.06971ms)
✔ assets are independent and nonmonetary effects do not count (0.077521ms)
✔ /6 public evaluator lowers Fee to Core /5 and checks the net goal atomically (28.864824ms)
✔ exact quantum conversion rejects nondivisibility and overflow (0.152661ms)
✔ malformed effects cannot disappear from the outcome check (0.066888ms)
✔ authority role substitution rejects before publishing debt (9.644077ms)
✔ /6 parser preserves Unicode spans and profile-looking comments (10.65391ms)
✔ /6 rejects /1 state, duplicate Fee IDs and unknown debit actors (9.616055ms)
✔ self Fee preserves balance and still consumes gross allowance (0.345333ms)
✖ expression CLI check equals successful API and leaves source/schema bytes intact (121.387419ms)
✖ expression CLI preserves complete API failure records including R1 and UTF-8 spans (117.099305ms)
✖ expression CLI format equals API, is idempotent and writes no input files (113.11695ms)
✖ expression CLI format preserves parser code/span with no partial output (109.611107ms)
✖ expression CLI format rejects output expansion beyond the bound without partial stdout (131.796097ms)
✖ expression CLI rejects malformed invocation before reading paths (116.644996ms)
✖ expression CLI schema errors equal API after bounded transport (110.59898ms)
✖ expression CLI bounds distinguish 65536 from 65537 bytes for source/schema (116.224052ms)
✖ expression CLI rejects invalid UTF-8 before parser and retains BOM for parser (119.356575ms)
✖ expression CLI opens only bounded regular files and allows regular symlink targets (114.481741ms)
✔ expression CLI import has no command or stream side effects (112.180713ms)
✖ financial CLI explicit routing equals financial APIs and never infers the profile (115.726315ms)
✖ financial CLI preserves checking and formatting meaning for the published vault quote fixture (118.023206ms)
✖ simulation CLI returns independently derived local financial and original expression results (117.114165ms)
✖ simulation CLI preserves source API rejection records and never prints snapshot state (129.360196ms)
✖ simulation CLI retains snapshot transport limits and canonical handling (114.971453ms)
✔ profile separation requires exact source headers at both entry points (0.293229ms)
✔ profile formatters retain their respective exact source headers (0.171717ms)
✔ new grammar supports numeric metadata, signed values, generics and brackets only under /1 (0.320316ms)
✔ generic calls and comparisons remain distinct and typed emissions reject during parsing (0.209144ms)
✔ exported lexical catalogs cannot mutate subsequent profile admission (0.189307ms)
✔ source diagnostic lexical order: elaborate access_field(unknown(), "bad field") (0.304407ms)
✔ source diagnostic lexical order: elaborate access_field(i128(1+2), "bad field") (0.127853ms)
✔ source diagnostic lexical order: elaborate access_field(access_field(unknown(), "bad inner"), "bad outer") (0.142621ms)
✔ source diagnostic lexical order: elaborate access_field(1, "bad field") (0.272964ms)
✔ source diagnostic lexical order: elaborate access_field(missing, "bad field") (0.12954ms)
✔ source diagnostic lexical order: elaborate access_field(unknown()) (0.110503ms)
✔ source diagnostic lexical order: elaborate access_index(unknown(), i128(1+2)) (0.140807ms)
✔ source diagnostic lexical order: elaborate floor_div(unknown(), i128(1+2)) (0.108195ms)
✔ source diagnostic lexical order: elaborate amount(1+2, unknown()) (0.098884ms)
✔ source diagnostic lexical order: elaborate shares(1+2, unknown(), missing()) (0.091919ms)
✔ source diagnostic lexical order: elaborate rate(1+2, unknown()) (0.087551ms)
✔ source diagnostic lexical order: elaborate price(1+2, unknown(), missing(), bad()) (0.11524ms)
✔ source diagnostic lexical order: check access_field(unknown(), "bad field") (0.087077ms)
✔ source diagnostic lexical order: check access_field(i128(1+2), "bad field") (0.116549ms)
✔ source diagnostic lexical order: check access_field(access_field(unknown(), "bad inner"), "bad outer") (0.118109ms)
✔ source diagnostic lexical order: check access_field(1, "bad field") (0.10426ms)
✔ source diagnostic lexical order: check access_field(missing, "bad field") (0.108193ms)
✔ source diagnostic lexical order: check access_field(unknown()) (0.078663ms)
✔ source diagnostic lexical order: check access_index(unknown(), i128(1+2)) (0.07619ms)
✔ source diagnostic lexical order: check floor_div(unknown(), i128(1+2)) (0.094701ms)
✔ source diagnostic lexical order: check amount(1+2, unknown()) (0.087856ms)
✔ source diagnostic lexical order: check shares(1+2, unknown(), missing()) (0.099442ms)
✔ source diagnostic lexical order: check rate(1+2, unknown()) (0.086893ms)
✔ source diagnostic lexical order: check price(1+2, unknown(), missing(), bad()) (0.099024ms)
✔ source diagnostic lexical order: evaluate access_field(unknown(), "bad field") (0.171137ms)
✔ source diagnostic lexical order: evaluate access_field(i128(1+2), "bad field") (0.097835ms)
✔ source diagnostic lexical order: evaluate access_field(access_field(unknown(), "bad inner"), "bad outer") (0.096239ms)
✔ source diagnostic lexical order: evaluate access_field(1, "bad field") (0.094693ms)
✔ source diagnostic lexical order: evaluate access_field(missing, "bad field") (0.116379ms)
✔ source diagnostic lexical order: evaluate access_field(unknown()) (0.08892ms)
✔ source diagnostic lexical order: evaluate access_index(unknown(), i128(1+2)) (0.082031ms)
✔ source diagnostic lexical order: evaluate floor_div(unknown(), i128(1+2)) (0.083239ms)
✔ source diagnostic lexical order: evaluate amount(1+2, unknown()) (0.089586ms)
✔ source diagnostic lexical order: evaluate shares(1+2, unknown(), missing()) (0.100757ms)
✔ source diagnostic lexical order: evaluate rate(1+2, unknown()) (0.147863ms)
✔ source diagnostic lexical order: evaluate price(1+2, unknown(), missing(), bad()) (0.095818ms)
✔ source scalar types, signed extremes and named rounding keep exact values (7.061666ms)
✔ source financial literals retain every exact type index (3.256996ms)
✔ source record, enum, option, collection and both access aliases (5.066969ms)
✔ source check rejects a dead branch wrong type before runtime guard (0.566827ms)
✔ source formatting preserves complete expression meaning and is idempotent (0.978423ms)
✔ one real source program reaches all forty reviewed constructors (4.834097ms)
✔ a direct source emission preserves its record operand and exact work (0.48745ms)
✔ source boundaries admit128 collection items and65 parameters without widening old grammar (8.684402ms)
✔ source metadata, equality and namespace boundaries reject deterministically (2.010769ms)
✔ source stage rollback includes descriptors and rejects direct financial writes (1.360032ms)
✔ source byte spans, lowered paths and short-circuit work survive formatting-independent text (1.162475ms)
✔ source API rejects hostile transport, schema overrides and unsupported declaration semantics (0.363317ms)
✔ formatter retains lowered Core structure, types and evaluation order (2.320756ms)
✔ D5 outer transport and component limits precede source parsing and typed admission (2.224379ms)
✔ source final aggregate bound rejects at the action after both ordinary writes (4.265963ms)
✔ source descriptor128 limit rolls back the129th emission (12.58769ms)
✔ new parameter256 and collection128 ceilings have explicit next-value rejection (3.944582ms)
✔ JSON duplicate keys reject even when their final values agree (0.30518ms)
✔ noncanonical whitespace and key order reject (0.125856ms)
✔ JSON numbers, null and unpaired surrogates reject (0.240667ms)
✔ integer metadata rejects negative zero, leading zeros, plus and terminal line separators (0.795305ms)
✔ identifiers reject final carriage returns and Unicode line separators (0.365134ms)
✔ unknown type tags and undeclared well-shaped names have different phases (0.314079ms)
✔ schema definition traversal follows ASCII identifier order (0.189604ms)
✔ no supplied schema or financial write-class override is admitted in a request (0.314365ms)
✔ reject before touching a live object or accessor request (0.16533ms)
✔ a stale registered funded version cannot opt into expression semantics (0.084182ms)
✔ canonical minimal escapes are required (0.072993ms)
✔ later missing snapshot values precede earlier runtime guards (0.143461ms)
✔ snapshot shape errors precede bounds/domain errors within the same snapshot (0.130759ms)
✔ all static action errors precede missing snapshot admission (0.749773ms)
✔ supply checked nominal snapshots; no structural equality grants a write (0.531168ms)
✔ short-circuiting cannot hide an effectful nested statement (0.198473ms)
✔ Ensure suffix placement is checked before reduction (0.147713ms)
✔ self reference is not introduced before binding (0.139111ms)
✔ descriptor count is an actual runtime bound with rollback (20.550216ms)
✔ result mutation cannot affect subsequent evaluations (0.346815ms)
✔ source, Core and snapshots retain separate simultaneous byte bounds (1.344207ms)
✔ deep non-object request is INPUT_SCHEMA without host stack overflow (1.521054ms)
✔ statement256 is legal and257 rejects before any reduction (7.383101ms)
✔ record64 fields is legal and65 rejects schema admission (1.481583ms)
✔ Text literal1024 versus1025 and supplied Text1025 retain different failure phases (0.8879ms)
✔ collection capacity128 is legal;129 is not silently widened (2.336538ms)
✔ snapshot outer node counts toward value depth64 (1.165974ms)
✔ constructed depth64 succeeds and depth65 rejects after entered children (1.012978ms)
✔ schema JSON-tree node bound is independent of record field bounds (3.789552ms)
✔ Quantity normalized scale and exponent bounds reject before work (1.060432ms)
✔ selected arithmetic overflow is charged while skipped overflow is not entered (0.492057ms)
✔ empty collection access rejects at the projection after both children (0.204591ms)
✔ ASCII-valid prototype-like identifiers stay ordinary own properties (0.210143ms)
✔ work65536 is legal and a caller cannot raise or negate that allowance (0.150909ms)
✔ integer endpoints and Unicode Text bytes are checked without wrapping or character counting (0.393564ms)
✔ staged-x10-to11: actual execution (0.289416ms)
✔ staged-ensures12: actual execution (0.285332ms)
✔ duplicate-write: actual execution (0.153111ms)
✔ next-read: actual execution (0.124624ms)
✔ post-outside-ensure: actual execution (0.112338ms)
✔ two-runtime-failures: actual execution (0.167071ms)
✔ static-before-guard: actual execution (0.143251ms)
✔ work-exhaustion: actual execution (0.11729ms)
✔ quantity-mul: actual execution (0.172801ms)
✔ quantity-div: actual execution (0.173354ms)
✔ quantity-negative-scale: actual execution (0.13733ms)
✔ financial-write: actual execution (0.145185ms)
✔ finite-record-bound: actual execution (3.207867ms)
✔ unit-not-a-value: actual execution (0.277072ms)
✔ max-u64-matrix-encoding: actual execution (4.577196ms)
✔ byte-boundary-65536: actual execution (2.387639ms)
✔ byte-boundary-65537: actual execution (1.378116ms)
✔ undeclared-unit: actual execution (0.211709ms)
✔ recursive-operation-schema: actual execution (0.243526ms)
✔ all active combined derivations have executed counterparts (0.201337ms)
✔ the historical twentieth strict case has a new explicit short-circuit observation (0.219738ms)
✔ None with Option metadata depth 508 (0.518251ms)
✔ None with Option metadata depth 509 (0.411566ms)
✔ None with Option metadata depth 600 (0.490113ms)
✔ None with Option metadata depth 3000 (1.951255ms)
✔ largest Option chain fitting Core byte bound succeeds (4.884397ms)
✔ next Option chain exceeds Core bytes and rejects before work (3.382426ms)
✔ deep metadata still needs an evaluation work unit (3.054616ms)
✔ deep type shape error is INPUT_SCHEMA (1.549121ms)
✔ deep unresolved nominal type is TYPE_NAME (1.224551ms)
✔ deep Unit data type remains disallowed (1.355907ms)
✔ deep Collection capacity checks preserve inner type error order (3.561168ms)
✔ deep Collection metadata accepts valid finite capacities (2.519872ms)
✔ malformed canonical encoding remains rejected at deep metadata (0.868576ms)
✔ deep schema JSON is rejected by normative schema depth bound (2.041484ms)
✔ deep types compare structurally during ConstructSome typing (3.605077ms)
✔ deep mismatched types reject statically before work (3.05673ms)
✔ deep metadata types in unselected branches remain statically checked (2.362621ms)
✔ LitUInt-positive executes the specified value/type/work (0.385575ms)
✔ LitUInt-reject executes the specified phase and error (0.160617ms)
✔ LitSInt-positive executes the specified value/type/work (0.095765ms)
✔ LitSInt-reject executes the specified phase and error (0.08651ms)
✔ LitBool-positive executes the specified value/type/work (0.105411ms)
✔ LitBool-reject executes the specified phase and error (0.070464ms)
✔ LitText-positive executes the specified value/type/work (0.084243ms)
✔ LitText-reject executes the specified phase and error (0.094374ms)
✔ LitAmount-positive executes the specified value/type/work (0.079942ms)
✔ LitAmount-reject executes the specified phase and error (0.075915ms)
✔ LitQuantity-positive executes the specified value/type/work (0.095574ms)
✔ LitQuantity-reject executes the specified phase and error (0.091489ms)
✔ LitShares-positive executes the specified value/type/work (0.12677ms)
✔ LitShares-reject executes the specified phase and error (0.219593ms)
✔ LitRate-positive executes the specified value/type/work (0.113376ms)
✔ LitRate-reject executes the specified phase and error (0.093911ms)
✔ LitPrice-positive executes the specified value/type/work (0.092268ms)
✔ LitPrice-reject executes the specified phase and error (0.102811ms)
✔ ReadArg-positive executes the specified value/type/work (0.111233ms)
✔ ReadArg-reject executes the specified phase and error (0.13446ms)
✔ ReadObs-positive executes the specified value/type/work (0.135714ms)
✔ ReadObs-reject executes the specified phase and error (0.993363ms)
✔ ProjectField-positive executes the specified value/type/work (0.420473ms)
✔ ProjectField-reject executes the specified phase and error (0.184101ms)
✔ AccessField-positive executes the specified value/type/work (0.12609ms)
✔ AccessField-reject executes the specified phase and error (0.124978ms)
✔ ProjectIndex-positive executes the specified value/type/work (0.365723ms)
✔ ProjectIndex-reject executes the specified phase and error (0.427189ms)
✔ AccessIndex-positive executes the specified value/type/work (0.226171ms)
✔ AccessIndex-reject executes the specified phase and error (0.270047ms)
✔ ConstructRecord-positive executes the specified value/type/work (0.210698ms)
✔ ConstructRecord-reject executes the specified phase and error (0.143003ms)
✔ ConstructEnum-positive executes the specified value/type/work (1.240394ms)
✔ ConstructEnum-reject executes the specified phase and error (0.347133ms)
✔ ConstructSome-positive executes the specified value/type/work (0.152435ms)
✔ ConstructSome-reject executes the specified phase and error (0.112034ms)
✔ ConstructNone-positive executes the specified value/type/work (0.123557ms)
✔ ConstructNone-reject executes the specified phase and error (0.095857ms)
✔ ConstructCollection-positive executes the specified value/type/work (0.10671ms)
✔ ConstructCollection-reject executes the specified phase and error (0.091969ms)
✔ Add-positive executes the specified value/type/work (0.098163ms)
✔ Add-reject executes the specified phase and error (0.087821ms)
✔ Sub-positive executes the specified value/type/work (0.084789ms)
✔ Sub-reject executes the specified phase and error (0.140649ms)
✔ Mul-positive executes the specified value/type/work (0.146886ms)
✔ Mul-reject executes the specified phase and error (0.115179ms)
✔ FloorDiv-positive executes the specified value/type/work (0.112183ms)
✔ FloorDiv-reject executes the specified phase and error (0.126421ms)
✔ CeilDiv-positive executes the specified value/type/work (0.091255ms)
✔ CeilDiv-reject executes the specified phase and error (0.092845ms)
✔ Eq-positive executes the specified value/type/work (0.080989ms)
✔ Eq-reject executes the specified phase and error (0.084286ms)
✔ Lt-positive executes the specified value/type/work (0.080978ms)
✔ Lt-reject executes the specified phase and error (0.083165ms)
✔ Lte-positive executes the specified value/type/work (0.079989ms)
✔ Lte-reject executes the specified phase and error (0.081291ms)
✔ Gt-positive executes the specified value/type/work (0.0842ms)
✔ Gt-reject executes the specified phase and error (0.126084ms)
✔ Gte-positive executes the specified value/type/work (0.092901ms)
✔ Gte-reject executes the specified phase and error (0.090979ms)
✔ Not-positive executes the specified value/type/work (0.269222ms)
✔ Not-reject executes the specified phase and error (0.176191ms)
✔ And-short-circuit-positive-v1 executes the specified value/type/work (0.118476ms)
✔ And-reject executes the specified phase and error (0.107438ms)
✔ Or-short-circuit-positive-v1 executes the specified value/type/work (0.136211ms)
✔ Or-reject executes the specified phase and error (0.104041ms)
✔ all forty positive/rejection pairs have an executable materialization (0.278132ms)
✔ ReadLocal-positive: preceding Let supplies immutable y=11 (0.265498ms)
✔ ReadLocal-reject: missing z after a valid earlier binder rejects statically (0.182154ms)
✔ ReadPre-positive: post read sees staged x11 only inside Ensure (0.198108ms)
✔ ReadPre-reject: next view remains statically forbidden (0.163935ms)
✔ Require-positive: true consumes two nodes and changes no frame (0.137414ms)
✔ Require-reject: false consumes two nodes then rejects (0.109012ms)
✔ Let-positive: binding is evaluated against pre then observed by Ensure (0.226404ms)
✔ Let-reject: argument collision prevents reduction (0.174072ms)
✔ NextWrite-positive: prefix Let2 then NextWrite2 stages x11 (0.15976ms)
✔ NextWrite-reject: complete action typing rejects Bool before prefix work (0.139549ms)
✔ Ensure-positive: prefix NextWrite2 then Ensure4 checks x11 (0.147432ms)
✔ Ensure-reject: work includes staging but no staged state escapes (0.178194ms)
✔ Emit-positive: append a descriptor, with no financial effects (0.20373ms)
✔ Emit-reject: unknown operation rejects before reduction (0.225149ms)
✔ schema rejection follows ASCII identifier order rather than locale collation (0.220273ms)
✔ returned type arrays cannot change the schema of a later evaluation (0.280147ms)
✔ the versioned expression API exists independently of funded preparation (0.044108ms)
✔ BC1-truth-and-false-false: actual execution (0.202123ms)
✔ BC1-truth-and-false-true: actual execution (0.164649ms)
✔ BC1-truth-and-true-false: actual execution (0.136017ms)
✔ BC1-truth-and-true-true: actual execution (0.432384ms)
✔ BC1-truth-or-false-false: actual execution (0.146785ms)
✔ BC1-truth-or-false-true: actual execution (0.097103ms)
✔ BC1-truth-or-true-false: actual execution (0.089429ms)
✔ BC1-truth-or-true-true: actual execution (0.083507ms)
✔ BC1-skip-and-denominator: actual execution (0.124211ms)
✔ BC1-skip-or-denominator: actual execution (0.124328ms)
✔ BC1-selected-and-denominator: actual execution (0.192579ms)
✔ BC1-selected-or-denominator: actual execution (0.164753ms)
✔ BC1-left-and-denominator: actual execution (0.169154ms)
✔ BC1-left-or-denominator: actual execution (0.134774ms)
✔ BC1-dead-and-unknown-name: actual execution (0.092873ms)
✔ BC1-dead-and-wrong-type: actual execution (0.090193ms)
✔ BC1-dead-or-unknown-name: actual execution (0.079506ms)
✔ BC1-dead-or-wrong-type: actual execution (0.080524ms)
✔ BC1-dead-literal-domain: actual execution (0.099408ms)
✔ BC1-dead-missing-snapshot: actual execution (0.161067ms)
✔ BC1-dead-wrong-snapshot-shape: actual execution (0.107635ms)
✔ BC1-dead-snapshot-domain: actual execution (0.145355ms)
✔ BC1-work0-and: actual execution (0.104378ms)
✔ BC1-work1-and: actual execution (0.088078ms)
✔ BC1-work2-skip-and: actual execution (0.081479ms)
✔ BC1-work2-select-and: actual execution (0.088327ms)
✔ BC1-work0-or: actual execution (0.082744ms)
✔ BC1-work1-or: actual execution (0.096075ms)
✔ BC1-work2-skip-or: actual execution (0.080361ms)
✔ BC1-work2-select-or: actual execution (0.146319ms)
✔ BC1-nested-selected-error: actual execution (0.216049ms)
✔ BC1-nested-work-exhaustion: actual execution (0.233421ms)
✔ BC1-nested-skip: actual execution (0.404175ms)
✔ BC1-corner-nested-left-selected: actual execution (0.234517ms)
✔ BC1-corner-parent-equality: actual execution (0.1218ms)
✔ BC1-action-dead-require-name: actual execution (0.11719ms)
✔ BC1-action-dead-ensure-name: actual execution (0.105012ms)
✔ BC1-action-later-static-before-guard: actual execution (0.123265ms)
✔ BC1-action-require-skip-false: actual execution (0.568946ms)
✔ BC1-action-ensure-skip-false: actual execution (0.181571ms)
✔ BC1-action-require-ensure-success: actual execution (0.150844ms)
✔ BC1-source-selected-denominator: actual execution (0.177035ms)
✔ BC1-source-selected-work-exhaustion: actual execution (0.099618ms)
✔ BC1-source-parent-guard-span: actual execution (0.121192ms)
✔ BC1-dead-invalid-source-span: actual execution (0.099806ms)
✔ BC1-source-unicode-work-span: actual execution (0.093036ms)
✔ BC1-dead-core-bound: actual execution (0.739745ms)
✔ BC1-direct-denominator: actual execution (0.113412ms)
✖ agreement /2 check and format use no schema or action and match the API (128.690384ms)
✖ agreement /2 simulate requires --action and equals the API including the action field (132.641744ms)
✖ agreement /2 continuation simulate uses first post, financialPost and remaining work (134.059189ms)
✖ agreement /2 CLI writes semantic rejection to stderr with empty stdout (133.944087ms)
✖ /2 rejects --schema and --action on check/format; /1 and older profiles reject --action (113.148023ms)
✖ agreement /2 simulate retains snapshot and repayment-state transport limits (139.598686ms)
✖ /1 simulate and older profiles stay unchanged and omit the /2 action field (128.046575ms)
✖ agreement /3 check and format use no schema or action and match the API (129.491821ms)
✖ agreement /3 simulate requires --action and equals the API including the action field (136.170697ms)
✖ agreement /3 continuation simulate uses remaining work and complete financialPost (133.891875ms)
✖ agreement /3 CLI writes semantic rejection to stderr with empty stdout (140.823518ms)
✖ /3 rejects --schema and --action on check/format; /2 stays on its form (116.020047ms)
✖ state admission rejection is kernel-shaped on the CLI (136.932756ms)
✖ agreement /4 check and format use no schema or action and match the API (130.867942ms)
✖ agreement /4 simulate requires --action and equals the API including the action field (138.431994ms)
✖ agreement /4 CLI writes semantic rejection to stderr with empty stdout (139.962323ms)
✖ /4 rejects --schema and --action on check/format; /3 stays on its form (113.275042ms)
✖ agreement /5 check and format use no schema or action and match the API (138.089906ms)
✖ agreement /5 simulate requires --action and equals the API (145.493029ms)
✖ /5 rejects --schema; /4 stays on its form (114.809042ms)
✖ agreement check and format use no schema and match the API (119.279142ms)
✖ agreement simulate CLI equals the API and the schema-based funded example (129.352652ms)
✖ agreement CLI writes semantic rejection to stderr with empty stdout (135.88742ms)
✖ new profile rejects --schema and old profiles reject the schema-free forms (116.73589ms)
✖ agreement simulate retains snapshot and repayment-state transport limits (122.663531ms)
✖ old-profile simulate, check and format stay unchanged (118.561455ms)
✔ factory exposes source plus mandatory action name and does not take schema or AST (0.230059ms)
✔ parser accepts multiple actions under the distinct /2 profile (0.341914ms)
✔ elaborate and check return per-action artifacts in source order without an aggregate bound (3.686532ms)
✔ evaluate requires a primitive selector even for one /2 action (2.949911ms)
✔ malformed selectors reject SOURCE_ACTION_NAME with a synthetic span (30.575269ms)
✔ unknown, case-mismatched and prototype names reject SOURCE_ACTION_UNKNOWN (16.476574ms)
✔ zero, duplicate and colliding actions reject at the offending declaration (0.685174ms)
✔ static errors in an unselected action reject before selector handling (2.079607ms)
✔ well-typed unselected runtime guards do not execute (3.671195ms)
✔ parameters and locals may reuse names across actions, including different types (7.127713ms)
✔ references to another action binding reject during that action check (1.399257ms)
✔ runtime snapshots require exactly the selected Args (4.729638ms)
✔ selected result and work are independent of unselected action order and extra well-typed actions (10.910868ms)
✔ fixture repay30 then installment20 leaves50 with complete continuation projection (8.572386ms)
✔ protected bindings, funding, guard, ensure and work failures still reject (9.619739ms)
✔ later-action diagnostics keep original UTF-8 spans after comments and Unicode (1.18485ms)
✔ evaluate compiles fresh and never consumes returned Core (3.863713ms)
✔ format is idempotent and simulation-equivalent (7.119462ms)
✔ /1 signatures, exactly-one-action rejection and old profiles stay unchanged (1.812848ms)
✔ static source failures reject before snapshot-dependent work and keep transport bounds (1.669509ms)
✔ factory exposes /3 source plus mandatory action name and does not take schema or AST (0.140014ms)
✔ parser accepts six generic reads under the distinct /3 profile (0.204251ms)
✔ elaborate and check return /3 profile and Core contract /2 (5.823518ms)
✔ fixture repay 30 then 20 then remaining 50 settles with unrelated rows preserved (13.338977ms)
✔ all six reads return typed kernel pre-state and never default missing to zero (6.69703ms)
✔ dynamic Text identities and settled zero outstanding remain readable (2.055891ms)
✔ ordinary Pre/Obs cannot supply financial values (6.387806ms)
✔ invalid state is admitted before false guards and missing lookups (5.966922ms)
✔ malformed unselected action beats selector and runtime inputs (1.780662ms)
✔ unknown unit or asset is TYPE_NAME even in an unselected action (1.487212ms)
✔ non-Text identity is TYPE_MISMATCH and extra type arguments reject (0.882233ms)
✔ canonical /3 grammar spells financialRead with typeArgs (0.281958ms)
✔ runtime identifier and denomination failures keep the read span (6.648162ms)
✔ exact (party, asset) lookup is not first-match-by-unit (1.847469ms)
✔ Quantity 2^127-1 reads and 2^127 rejects ARITH_RANGE; Amount permits UInt128 max (3.38158ms)
✔ short-circuit skips runtime lookup while static checking still visits the branch (2.639029ms)
✔ repeated reads before and after emit see the same financial pre-state (2.295445ms)
✔ interest-first control discharges accrued before principal (5.588292ms)
✔ atomic funding faults publish no posts or effects (8.224542ms)
✔ work: E+N succeeds exactly, expression exhaustion and kernel shortfall differ (16.140501ms)
✔ selected Args must match the action; extra nominal on repay_remaining rejects (3.228857ms)
✔ new intrinsic names remain legal in /2 and are reserved in /3 (1.271699ms)
✔ /1 and /2 public contracts stay closed and reject /3 profile text (0.501172ms)
✔ historical 100-work fixture remains usable by /2 and is not rewritten (3.581042ms)
✔ format is idempotent for /3 (7.49621ms)
✔ evaluate compiles fresh and does not consume returned Core or mutated state (10.388708ms)
✔ lookup positions 1 and 128 and case-sensitive identities (4.716092ms)
✔ factory exposes /4 source plus mandatory action name and does not take schema or AST (0.124884ms)
✔ parser accepts six post reads under the distinct /4 profile (0.24055ms)
✔ elaborate and check return /4 profile and Core contract /3 (6.473274ms)
✔ independent repay_remaining constructors are prefix 41, ordinary ensure 6, Quantity 5, Amount 6, bound 80 (3.865816ms)
✔ example repay_remaining settles with exact work 82 and six post observations (5.394141ms)
✔ spendable 82 succeeds remaining 0 reserve 16; 81 late work failure; 43 first ensure; 42 kernel (35.927511ms)
✔ false first financial ensure workUsed 54; false last 82; preexisting spent 17 persists (15.061835ms)
✔ unprefixed reads keep PRE meaning; locals captured before kernel stay 100 (3.330548ms)
✔ post reads are illegal in requires, let, next, emit, including dead branches (3.74925ms)
✔ skipped suffix post read is not charged and does not look up; static still visits (5.061645ms)
✔ kernel failure precedes a false ensure under /4; /3 keeps ensure-before-kernel (5.321683ms)
✔ empty descriptor action with false ensure is EMPTY_BATCH before suffix (1.648869ms)
✔ transfer-only batch is legal; post reads see created receiver and unchanged debt (3.201812ms)
✔ missing candidate post rows never equal zero (7.538639ms)
✔ exact newline identity, invalid units, signed128 quantity overflow and full U128 Amount (13.575014ms)
✔ complete kernel state admission and work mismatch beat suffix (6.357254ms)
✔ unselected ill-typed action beats selector and runtime inputs (1.015917ms)
✔ atomic funding and repay failures publish no posts, effects or new IDs (11.684784ms)
✔ old profiles keep post_* as legal identifiers and reject new constructors (1.281451ms)
✔ source, Core /3 and unchanged input retry agree; mutated elaborated Core cannot influence evaluate (26.459876ms)
✔ format is idempotent for /4 and preserves evaluation (10.536172ms)
✔ /2 stays closed and historical 100-work fixture is not rewritten (2.936641ms)
✔ factory exposes /5 plus Core /4 and does not export a resumable prefix (0.159211ms)
✔ parser accepts nested record constructors and u64 literals (0.498635ms)
✔ elaborate and check bind four protected operations structurally (7.294101ms)
✔ source consumer originates, accrues and repays through the real kernel (16.753516ms)
✔ example file check and evaluate match the API (8.519255ms)
✔ structural binding rejects missing Accrue, Quantity/Amount mix and UInt128 period fields (1.392997ms)
✔ Accrue against a different denomination rejects NOMINAL_UNIT (8.841132ms)
✔ /4 profile still rejects Originate and keeps Core /3 (1.163392ms)
✔ false ensure after origination publishes no IDs or debit (6.318512ms)
✔ factory exposes only source/snapshot/state strings and does not take schema or AST (0.150536ms)
✔ parser emits distinct uninitialized state, record and operation declarations (0.203773ms)
✔ generated schema equals the existing funded example schema canonically (1.735635ms)
✔ same action, snapshots and state equal the schema-based funded adapter result and work (5.518449ms)
✔ due100/pay30, interest-first P100/I10/pay7, continuation and failed funding/guard/ensure/work (12.126612ms)
✔ duplicate declarations, fields and parameters reject with original spans (0.737862ms)
✔ forward record references succeed and unknown or cyclic records reject (2.270268ms)
✔ mixed units and altered protected operations reject at check and evaluate (1.783046ms)
✔ initialized state, const, unsupported declarations and financial reclassification reject (1.249805ms)
✔ comments, Unicode and earlier declarations preserve original source offsets (0.281673ms)
✔ format is idempotent, schema-stable and simulation-equivalent (5.235756ms)
✔ declared type and binding failures keep original UTF-8 spans on the offending form (2.471029ms)
✔ reserved metadata names keep original UTF-8 spans in every source namespace (0.911612ms)
✔ operation and nested collection cycles keep referring TypeNode spans (0.442964ms)
✔ compound-invalid parameter faults reject before protected binding on check, elaborate and evaluate (4.621732ms)
✔ static source failures reject before snapshot-dependent work (0.179548ms)
✔ transport bounds and old-profile source regressions stay unchanged (0.748111ms)
✔ Core /2 factory arity and contract name stay distinct from /1 (0.109043ms)
✔ static check of a financial read does not require live state (0.258782ms)
✔ evaluate without financial context rejects FINANCIAL_CONTEXT_REQUIRED (0.145416ms)
✔ six read constructors type and reduce against validated pre-state (0.695635ms)
✔ a read plus Text literal costs two reductions (0.170497ms)
✔ Core /1 rejects new constructors even in an unselected branch (0.193749ms)
✔ Core /2 request remains closed and ignores caller Pre for financial reads (0.243595ms)
✔ unknown generic and non-Text identity are static (0.387049ms)
✔ runtime missing, invalid id, unit mismatch and range keep the read node (0.294098ms)
✔ short-circuit And/Or does not reduce the skipped read (0.192359ms)
✔ action statements still type-check every read including Ensure (0.579406ms)
✔ bound factory validates financial state itself and does not accept objects (0.249636ms)
✔ Core /2 malformed and duplicate state use expression rejection fields, not kernel actionIndex (0.144856ms)
✔ Core /3 staging continuation is not a public module export (0.070168ms)
✔ Core /3 factory arity and contract name stay distinct from /1 and /2 (0.052599ms)
✔ static check of a post read in Ensure does not require live state (0.232924ms)
✔ post reads outside Ensure including dead branches reject TYPE_POST_SCOPE at the original node (1.51622ms)
✔ integrated evaluate of a standalone expression rejects TYPE_ACTION_REQUIRED after static admission (0.578027ms)
✔ valid action without financial context rejects FINANCIAL_CONTEXT_REQUIRED after typing (0.283085ms)
✔ missing-context rejections own nodePath across calls and separate factories (0.404408ms)
✔ invalid action Core beats missing context (0.160038ms)
✔ closed request rejects extra fields, financialPost, callbacks and object state (0.281679ms)
✔ Core /3 state-admission faults keep the kernel envelope, unlike Core /2 (0.318121ms)
✔ Core /3 work mismatch is bare and precedes snapshot domain errors (0.213763ms)
✔ Core /3 newline identity uses a full-string check; old Core /2 keeps dollar-anchor behavior (1.181921ms)
✔ old Core /1 and /2 reject ReadPost constructors including dead branches (0.347427ms)
✔ source /4 and Core /3 evaluate the same remaining action to identical funded results (11.20312ms)
✔ Core /3 EMPTY_BATCH is not converted into ordinary-only success (0.362057ms)
✔ Core /4 staging continuation is not a public module export (0.57709ms)
✔ Core /4 factory arity stays distinct from /3 (0.174247ms)
✔ check needs no financial state; evaluate without state is FINANCIAL_CONTEXT_REQUIRED (0.76493ms)
✔ extra request fields including financialPost reject INPUT_SCHEMA (1.816173ms)
✔ integrated Core /4 originate then post-read uses lifecycle state (2.408766ms)
✔ source /5 and Core /4 share the funded result shape (0.138598ms)
✔ financial parser has gated punctuation, generic names, arities and unchanged old catalogs (0.339824ms)
✔ financial source enforces lexical metadata roles and profile-local name domains (0.834733ms)
✔ financial schema variants retain distinct payloads, cycles and 128-case bound (2.005152ms)
✔ financial collections and action parameters retain 128 and 256 bounds (4.643727ms)
✔ financial source conditional depth, tokens and source bounds remain bounded (0.727899ms)
✔ financial source literals and dynamic constructors keep distinct nodes and charges (5.168781ms)
✔ financial source UInt256 boundaries and explicit narrowing retain exact errors (2.593869ms)
✔ financial dynamic amount/share endpoints and child-entry work remain explicit (2.929096ms)
✔ financial direct Emit preserves a conditional record operand and selected work (0.815455ms)
✔ financial source lazy Select checks both arms and charges only selected nodes (2.871741ms)
✔ financial source variants/options project exact payloads and reject wrong cases (3.31276ms)
✔ financial source indexed arithmetic uses exact price/rate and literal scale rules (3.86451ms)
✔ financial source formatter preserves conditional AST association and exact Core (5.744321ms)
✔ financial source names are profile-local and original source/1 stays unchanged (0.706905ms)
✔ financial runtime additive check never evaluates or requires typed snapshots (0.507753ms)
✔ one actual .mori fixture elaborates and evaluates all48 constructors (5.946376ms)
✔ financial source exposes every new indexed type recursively without host aliases (5.919223ms)
✔ financial source scalar projections follow the complete closed overload table (5.128695ms)
✔ financial source selected failure rolls back prior writes and descriptors with real byte paths (1.403478ms)
✔ financial source exact new-node spans, metadata operands and arity failures (2.309623ms)
✔ financial source transport/ownership and phase priorities preserve source/1 contract (1.228467ms)
✔ financial source independent vault equation: deposit-round-down (1.080641ms)
✔ financial source independent vault equation: mint-round-up (1.431796ms)
✔ financial source independent vault equation: withdraw-round-up (0.961178ms)
✔ financial source independent vault equation: redeem-round-down (1.190267ms)
✔ financial source independent vault equation: deposit-max-domain-product (1.139739ms)
✔ financial source independent vault equation: mint-max-domain-product (1.109862ms)
✔ financial source independent vault equation: withdraw-max-domain-product (1.009355ms)
✔ financial source independent vault equation: redeem-max-domain-product (1.099605ms)
✔ financial source independent vault equation: deposit-result-overflow (1.34444ms)
✔ financial source independent vault equation: mint-result-overflow (1.787573ms)
✔ financial source independent vault equation: withdraw-result-overflow (1.025663ms)
✔ financial source independent vault equation: redeem-result-overflow (0.919604ms)
✔ financial source independent vault equation: deposit-small-zero-rounding (0.825592ms)
✔ financial source independent vault equation: withdraw-small-rounding (0.832316ms)
✔ financial source independent vault equation: mint-small-rounding (0.875575ms)
✔ financial source independent vault equation: redeem-small-zero-rounding (0.793889ms)
✔ financial source independent vault equation: zero-supply-needs-explicit-rule (1.211767ms)
✔ financial source independent vault equation: zero-valuation-needs-explicit-rule (1.32348ms)
✔ financial source independent vault equation: deposit-zero-quantity-arithmetic (0.979928ms)
✔ financial source independent vault equation: input-overflow-before-division (0.892811ms)
✔ LitUInt-positive executes the specified value/type/work (0.286073ms)
✔ LitUInt-reject executes the specified phase and error (0.253192ms)
✔ LitSInt-positive executes the specified value/type/work (0.118709ms)
✔ LitSInt-reject executes the specified phase and error (0.375369ms)
✔ LitBool-positive executes the specified value/type/work (0.146659ms)
✔ LitBool-reject executes the specified phase and error (0.077401ms)
✔ LitText-positive executes the specified value/type/work (0.75573ms)
✔ LitText-reject executes the specified phase and error (0.213254ms)
✔ LitAmount-positive executes the specified value/type/work (0.127246ms)
✔ LitAmount-reject executes the specified phase and error (0.178296ms)
✔ LitQuantity-positive executes the specified value/type/work (0.121894ms)
✔ LitQuantity-reject executes the specified phase and error (0.093826ms)
✔ LitShares-positive executes the specified value/type/work (0.076306ms)
✔ LitShares-reject executes the specified phase and error (0.068995ms)
✔ LitRate-positive executes the specified value/type/work (0.06769ms)
✔ LitRate-reject executes the specified phase and error (0.074857ms)
✔ LitPrice-positive executes the specified value/type/work (0.076691ms)
✔ LitPrice-reject executes the specified phase and error (0.068787ms)
✔ ReadArg-positive executes the specified value/type/work (0.091165ms)
✔ ReadArg-reject executes the specified phase and error (0.07361ms)
✔ ReadObs-positive executes the specified value/type/work (0.080577ms)
✔ ReadObs-reject executes the specified phase and error (0.072287ms)
✔ ProjectField-positive executes the specified value/type/work (0.135247ms)
✔ ProjectField-reject executes the specified phase and error (0.511007ms)
✔ AccessField-positive executes the specified value/type/work (0.203685ms)
✔ AccessField-reject executes the specified phase and error (0.124277ms)
✔ ProjectIndex-positive executes the specified value/type/work (0.286932ms)
✔ ProjectIndex-reject executes the specified phase and error (0.200307ms)
✔ AccessIndex-positive executes the specified value/type/work (0.147475ms)
✔ AccessIndex-reject executes the specified phase and error (0.167541ms)
✔ ConstructRecord-positive executes the specified value/type/work (0.142014ms)
✔ ConstructRecord-reject executes the specified phase and error (0.110831ms)
✔ ConstructEnum-positive executes the specified value/type/work (0.081392ms)
✔ ConstructEnum-reject executes the specified phase and error (0.082378ms)
✔ ConstructSome-positive executes the specified value/type/work (0.099407ms)
✔ ConstructSome-reject executes the specified phase and error (0.238136ms)
✔ ConstructNone-positive executes the specified value/type/work (0.118646ms)
✔ ConstructNone-reject executes the specified phase and error (0.097169ms)
✔ ConstructCollection-positive executes the specified value/type/work (0.134477ms)
✔ ConstructCollection-reject executes the specified phase and error (0.08918ms)
✔ Add-positive executes the specified value/type/work (0.093373ms)
✔ Add-reject executes the specified phase and error (0.118973ms)
✔ Sub-positive executes the specified value/type/work (0.087325ms)
✔ Sub-reject executes the specified phase and error (0.110766ms)
✔ Mul-positive executes the specified value/type/work (0.094678ms)
✔ Mul-reject executes the specified phase and error (0.097407ms)
✔ FloorDiv-positive executes the specified value/type/work (0.085222ms)
✔ FloorDiv-reject executes the specified phase and error (0.179386ms)
✔ CeilDiv-positive executes the specified value/type/work (0.153364ms)
✔ CeilDiv-reject executes the specified phase and error (0.145109ms)
✔ Eq-positive executes the specified value/type/work (0.121484ms)
✔ Eq-reject executes the specified phase and error (0.100802ms)
✔ Lt-positive executes the specified value/type/work (0.088836ms)
✔ Lt-reject executes the specified phase and error (0.128853ms)
✔ Lte-positive executes the specified value/type/work (0.098328ms)
✔ Lte-reject executes the specified phase and error (0.132056ms)
✔ Gt-positive executes the specified value/type/work (0.158177ms)
✔ Gt-reject executes the specified phase and error (0.116368ms)
✔ Gte-positive executes the specified value/type/work (0.092533ms)
✔ Gte-reject executes the specified phase and error (0.103318ms)
✔ Not-positive executes the specified value/type/work (0.074347ms)
✔ Not-reject executes the specified phase and error (0.080332ms)
✔ And-short-circuit-positive-v1 executes the specified value/type/work (0.081862ms)
✔ And-reject executes the specified phase and error (0.086136ms)
✔ Or-short-circuit-positive-v1 executes the specified value/type/work (0.076111ms)
✔ Or-reject executes the specified phase and error (0.095692ms)
✔ all forty positive/rejection pairs have an executable materialization (0.146929ms)
✔ ReadLocal-positive: preceding Let supplies immutable y=11 (0.234536ms)
✔ ReadLocal-reject: missing z after a valid earlier binder rejects statically (0.174852ms)
✔ ReadPre-positive: post read sees staged x11 only inside Ensure (0.231489ms)
✔ ReadPre-reject: next view remains statically forbidden (0.158971ms)
✔ Require-positive: true consumes two nodes and changes no frame (0.104529ms)
✔ Require-reject: false consumes two nodes then rejects (0.125329ms)
✔ Let-positive: binding is evaluated against pre then observed by Ensure (0.211483ms)
✔ Let-reject: argument collision prevents reduction (0.129049ms)
✔ NextWrite-positive: prefix Let2 then NextWrite2 stages x11 (0.153959ms)
✔ NextWrite-reject: complete action typing rejects Bool before prefix work (0.13181ms)
✔ Ensure-positive: prefix NextWrite2 then Ensure4 checks x11 (0.140646ms)
✔ Ensure-reject: work includes staging but no staged state escapes (0.470782ms)
✔ Emit-positive: append a descriptor, with no financial effects (0.266155ms)
✔ Emit-reject: unknown operation rejects before reduction (0.140802ms)
✔ retained exact vault body has56 nodes and full reference Sigma is admitted (7.784321ms)
✔ independent vault oracle: deposit-round-down (9.67241ms)
✔ independent vault oracle: mint-round-up (10.908179ms)
✔ independent vault oracle: withdraw-round-up (8.349926ms)
✔ independent vault oracle: redeem-round-down (9.187029ms)
✔ independent vault oracle: deposit-max-domain-product (8.677249ms)
✔ independent vault oracle: mint-max-domain-product (9.903539ms)
✔ independent vault oracle: withdraw-max-domain-product (9.04478ms)
✔ independent vault oracle: redeem-max-domain-product (8.475549ms)
✔ independent vault oracle: deposit-result-overflow (5.37283ms)
✔ independent vault oracle: mint-result-overflow (5.10061ms)
✔ independent vault oracle: withdraw-result-overflow (4.82697ms)
✔ independent vault oracle: redeem-result-overflow (4.76055ms)
✔ independent vault oracle: deposit-small-zero-rounding (9.726754ms)
✔ independent vault oracle: withdraw-small-rounding (9.624805ms)
✔ independent vault oracle: mint-small-rounding (10.77609ms)
✔ independent vault oracle: redeem-small-zero-rounding (9.717834ms)
✔ independent vault oracle: zero-supply-needs-explicit-rule (4.998017ms)
✔ independent vault oracle: zero-valuation-needs-explicit-rule (5.81522ms)
✔ independent vault oracle: deposit-zero-quantity-arithmetic (10.439775ms)
✔ independent vault oracle: input-overflow-before-division (4.612564ms)
✔ unprotected body itself does not claim initialized-domain rejection (10.962655ms)
✔ explicit UInt256 conversion evaluates a full-domain UInt128 product (0.468443ms)
✔ Select uses actual selected-node work while checking both branches (0.17009ms)
✔ ConstructAmount and ConstructShares require exact UInt128 and fixed identities (0.65624ms)
✔ Variant introduction and exact projection retain payload asset and node work (0.765541ms)
✔ Variant values and schemas reject wrong cases, duplicate payloads and cycles (0.342777ms)
✔ ProjectSome distinguishes None and preserves child failure and work (0.419797ms)
✔ UInt256 boundaries and explicit narrowing have distinct static and dynamic errors (0.708826ms)
✔ ScalarValue has only the approved component/type overloads (0.552452ms)
✔ NetAmount exact symmetric domain does not narrow to signed128 (0.386721ms)
✔ Amount products preserve dimensions and allow a full UInt128-square quotient (0.704899ms)
✔ AMM expression retains floor19743 and ceil19744 without a financial effect (0.401496ms)
✔ Price direction and literal scale divisor are statically bound (0.494521ms)
✔ negative rates use signed256 and Euclidean rounding, not unsigned cash (0.385698ms)
✔ Select preserves skipped dynamic errors, but rejects skipped static errors and unit mismatch (0.560428ms)
✔ new failures retain actual parent or child source spans (0.346718ms)
✔ new schema validates every named type and simultaneous global bounds (9.613246ms)
✔ complete parser rejects comments, plain division, chained comparison, trailing input and unknown syntax (0.914853ms)
✔ canonical codec uses ASCII key order, preserves scalar text, and rejects alternative bytes (0.267809ms)
✔ UTF8 spans and erased parentheses retain independent literal span (1.730003ms)
✔ typing rejects forward values, duplicate state writes, wrong actors and nominal units (2.910683ms)
✔ both complete supplied programs produce deterministic full AST, typed annotations, Core and hashes (72.838209ms)
✔ precedence, left association, floor numerator preorder and per-statement IDs are exact (4.342147ms)
✔ unit algebra produces ordered Quantity vectors and cancels exactly without erasing nominal amounts (2.427496ms)
✔ policies reject missing, duplicate, wrong-unit, future and nonfinancial bindings (34.817542ms)
✔ explicit reserve rules are generic, hash-bound, and require the exact structural guard (64.918873ms)
✔ settlements, statuses and exact effect schemas reject malformed records (15.816631ms)
✔ every aggregate encoding and action shape limit is enforced jointly (71.159302ms)
✔ canonical codec rejects sparse, decorated and accessor containers (0.339622ms)
✔ profile-valid redundant parentheses exceed128 without consuming semantic depth (23.341147ms)
✔ public frontend returns one closed diagnostic at earliest stage with exact fields (1.820195ms)
✔ independent stage6 errors select smallest source span, including earlier policies (3.940621ms)
✔ validated canonical record decoding requires a schema validator (0.337492ms)
✔ semantic depth boundary16 accepts and17 rejects with PROGRAM_BOUNDS (8.027714ms)
✔ both example hashes and canonical full records retain audited materialization bytes (39.541749ms)
✔ internal nonadmitted configuration isolates typed versus manifest bounds; public APIs reject overrides (2.494271ms)
✔ malformed settlement literal kinds are stage4 declaration errors after complete syntax (1.390345ms)
✔ settlement wrong shape wins before semantic errors while valid shapes reach stage6 (0.763792ms)
✔ keyword misuse is syntax stage3, reserved tokens are lexical stage2, with numeric stage priority (0.514391ms)
✔ Const State Episode and guard literals preserve schema-versus-typing distinctions (2.597643ms)
✔ loan and swap policies may follow all actions with complete-table metadata resolution (199.932313ms)
✔ policies after actions retain stage6 invalid-target and invalid-rounding controls (27.367399ms)
✔ unexpected astral source characters have exact complete-scalar UTF8 lexical spans (0.703895ms)
✔ SP01 frontend premature episode status keeps NAME_RESOLUTION before later guard mismatch (2.922701ms)
✔ SP01 frontend premature notional status keeps NAME_RESOLUTION before later guard mismatch (1.717937ms)
✔ SP01 frontend policy effect ordinal overflow is UINT_RANGE at the target span (5.170834ms)
✔ SP01 frontend earlier guard TYPE_MISMATCH beats later overflowing policy ordinal (0.527509ms)
✔ SP01 frontend earlier uncovered Amount write beats later overflowing policy ordinal (0.470951ms)
✔ SP01 frontend earlier uncovered emit in another action or unit beats overflowing run ordinal (1.120981ms)
✔ SP01 frontend earlier invalid write target beats overflowing effect target in the same policy (0.369379ms)
✖ funded simulate CLI equals the adapter and includes initial ordinary and financial state (128.59713ms)
✖ funded simulate CLI writes semantic rejection to stderr with empty stdout (133.964266ms)
✖ repayment-state is rejected for the original profile, check, format and reordered flags (114.588644ms)
✖ funded simulate CLI retains repayment-state transport limits and malformed JSON (123.140073ms)
✖ pure simulate, check and format stay unchanged without repayment-state (126.865138ms)
✖ published expression-funded-payment example runs through the normal CLI (133.752334ms)
✔ computed due100/pay30 publishes ordinary post, cash, principal and allowance together (4.95821ms)
✔ AccrualFirst P100/I10/pay7 discharges accrued first and leaves residual duty (2.821008ms)
✔ arithmetic changes the Transfer amount and a failing equality guard rejects Repay (2.851078ms)
✔ failed guard or ensure after staged write or emission returns rejection only (1.371245ms)
✔ overflow, negative nominal, wrong units, unsupported operations, missing and repeated funding reject atomically (6.769548ms)
✔ work is exact at E+N, one unit short rejects, prior spent is kept and reserve is unchanged (5.821083ms)
✔ multiple allocations share one transfer decreasing funding (2.749258ms)
✔ second invocation preserves prior spent, IDs, unrelated state and residual duties (5.534237ms)
✔ workInitial must equal remaining, financial schema fields are rejected, and empty batches never reach the kernel (0.977825ms)
✔ adapter owns parsed JSON only and does not publish on malformed state or hostile accessors (0.174777ms)
✔ source /4 public evaluate still typechecks a Transfer/Repayment-only effect switch (282.151117ms)
✔ source /5 public evaluate is a distinct lifecycle result: Transfer/Repayment-only switch fails (292.008544ms)
✔ checked-in source /4 exhaustive consumer matches the live public factory (0.203555ms)
✔ lifecycle corpus consumer exists (0.10532ms)
✔ frozen source sha is unchanged (0.12256ms)
✔ offline corpus elaborates whole source, chains Core, and does not execute K (73.119068ms)
✔ comparator rejects debt-split and history mutations (67.35858ms)
✖ coverage inventory lists unsupported Core/4 constructors as open boundaries (0.340047ms)
✖ offline npm command reports K not executed (82.479657ms)
✔ loan-lifecycle source checks four actions and frozen constructor counts (13.248716ms)
✔ complete source lifecycle matches the independent oracle with actual predecessor posts (42.039686ms)
✔ named kernel and source failures publish no candidate and preserve the predecessor (165.270989ms)
✔ exact work W succeeds remaining 0; W-1, prefix+N-1 and prefix+N reject without output (184.078813ms)
✔ ordinary phase offset survives every stage and unrelated obligation histories append (58.05471ms)
✔ malformed unrelated allowance is admission rejection, not a lifecycle continuation (6.563244ms)
✔ demo captures actual inputs, duplicate accrual and failed settled payment (66.66255ms)
✔ example import has no command or stream side effects (111.543856ms)
✖ CLI check, format and originate simulate match the public API (150.310138ms)
✔ generic mapper compiles full loan and swap functions and matches all state/effect operands for four transitions (946.723223ms)
✔ every supplied arithmetic hint is constrained; minOut, actor, state order and lifecycle changes reject (726.685965ms)
✔ unsupported text and short-circuit forms fail closed, while numeric-looking Text remains nominal (7.040162ms)
✔ dynamic compiled overflow is rejected before a later fitting division (327.047423ms)
✔ source map covers every Core expression and numeric unit metadata survives lowering (37.944012ms)
✔ test-only snapshot harness compiles ZKIR and records complete kernel result without mutating failed input state (851.30658ms)
✔ root README embeds the complete canonical agreement-source /5 grammar without drift (1.063859ms)
✔ loan accrual and settlement preserve all fields and obligation tombstones (89.793019ms)
✔ swap and close read state and capture effects in source order (88.030849ms)
✔ actionHash binds changed min_out even with identical resulting writes and effects (91.191837ms)
✔ missing backend and client boolean claims cannot produce accepted Complete (17.181989ms)
✔ checked arithmetic rejects overflow BEFORE division, subtraction underflow and zero divisor atomically (14.195739ms)
✔ short circuit execution counts visited expressions and permits Bool and Quantity locals (11.501379ms)
✔ typed input units, unknown members, nominal minOut and state tampering fail closed (177.131583ms)
✔ principal, provider, external prechecks, expiry, invariant, reserve and exhaustion reject (381.405115ms)
✔ exact plan construction is explicitly unsigned simulation, then exact matching rejects changes (130.258239ms)
✔ obligation identity, tombstones, exact amounts and transfer conservation are enforced (313.356642ms)
✔ quantum uses nominal subunits per ledger unit and rejects indivisible transfer or mismatched asset (20.26098ms)
✔ outcome gross caps include fees and never net refunds; net goals include every debit (57.067941ms)
✔ all four complete financial traces agree with retained independent legacy evaluator after documented renaming (145.195534ms)
✔ policy provenance cannot discard floor nodes, and committed action provenance resets (6.999092ms)
✔ rehashed malicious Core and source-map changes cannot substitute for source lowering (41.803175ms)
✔ all binding equalities reject independently even after recomputing affected digest wrappers (321.836341ms)
✔ backend authentication is mandatory, replay prechecks cannot be copied, and unavailable proof work cannot commit (86.861788ms)
✔ resource count body omits the entire counts member and includes every other value (44.007065ms)
✔ same-action creation and settlement preserve immutable event-time delta snapshots (12.14326ms)
✔ empty action has zero expression maxima and consumes one finite allowance (4.32046ms)
✔ original runtime hidden is rejected without normalization or executing user code (77.133603ms)
✔ original runtime symbol is rejected without normalization or executing user code (67.036783ms)
✔ original runtime prototype is rejected without normalization or executing user code (71.844774ms)
✔ original runtime getter is rejected without normalization or executing user code (69.744518ms)
✔ original runtime nested-getter is rejected without normalization or executing user code (75.661057ms)
✔ original runtime array-getter is rejected without normalization or executing user code (71.187624ms)
✔ original runtime array-prototype is rejected without normalization or executing user code (73.279897ms)
✔ original runtime proxy is rejected without normalization or executing user code (75.931232ms)
✔ loan settlement before accrual rejects at its exact source guard, adjacent ordered settlement succeeds (111.657007ms)
✔ ExactPlan rejects extra and reordered effects next to its exact accepting plan (135.020377ms)
✔ retained obligation capacity accepts 127 plus one and rejects 128 plus one, including settled identities (50.166382ms)
✔ runtime counts attain the admitted instruction/local/node bounds; the next source size rejects before execution (160.158982ms)
✔ registered RESULT_BOUNDS has an adjacent valid-input accepting boundary without custom registry limits (409.529801ms)
✔ valid false client checks are replaced, while the admitted backend tuple is deeply immutable (50.233344ms)
✔ SP01 decoder accepts canonical string, Buffer and Uint8Array as frozen inputs (17.268867ms)
✔ SP01 decoder ignores hostile shadow properties on genuine byte views (23.079895ms)
✔ SP01 decoder rejects proxies and non-byte impostors without caller code (0.877606ms)
✔ SP01 decoder rejects detached and oversized byte views by intrinsic size (0.425432ms)
✔ SP01 decoder snapshots precisely the byte view before downstream decoding (15.602727ms)
✔ SP01 decoder bounds primitive strings before any UTF8 encoding allocation (2.003969ms)
✔ SP01 decoder accepts 4096 hex signature characters and rejects 4098 (18.434743ms)
✔ SP01 decoder applies array length 128 and 129 to a schema-valid statement (20.731733ms)
✔ SP01 decoder admits exact 65536 input bytes and rejects the next byte (59.397839ms)
✔ SP01 decoder enforces depth, node, record-key and UTF8 text admission before schema (146.401349ms)
✔ SP01 decoder rejects noncanonical UTF8, JSON, schema and Unicode inputs (24.419784ms)
✔ real syntax/0 Boolean statements lower to Core and evaluate immutable pre/post (0.842178ms)
✔ wrong type in an unselected source Boolean branch rejects statically (0.796297ms)
✔ source dead branch skips dynamic division failure, selected branch retains source span (0.976932ms)
✔ source ensure failure rolls back staged writes (0.298303ms)
✔ runtime exposes static checking without requiring or executing snapshots (0.988489ms)
✔ source later static mistakes precede failed guards and snapshots (3.635204ms)
✔ UTF-8 source span survives earlier multibyte text (5.291747ms)
▶ lifecycle exports
  ✔ versions, bounds and factory arity (0.157725ms)
✔ lifecycle exports (0.44816ms)
▶ independent kernel oracle
  ✔ main trace states, effects, work and unrelated Token rows (1.379675ms)
  ✔ negative kernel cases reject without fragments (0.794383ms)
✔ independent kernel oracle (2.293648ms)
▶ result-bound fixtures
  ✔ compact oversized input rejects RESULT_BOUND; adjacent exact bound succeeds (3.130467ms)
✔ result-bound fixtures (3.194926ms)
▶ admission
  ✔ pretty-printed input and extra keys reject before execution (0.400347ms)
  ✔ closed-record and state invariant faults (0.267171ms)
  ✔ owned trees do not share mutable arrays (0.114834ms)
✔ admission (0.910181ms)
▶ originate
  ✔ consumes the entire same-step transfer once (0.310741ms)
  ✔ partial reverse-role repayment witness cannot originate (0.360905ms)
  ✔ wrong direction, amount, zero and duplicate (0.406067ms)
  ✔ malformed later action beats earlier runtime failure (0.084026ms)
  ✔ missing funding plus overflowing conversion is TRANSFER_NOT_IN_STEP (0.141845ms)
  ✔ UInt64 start overflow on Originate (0.087624ms)
✔ originate (1.489993ms)
▶ accrue
  ✔ floor, ceil, zero interest and numeric overflow (0.856564ms)
  ✔ combined error order (0.290489ms)
  ✔ cap is lifetime incurred; repayment does not restore it (0.407811ms)
  ✔ settled cannot accrue; zero rate still fails (0.099535ms)
✔ accrue (1.732853ms)
▶ legacy repayment kernel stays closed
  ✔ old prepareRepayment still rejects Originate (0.137849ms)
✔ legacy repayment kernel stays closed (0.166687ms)
▶ exports
  ✔ REPAYMENT_VERSION and immutable REPAYMENT_BOUNDS (0.101511ms)
✔ exports (0.124407ms)
▶ example fixture file
  ✔ exact compact JSON without trailing newline and accepted by prepareRepayment (0.310785ms)
  ✔ trailing newline is not a valid source (0.069586ms)
✔ example fixture file (0.414679ms)
▶ positive funded repayment
  ✔ due100 principal 100 / accrued 0, Transfer 30 then Repay 30 (0.303823ms)
  ✔ TX02 AccrualFirst P100/A10 Transfer7/Repay7 leaves P100/A3/outstanding 103 (0.15671ms)
  ✔ PrincipalFirst P100/A10 N7 discharges 93/10 (0.142035ms)
  ✔ ProRata P100/A10 N7 is floor(7*100/110)=6 so 94/9 (0.09879ms)
  ✔ two allocations 10+20 of transfer 30 to distinct obligations succeed (0.129579ms)
  ✔ same allocation id reused across two Repay actions rejects (0.083164ms)
  ✔ 20+20 against a transfer of 30 rejects the over-allocation (0.073041ms)
  ✔ exact full repayment keeps Settled tombstone; reuse of post rejects; independent second discharge works (0.251445ms)
  ✔ nominal USD_micro settled via USD_TOKEN mantissa 2 scale 0: N30 -> cash 60 (0.160028ms)
  ✔ floor conversion 4 * 3 / 10^1 = 1 remainder 2 => settlement 1 (0.152978ms)
  ✔ ceil conversion 4 * 3 / 10^1 = 1 remainder 2 => settlement 2 (0.090291ms)
  ✔ none conversion rejects 4 * 3 / 10^1 because remainder is 2 (0.069247ms)
  ✔ exact division 10 * 3 / 10^1 remainder 0 yields settlement 3 for none, floor, and ceil (0.147626ms)
  ✔ floor conversion 1 * 1 / 10^1 = 0 is dust and rejects (0.062327ms)
  ✔ none conversion 1 * 1 / 10^1 is inexact and rejects (0.101703ms)
  ✔ ceil conversion 1 * 1 / 10^1 remainder 1 yields settlement 1 (0.088381ms)
  ✔ scale 18 exact: mantissa 10^18, N 1, settlement 1 (0.072738ms)
  ✔ third-party funded repayment does not require debtor == payer (0.113585ms)
  ✔ untouched unrelated records and histories are preserved (0.113441ms)
  ✔ refund transfer does not restore the earlier sender allowance; remaining+spent is conserved (0.098839ms)
  ✔ receiver balance is appended when absent (0.061179ms)
  ✔ transfer-only candidate moves cash and spends work without touching debt (0.064274ms)
  ✔ transfer id and allocation id may share a string because namespaces are separate (0.061986ms)
  ✔ work remaining equals action count is accepted; closureReserve stays put (0.055307ms)
✔ positive funded repayment (3.002219ms)
▶ input admission
  ✔ non-string hostile values are rejected without calling coercion traps (0.136201ms)
  ✔ empty string, non-object JSON, and invalid JSON reject with actionIndex null (0.110087ms)
  ✔ lone surrogates reject before shape execution (0.05956ms)
  ✔ UTF16 length above 65536 rejects (0.02982ms)
  ✔ UTF16 length 65536 of non-JSON still admits encoding then rejects parse (0.617055ms)
  ✔ UTF8 byte length above 65536 with UTF16 length under the bound rejects (0.169468ms)
  ✔ whitespace, duplicate keys, and nonminimal number forms fail the stringify roundtrip (0.154262ms)
  ✔ JSON numeric amounts that survive stringify still fail schema (0.135896ms)
  ✔ wrong schemaVersion rejects (0.069714ms)
  ✔ unknown root, nested, action, and profile labels reject schema and do not steer the predicate (0.460781ms)
  ✔ missing closed-shape fields reject with actionIndex null (1.1469ms)
  ✔ duplicate collection identities reject with actionIndex null (0.277701ms)
  ✔ non-canonical decimals, bad identifiers, and invariant mismatches reject (0.718525ms)
  ✔ empty actions and over-capacity collections reject with actionIndex null (1.172003ms)
✔ input admission (5.452692ms)
▶ work and capacity
  ✔ insufficient ordinary work rejects before commit; closureReserve cannot pay ordinary work (0.121402ms)
  ✔ post-collection usedTransferIds capacity 128 is enforced (0.192706ms)
  ✔ appending a new receiver balance beyond 128 rejects the transfer (0.254088ms)
  ✔ usedAllocationIds at capacity 128 rejects a new allocation (0.14644ms)
✔ work and capacity (0.783314ms)
▶ transfer and repay negatives
  ✔ zero amount and self-transfer reject at the transfer index (0.145861ms)
  ✔ insufficient cash, missing sender balance, missing allowance, and insufficient cap (0.155292ms)
  ✔ missing funding, future funding, and prior-step transfer cannot fund a Repay (0.148179ms)
  ✔ wrong sender, receiver, or settlement asset rejects the Repay after a successful Transfer (0.141919ms)
  ✔ transfer 1 cannot fund nominal 20 at 1:1 (0.058425ms)
  ✔ zero nominalAmount rejects the Repay (0.050798ms)
  ✔ nominal above outstanding, Settled target, and unknown obligation reject (0.146755ms)
  ✔ allocation id already in history rejects (0.064125ms)
  ✔ duplicate transfer id in this step rejects the later transfer (0.067135ms)
  ✔ late failure after a successful Transfer returns no post or effects and leaves the source unchanged (0.090034ms)
  ✔ rejected codes are stable nonempty strings for the same source (0.066157ms)
✔ transfer and repay negatives (1.246765ms)
▶ uint128 and intermediate overflow
  ✔ uint128Max is a legal amount; uint128Max+1 is not (0.129828ms)
  ✔ crediting a receiver already at uint128Max overflows the Transfer (0.058746ms)
  ✔ ProRata intermediate N*P must fit UInt128 before division (0.066978ms)
  ✔ conversion product nominal*mantissa overflow rejects the Repay after Transfer (0.068801ms)
  ✔ work spent at uint128Max-1 with one action succeeds and writes uint128Max (0.072822ms)
✔ uint128 and intermediate overflow (0.456171ms)
✔ independent full financial result: principal-partial (1.014622ms)
✔ independent full financial result: interest-first (0.546442ms)
✔ independent full financial result: principal-first (0.314897ms)
✔ independent full financial result: full-payment (0.185574ms)
✔ independent full financial result: cross-interest-boundary (0.167102ms)
✔ independent full financial result: overfunded-transfer (0.192119ms)
✔ Core is deterministic serializable and cannot be executed as source (0.364484ms)
✔ payment arguments change both debt and cash (0.170943ms)
✔ complete unrelated duties, terms, order and tombstones survive (0.20878ms)
✔ runtime nominal denomination is checked (0.130477ms)
✔ runtime settlement asset is checked (0.104434ms)
✔ retained conversion is honored (0.12469ms)
✔ atomic financial rejection: zero (0.113108ms)
✔ atomic financial rejection: overpayment (0.10205ms)
✔ atomic financial rejection: balance (0.126135ms)
✔ atomic financial rejection: allowance (0.101019ms)
✔ atomic financial rejection: work (0.091707ms)
✔ atomic financial rejection: transfer reuse (0.122988ms)
✔ atomic financial rejection: allocation reuse (0.260555ms)
✔ atomic financial rejection: insufficient funding (0.541871ms)
✔ Repay without Transfer cannot discharge debt (0.236738ms)
✔ closed source subset rejects state (0.144033ms)
✔ closed source subset rejects next (0.099781ms)
✔ closed source subset rejects const (0.066961ms)
✔ closed source subset rejects requires (0.061432ms)
✔ closed source subset rejects let (0.057475ms)
✔ closed source subset rejects ensures (0.061437ms)
✔ closed source subset rejects arithmetic (0.067469ms)
✔ closed source subset rejects projection (0.061229ms)
✔ closed source subset rejects unknown reference (0.058941ms)
✔ closed source subset rejects duplicate party (0.054185ms)
✔ closed source subset rejects duplicate unit (0.244567ms)
✔ closed source subset rejects duplicate param (0.078985ms)
✔ closed source subset rejects unsupported type (0.059069ms)
✔ closed source subset rejects wrong field type (0.070475ms)
✔ closed source subset rejects unknown field (0.072162ms)
✔ closed source subset rejects duplicate field (0.059513ms)
✔ closed source subset rejects parameter type confusion (0.080469ms)
✔ closed invocation rejects unknown argument (0.194655ms)
✔ closed invocation rejects missing argument (0.112365ms)
✔ closed invocation rejects wrong unit (0.089815ms)
✔ closed invocation rejects wrong type (0.079169ms)
✔ closed invocation rejects coercion (0.076792ms)
✔ closed invocation rejects overflow (0.07604ms)
✔ closed invocation rejects negative (0.068983ms)
✔ closed invocation rejects unknown invocation field (0.087269ms)
✔ closed invocation rejects unknown typed field (0.093155ms)
✔ closed invocation rejects unknown state field (0.126465ms)
✔ closed invocation rejects unknown action (0.076082ms)
✔ closed invocation rejects prototype key (0.08479ms)
✔ hostile objects are rejected without executing accessors (0.119848ms)
✖ CLI reads actual source and invocation and rejects with nonzero status (87.815912ms)
✔ explicit nominal and settlement literals remain distinct (0.5631ms)
✔ UInt, Bool, parties, assets and effect IDs have closed argument types (0.54792ms)
✔ all actions are statically checked and selected action is respected (0.374167ms)
✔ bounded source and invocation fail before parsing oversized content (0.294429ms)
✔ intermediate conversion overflow is retained even if division could shrink it (0.203547ms)
✔ compact type closers reserve their split tokens and preserve formatter closure at the limit (3.348055ms)
✔ compact type closers cannot hide tokens beyond the fixed limit (1.014962ms)
✔ public API rejects non-string input without coercion (0.221619ms)
✔ example interest-payment source parses, formats idempotently, and preserves AST ignoring spans (0.599245ms)
✔ independently derived custody agreement covers asset, const, let, emit and empty lists (0.289092ms)
✔ not binds looser than comparison and arithmetic is left-associative with tight multiply (0.384687ms)
✔ parenthesized comparison may nest, but unparenthesized chains reject (0.241935ms)
✔ nested generic types parse and empty type argument lists reject (0.215518ms)
✔ UTF-8 spans cover multi-byte string contents and comments may contain Unicode (0.106178ms)
✖ lone surrogates, escaped surrogates and invalid UTF-8 reject (72.526847ms)
✔ leading zeros, plain division, floats and unknown declarations reject (0.466682ms)
✔ statement after ensures, trailing input, missing agreement and old atomic profile reject (0.2108ms)
✔ non-ASCII identifier lookalikes reject while ASCII identifiers stay case-sensitive (0.897326ms)
✔ bounds from syntax-profile.json are enforced before oversized parse results (3.130899ms)
✔ formatter rejects canonical expansion past the source byte bound (3.488595ms)
✔ left-associative expression depth 64 succeeds and 65 fails (0.343587ms)
✔ 256 statements total across regular and ensures succeed and 257 fail (1.551873ms)
✔ token bound includes EOF so 8192 total tokens succeed and 8193 fail (2.346355ms)
✔ unterminated comments and strings reject, and comments count toward the source bound (0.216716ms)
✖ CLI check-syntax writes AST JSON and format writes idempotent source (75.808816ms)
✖ CLI rejects malformed arguments without writing files (82.130988ms)
ℹ tests 906
ℹ suites 14
ℹ pass 852
ℹ fail 54
ℹ cancelled 0
ℹ skipped 0
ℹ todo 0
ℹ duration_ms 19000.093234

✖ failing tests:

test at tests/expression-cli.test.mjs:46:1
✖ expression CLI check equals successful API and leaves source/schema bytes intact (121.387419ms)
  AssertionError [ERR_ASSERTION]: Expected values to be strictly equal:
  + actual - expected
  
  + Error: spawnSync /home/charl/.foreman/tools/fnm/node-versions/v24.18.1/installation/bin/node EPERM
  +     at Object.spawnSync (node:internal/child_process:1143:20)
  +     at spawnSync (node:child_process:911:24)
  +     at invoke (file:///home/charl/Moriarty-wt-moriarty-ll-loop-20260912-implement-authority-fee-binding/experiments/moriarty-language/tests/expression-cli.test.mjs:29:18)
  +     at TestContext.<anonymous> (file:///home/charl/Moriarty-wt-moriarty-ll-loop-20260912-implement-authority-fee-binding/experiments/moriarty-language/tests/expression-cli.test.mjs:49:18)
  +     at Test.runInAsyncScope (node:async_hooks:227:14)
  +     at Test.run (node:internal/test_runner/test:1325:25)
  +     at Test.processPendingSubtests (node:internal/test_runner/test:911:18)
  +     at Test.postRun (node:internal/test_runner/test:1465:19)
  +     at Test.run (node:internal/test_runner/test:1390:12)
  +     at async Test.processPendingSubtests (node:internal/test_runner/test:911:7) {
  +   code: 'EPERM',
  +   errno: -1,
  +   path: '/home/charl/.foreman/tools/fnm/node-versions/v24.18.1/installation/bin/node',
  +   spawnargs: [
  +     '/home/charl/Moriarty-wt-moriarty-ll-loop-20260912-implement-authority-fee-binding/experiments/moriarty-language/src/cli.ts',
  +     'check',
  +     '--profile',
  +     'moriarty-expression-source/1',
  +     '--schema',
  +     '/tmp/moriarty-expression-cli-1evMiM/input 0',
  +     '/tmp/moriarty-expression-cli-1evMiM/input 1'
  +   ],
  +   syscall: 'spawnSync /home/charl/.foreman/tools/fnm/node-versions/v24.18.1/installation/bin/node'
  + }
  - undefined
  
      at invoke (file:///home/charl/Moriarty-wt-moriarty-ll-loop-20260912-implement-authority-fee-binding/experiments/moriarty-language/tests/expression-cli.test.mjs:30:10)
      at TestContext.<anonymous> (file:///home/charl/Moriarty-wt-moriarty-ll-loop-20260912-implement-authority-fee-binding/experiments/moriarty-language/tests/expression-cli.test.mjs:49:18)
      at Test.runInAsyncScope (node:async_hooks:227:14)
      at Test.run (node:internal/test_runner/test:1325:25)
      at Test.processPendingSubtests (node:internal/test_runner/test:911:18)
      at Test.postRun (node:internal/test_runner/test:1465:19)
      at Test.run (node:internal/test_runner/test:1390:12)
      at async Test.processPendingSubtests (node:internal/test_runner/test:911:7) {
    generatedMessage: true,
    code: 'ERR_ASSERTION',
    actual: [Error],
    expected: undefined,
    operator: 'strictEqual',
    diff: 'simple'
  }

test at tests/expression-cli.test.mjs:57:1
✖ expression CLI preserves complete API failure records including R1 and UTF-8 spans (117.099305ms)
  AssertionError [ERR_ASSERTION]: Expected values to be strictly equal:
  + actual - expected
  
  + Error: spawnSync /home/charl/.foreman/tools/fnm/node-versions/v24.18.1/installation/bin/node EPERM
  +     at Object.spawnSync (node:internal/child_process:1143:20)
  +     at spawnSync (node:child_process:911:24)
  +     at invoke (file:///home/charl/Moriarty-wt-moriarty-ll-loop-20260912-implement-authority-fee-binding/experiments/moriarty-language/tests/expression-cli.test.mjs:29:18)
  +     at failure (file:///home/charl/Moriarty-wt-moriarty-ll-loop-20260912-implement-authority-fee-binding/experiments/moriarty-language/tests/expression-cli.test.mjs:39:18)
  +     at TestContext.<anonymous> (file:///home/charl/Moriarty-wt-moriarty-ll-loop-20260912-implement-authority-fee-binding/experiments/moriarty-language/tests/expression-cli.test.mjs:62:5)
  +     at Test.runInAsyncScope (node:async_hooks:227:14)
  +     at Test.run (node:internal/test_runner/test:1325:25)
  +     at Test.processPendingSubtests (node:internal/test_runner/test:911:18)
  +     at Test.postRun (node:internal/test_runner/test:1465:19)
  +     at Test.run (node:internal/test_runner/test:1390:12) {
  +   code: 'EPERM',
  +   errno: -1,
  +   path: '/home/charl/.foreman/tools/fnm/node-versions/v24.18.1/installation/bin/node',
  +   spawnargs: [
  +     '/home/charl/Moriarty-wt-moriarty-ll-loop-20260912-implement-authority-fee-binding/experiments/moriarty-language/src/cli.ts',
  +     'check',
  +     '--profile',
  +     'moriarty-expression-source/1',
  +     '--schema',
  +     '/tmp/moriarty-expression-cli-1evMiM/input 0',
  +     '/tmp/moriarty-expression-cli-1evMiM/input 2'
  +   ],
  +   syscall: 'spawnSync /home/charl/.foreman/tools/fnm/node-versions/v24.18.1/installation/bin/node'
  + }
  - undefined
  
      at invoke (file:///home/charl/Moriarty-wt-moriarty-ll-loop-20260912-implement-authority-fee-binding/experiments/moriarty-language/tests/expression-cli.test.mjs:30:10)
      at failure (file:///home/charl/Moriarty-wt-moriarty-ll-loop-20260912-implement-authority-fee-binding/experiments/moriarty-language/tests/expression-cli.test.mjs:39:18)
      at TestContext.<anonymous> (file:///home/charl/Moriarty-wt-moriarty-ll-loop-20260912-implement-authority-fee-binding/experiments/moriarty-language/tests/expression-cli.test.mjs:62:5)
      at Test.runInAsyncScope (node:async_hooks:227:14)
      at Test.run (node:internal/test_runner/test:1325:25)
      at Test.processPendingSubtests (node:internal/test_runner/test:911:18)
      at Test.postRun (node:internal/test_runner/test:1465:19)
      at Test.run (node:internal/test_runner/test:1390:12)
      at async Test.processPendingSubtests (node:internal/test_runner/test:911:7) {
    generatedMessage: true,
    code: 'ERR_ASSERTION',
    actual: [Error],
    expected: undefined,
    operator: 'strictEqual',
    diff: 'simple'
  }

test at tests/expression-cli.test.mjs:66:1
✖ expression CLI format equals API, is idempotent and writes no input files (113.11695ms)
  AssertionError [ERR_ASSERTION]: Expected values to be strictly equal:
  + actual - expected
  
  + Error: spawnSync /home/charl/.foreman/tools/fnm/node-versions/v24.18.1/installation/bin/node EPERM
  +     at Object.spawnSync (node:internal/child_process:1143:20)
  +     at spawnSync (node:child_process:911:24)
  +     at invoke (file:///home/charl/Moriarty-wt-moriarty-ll-loop-20260912-implement-authority-fee-binding/experiments/moriarty-language/tests/expression-cli.test.mjs:29:18)
  +     at TestContext.<anonymous> (file:///home/charl/Moriarty-wt-moriarty-ll-loop-20260912-implement-authority-fee-binding/experiments/moriarty-language/tests/expression-cli.test.mjs:69:18)
  +     at Test.runInAsyncScope (node:async_hooks:227:14)
  +     at Test.run (node:internal/test_runner/test:1325:25)
  +     at Test.processPendingSubtests (node:internal/test_runner/test:911:18)
  +     at Test.postRun (node:internal/test_runner/test:1465:19)
  +     at Test.run (node:internal/test_runner/test:1390:12)
  +     at async Test.processPendingSubtests (node:internal/test_runner/test:911:7) {
  +   code: 'EPERM',
  +   errno: -1,
  +   path: '/home/charl/.foreman/tools/fnm/node-versions/v24.18.1/installation/bin/node',
  +   spawnargs: [
  +     '/home/charl/Moriarty-wt-moriarty-ll-loop-20260912-implement-authority-fee-binding/experiments/moriarty-language/src/cli.ts',
  +     'format',
  +     '--profile',
  +     'moriarty-expression-source/1',
  +     '/tmp/moriarty-expression-cli-1evMiM/input 3'
  +   ],
  +   syscall: 'spawnSync /home/charl/.foreman/tools/fnm/node-versions/v24.18.1/installation/bin/node'
  + }
  - undefined
  
      at invoke (file:///home/charl/Moriarty-wt-moriarty-ll-loop-20260912-implement-authority-fee-binding/experiments/moriarty-language/tests/expression-cli.test.mjs:30:10)
      at TestContext.<anonymous> (file:///home/charl/Moriarty-wt-moriarty-ll-loop-20260912-implement-authority-fee-binding/experiments/moriarty-language/tests/expression-cli.test.mjs:69:18)
      at Test.runInAsyncScope (node:async_hooks:227:14)
      at Test.run (node:internal/test_runner/test:1325:25)
      at Test.processPendingSubtests (node:internal/test_runner/test:911:18)
      at Test.postRun (node:internal/test_runner/test:1465:19)
      at Test.run (node:internal/test_runner/test:1390:12)
      at async Test.processPendingSubtests (node:internal/test_runner/test:911:7) {
    generatedMessage: true,
    code: 'ERR_ASSERTION',
    actual: [Error],
    expected: undefined,
    operator: 'strictEqual',
    diff: 'simple'
  }

test at tests/expression-cli.test.mjs:79:1
✖ expression CLI format preserves parser code/span with no partial output (109.611107ms)
  AssertionError [ERR_ASSERTION]: Expected values to be strictly equal:
  + actual - expected
  
  + Error: spawnSync /home/charl/.foreman/tools/fnm/node-versions/v24.18.1/installation/bin/node EPERM
  +     at Object.spawnSync (node:internal/child_process:1143:20)
  +     at spawnSync (node:child_process:911:24)
  +     at invoke (file:///home/charl/Moriarty-wt-moriarty-ll-loop-20260912-implement-authority-fee-binding/experiments/moriarty-language/tests/expression-cli.test.mjs:29:18)
  +     at failure (file:///home/charl/Moriarty-wt-moriarty-ll-loop-20260912-implement-authority-fee-binding/experiments/moriarty-language/tests/expression-cli.test.mjs:39:18)
  +     at TestContext.<anonymous> (file:///home/charl/Moriarty-wt-moriarty-ll-loop-20260912-implement-authority-fee-binding/experiments/moriarty-language/tests/expression-cli.test.mjs:84:3)
  +     at Test.runInAsyncScope (node:async_hooks:227:14)
  +     at Test.run (node:internal/test_runner/test:1325:25)
  +     at Test.processPendingSubtests (node:internal/test_runner/test:911:18)
  +     at Test.postRun (node:internal/test_runner/test:1465:19)
  +     at Test.run (node:internal/test_runner/test:1390:12) {
  +   code: 'EPERM',
  +   errno: -1,
  +   path: '/home/charl/.foreman/tools/fnm/node-versions/v24.18.1/installation/bin/node',
  +   spawnargs: [
  +     '/home/charl/Moriarty-wt-moriarty-ll-loop-20260912-implement-authority-fee-binding/experiments/moriarty-language/src/cli.ts',
  +     'format',
  +     '--profile',
  +     'moriarty-expression-source/1',
  +     '/tmp/moriarty-expression-cli-1evMiM/input 4'
  +   ],
  +   syscall: 'spawnSync /home/charl/.foreman/tools/fnm/node-versions/v24.18.1/installation/bin/node'
  + }
  - undefined
  
      at invoke (file:///home/charl/Moriarty-wt-moriarty-ll-loop-20260912-implement-authority-fee-binding/experiments/moriarty-language/tests/expression-cli.test.mjs:30:10)
      at failure (file:///home/charl/Moriarty-wt-moriarty-ll-loop-20260912-implement-authority-fee-binding/experiments/moriarty-language/tests/expression-cli.test.mjs:39:18)
      at TestContext.<anonymous> (file:///home/charl/Moriarty-wt-moriarty-ll-loop-20260912-implement-authority-fee-binding/experiments/moriarty-language/tests/expression-cli.test.mjs:84:3)
      at Test.runInAsyncScope (node:async_hooks:227:14)
      at Test.run (node:internal/test_runner/test:1325:25)
      at Test.processPendingSubtests (node:internal/test_runner/test:911:18)
      at Test.postRun (node:internal/test_runner/test:1465:19)
      at Test.run (node:internal/test_runner/test:1390:12)
      at async Test.processPendingSubtests (node:internal/test_runner/test:911:7) {
    generatedMessage: true,
    code: 'ERR_ASSERTION',
    actual: [Error],
    expected: undefined,
    operator: 'strictEqual',
    diff: 'simple'
  }

test at tests/expression-cli.test.mjs:88:1
✖ expression CLI format rejects output expansion beyond the bound without partial stdout (131.796097ms)
  AssertionError [ERR_ASSERTION]: Expected values to be strictly equal:
  + actual - expected
  
  + Error: spawnSync /home/charl/.foreman/tools/fnm/node-versions/v24.18.1/installation/bin/node EPERM
  +     at Object.spawnSync (node:internal/child_process:1143:20)
  +     at spawnSync (node:child_process:911:24)
  +     at invoke (file:///home/charl/Moriarty-wt-moriarty-ll-loop-20260912-implement-authority-fee-binding/experiments/moriarty-language/tests/expression-cli.test.mjs:29:18)
  +     at failure (file:///home/charl/Moriarty-wt-moriarty-ll-loop-20260912-implement-authority-fee-binding/experiments/moriarty-language/tests/expression-cli.test.mjs:39:18)
  +     at TestContext.<anonymous> (file:///home/charl/Moriarty-wt-moriarty-ll-loop-20260912-implement-authority-fee-binding/experiments/moriarty-language/tests/expression-cli.test.mjs:93:3)
  +     at Test.runInAsyncScope (node:async_hooks:227:14)
  +     at Test.run (node:internal/test_runner/test:1325:25)
  +     at Test.processPendingSubtests (node:internal/test_runner/test:911:18)
  +     at Test.postRun (node:internal/test_runner/test:1465:19)
  +     at Test.run (node:internal/test_runner/test:1390:12) {
  +   code: 'EPERM',
  +   errno: -1,
  +   path: '/home/charl/.foreman/tools/fnm/node-versions/v24.18.1/installation/bin/node',
  +   spawnargs: [
  +     '/home/charl/Moriarty-wt-moriarty-ll-loop-20260912-implement-authority-fee-binding/experiments/moriarty-language/src/cli.ts',
  +     'format',
  +     '--profile',
  +     'moriarty-expression-source/1',
  +     '/tmp/moriarty-expression-cli-1evMiM/input 5'
  +   ],
  +   syscall: 'spawnSync /home/charl/.foreman/tools/fnm/node-versions/v24.18.1/installation/bin/node'
  + }
  - undefined
  
      at invoke (file:///home/charl/Moriarty-wt-moriarty-ll-loop-20260912-implement-authority-fee-binding/experiments/moriarty-language/tests/expression-cli.test.mjs:30:10)
      at failure (file:///home/charl/Moriarty-wt-moriarty-ll-loop-20260912-implement-authority-fee-binding/experiments/moriarty-language/tests/expression-cli.test.mjs:39:18)
      at TestContext.<anonymous> (file:///home/charl/Moriarty-wt-moriarty-ll-loop-20260912-implement-authority-fee-binding/experiments/moriarty-language/tests/expression-cli.test.mjs:93:3)
      at Test.runInAsyncScope (node:async_hooks:227:14)
      at Test.run (node:internal/test_runner/test:1325:25)
      at Test.processPendingSubtests (node:internal/test_runner/test:911:18)
      at Test.postRun (node:internal/test_runner/test:1465:19)
      at Test.run (node:internal/test_runner/test:1390:12)
      at async Test.processPendingSubtests (node:internal/test_runner/test:911:7) {
    generatedMessage: true,
    code: 'ERR_ASSERTION',
    actual: [Error],
    expected: undefined,
    operator: 'strictEqual',
    diff: 'simple'
  }

test at tests/expression-cli.test.mjs:97:1
✖ expression CLI rejects malformed invocation before reading paths (116.644996ms)
  AssertionError [ERR_ASSERTION]: Expected values to be strictly equal:
  + actual - expected
  
  + Error: spawnSync /home/charl/.foreman/tools/fnm/node-versions/v24.18.1/installation/bin/node EPERM
  +     at Object.spawnSync (node:internal/child_process:1143:20)
  +     at spawnSync (node:child_process:911:24)
  +     at invoke (file:///home/charl/Moriarty-wt-moriarty-ll-loop-20260912-implement-authority-fee-binding/experiments/moriarty-language/tests/expression-cli.test.mjs:29:18)
  +     at failure (file:///home/charl/Moriarty-wt-moriarty-ll-loop-20260912-implement-authority-fee-binding/experiments/moriarty-language/tests/expression-cli.test.mjs:39:18)
  +     at cliFailure (file:///home/charl/Moriarty-wt-moriarty-ll-loop-20260912-implement-authority-fee-binding/experiments/moriarty-language/tests/expression-cli.test.mjs:44:53)
  +     at TestContext.<anonymous> (file:///home/charl/Moriarty-wt-moriarty-ll-loop-20260912-implement-authority-fee-binding/experiments/moriarty-language/tests/expression-cli.test.mjs:104:5)
  +     at Test.runInAsyncScope (node:async_hooks:227:14)
  +     at Test.run (node:internal/test_runner/test:1325:25)
  +     at Test.processPendingSubtests (node:internal/test_runner/test:911:18)
  +     at Test.postRun (node:internal/test_runner/test:1465:19) {
  +   code: 'EPERM',
  +   errno: -1,
  +   path: '/home/charl/.foreman/tools/fnm/node-versions/v24.18.1/installation/bin/node',
  +   spawnargs: [
  +     '/home/charl/Moriarty-wt-moriarty-ll-loop-20260912-implement-authority-fee-binding/experiments/moriarty-language/src/cli.ts'
  +   ],
  +   syscall: 'spawnSync /home/charl/.foreman/tools/fnm/node-versions/v24.18.1/installation/bin/node'
  + }
  - undefined
  
      at invoke (file:///home/charl/Moriarty-wt-moriarty-ll-loop-20260912-implement-authority-fee-binding/experiments/moriarty-language/tests/expression-cli.test.mjs:30:10)
      at failure (file:///home/charl/Moriarty-wt-moriarty-ll-loop-20260912-implement-authority-fee-binding/experiments/moriarty-language/tests/expression-cli.test.mjs:39:18)
      at cliFailure (file:///home/charl/Moriarty-wt-moriarty-ll-loop-20260912-implement-authority-fee-binding/experiments/moriarty-language/tests/expression-cli.test.mjs:44:53)
      at TestContext.<anonymous> (file:///home/charl/Moriarty-wt-moriarty-ll-loop-20260912-implement-authority-fee-binding/experiments/moriarty-language/tests/expression-cli.test.mjs:104:5)
      at Test.runInAsyncScope (node:async_hooks:227:14)
      at Test.run (node:internal/test_runner/test:1325:25)
      at Test.processPendingSubtests (node:internal/test_runner/test:911:18)
      at Test.postRun (node:internal/test_runner/test:1465:19)
      at Test.run (node:internal/test_runner/test:1390:12)
      at async Test.processPendingSubtests (node:internal/test_runner/test:911:7) {
    generatedMessage: true,
    code: 'ERR_ASSERTION',
    actual: [Error],
    expected: undefined,
    operator: 'strictEqual',
    diff: 'simple'
  }

test at tests/expression-cli.test.mjs:109:1
✖ expression CLI schema errors equal API after bounded transport (110.59898ms)
  AssertionError [ERR_ASSERTION]: Expected values to be strictly equal:
  + actual - expected
  
  + Error: spawnSync /home/charl/.foreman/tools/fnm/node-versions/v24.18.1/installation/bin/node EPERM
  +     at Object.spawnSync (node:internal/child_process:1143:20)
  +     at spawnSync (node:child_process:911:24)
  +     at invoke (file:///home/charl/Moriarty-wt-moriarty-ll-loop-20260912-implement-authority-fee-binding/experiments/moriarty-language/tests/expression-cli.test.mjs:29:18)
  +     at failure (file:///home/charl/Moriarty-wt-moriarty-ll-loop-20260912-implement-authority-fee-binding/experiments/moriarty-language/tests/expression-cli.test.mjs:39:18)
  +     at TestContext.<anonymous> (file:///home/charl/Moriarty-wt-moriarty-ll-loop-20260912-implement-authority-fee-binding/experiments/moriarty-language/tests/expression-cli.test.mjs:112:5)
  +     at Test.runInAsyncScope (node:async_hooks:227:14)
  +     at Test.run (node:internal/test_runner/test:1325:25)
  +     at Test.processPendingSubtests (node:internal/test_runner/test:911:18)
  +     at Test.postRun (node:internal/test_runner/test:1465:19)
  +     at Test.run (node:internal/test_runner/test:1390:12) {
  +   code: 'EPERM',
  +   errno: -1,
  +   path: '/home/charl/.foreman/tools/fnm/node-versions/v24.18.1/installation/bin/node',
  +   spawnargs: [
  +     '/home/charl/Moriarty-wt-moriarty-ll-loop-20260912-implement-authority-fee-binding/experiments/moriarty-language/src/cli.ts',
  +     'check',
  +     '--profile',
  +     'moriarty-expression-source/1',
  +     '--schema',
  +     '/tmp/moriarty-expression-cli-1evMiM/input 7',
  +     '/tmp/moriarty-expression-cli-1evMiM/input 6'
  +   ],
  +   syscall: 'spawnSync /home/charl/.foreman/tools/fnm/node-versions/v24.18.1/installation/bin/node'
  + }
  - undefined
  
      at invoke (file:///home/charl/Moriarty-wt-moriarty-ll-loop-20260912-implement-authority-fee-binding/experiments/moriarty-language/tests/expression-cli.test.mjs:30:10)
      at failure (file:///home/charl/Moriarty-wt-moriarty-ll-loop-20260912-implement-authority-fee-binding/experiments/moriarty-language/tests/expression-cli.test.mjs:39:18)
      at TestContext.<anonymous> (file:///home/charl/Moriarty-wt-moriarty-ll-loop-20260912-implement-authority-fee-binding/experiments/moriarty-language/tests/expression-cli.test.mjs:112:5)
      at Test.runInAsyncScope (node:async_hooks:227:14)
      at Test.run (node:internal/test_runner/test:1325:25)
      at Test.processPendingSubtests (node:internal/test_runner/test:911:18)
      at Test.postRun (node:internal/test_runner/test:1465:19)
      at Test.run (node:internal/test_runner/test:1390:12)
      at async Test.processPendingSubtests (node:internal/test_runner/test:911:7) {
    generatedMessage: true,
    code: 'ERR_ASSERTION',
    actual: [Error],
    expected: undefined,
    operator: 'strictEqual',
    diff: 'simple'
  }

test at tests/expression-cli.test.mjs:116:1
✖ expression CLI bounds distinguish 65536 from 65537 bytes for source/schema (116.224052ms)
  AssertionError [ERR_ASSERTION]: Expected values to be strictly equal:
  + actual - expected
  
  + Error: spawnSync /home/charl/.foreman/tools/fnm/node-versions/v24.18.1/installation/bin/node EPERM
  +     at Object.spawnSync (node:internal/child_process:1143:20)
  +     at spawnSync (node:child_process:911:24)
  +     at invoke (file:///home/charl/Moriarty-wt-moriarty-ll-loop-20260912-implement-authority-fee-binding/experiments/moriarty-language/tests/expression-cli.test.mjs:29:18)
  +     at TestContext.<anonymous> (file:///home/charl/Moriarty-wt-moriarty-ll-loop-20260912-implement-authority-fee-binding/experiments/moriarty-language/tests/expression-cli.test.mjs:119:16)
  +     at Test.runInAsyncScope (node:async_hooks:227:14)
  +     at Test.run (node:internal/test_runner/test:1325:25)
  +     at Test.processPendingSubtests (node:internal/test_runner/test:911:18)
  +     at Test.postRun (node:internal/test_runner/test:1465:19)
  +     at Test.run (node:internal/test_runner/test:1390:12)
  +     at async Test.processPendingSubtests (node:internal/test_runner/test:911:7) {
  +   code: 'EPERM',
  +   errno: -1,
  +   path: '/home/charl/.foreman/tools/fnm/node-versions/v24.18.1/installation/bin/node',
  +   spawnargs: [
  +     '/home/charl/Moriarty-wt-moriarty-ll-loop-20260912-implement-authority-fee-binding/experiments/moriarty-language/src/cli.ts',
  +     'check',
  +     '--profile',
  +     'moriarty-expression-source/1',
  +     '--schema',
  +     '/tmp/moriarty-expression-cli-1evMiM/input 0',
  +     '/tmp/moriarty-expression-cli-1evMiM/input 8'
  +   ],
  +   syscall: 'spawnSync /home/charl/.foreman/tools/fnm/node-versions/v24.18.1/installation/bin/node'
  + }
  - undefined
  
      at invoke (file:///home/charl/Moriarty-wt-moriarty-ll-loop-20260912-implement-authority-fee-binding/experiments/moriarty-language/tests/expression-cli.test.mjs:30:10)
      at TestContext.<anonymous> (file:///home/charl/Moriarty-wt-moriarty-ll-loop-20260912-implement-authority-fee-binding/experiments/moriarty-language/tests/expression-cli.test.mjs:119:16)
      at Test.runInAsyncScope (node:async_hooks:227:14)
      at Test.run (node:internal/test_runner/test:1325:25)
      at Test.processPendingSubtests (node:internal/test_runner/test:911:18)
      at Test.postRun (node:internal/test_runner/test:1465:19)
      at Test.run (node:internal/test_runner/test:1390:12)
      at async Test.processPendingSubtests (node:internal/test_runner/test:911:7) {
    generatedMessage: true,
    code: 'ERR_ASSERTION',
    actual: [Error],
    expected: undefined,
    operator: 'strictEqual',
    diff: 'simple'
  }

test at tests/expression-cli.test.mjs:129:1
✖ expression CLI rejects invalid UTF-8 before parser and retains BOM for parser (119.356575ms)
  AssertionError [ERR_ASSERTION]: Expected values to be strictly equal:
  + actual - expected
  
  + Error: spawnSync /home/charl/.foreman/tools/fnm/node-versions/v24.18.1/installation/bin/node EPERM
  +     at Object.spawnSync (node:internal/child_process:1143:20)
  +     at spawnSync (node:child_process:911:24)
  +     at invoke (file:///home/charl/Moriarty-wt-moriarty-ll-loop-20260912-implement-authority-fee-binding/experiments/moriarty-language/tests/expression-cli.test.mjs:29:18)
  +     at failure (file:///home/charl/Moriarty-wt-moriarty-ll-loop-20260912-implement-authority-fee-binding/experiments/moriarty-language/tests/expression-cli.test.mjs:39:18)
  +     at cliFailure (file:///home/charl/Moriarty-wt-moriarty-ll-loop-20260912-implement-authority-fee-binding/experiments/moriarty-language/tests/expression-cli.test.mjs:44:53)
  +     at TestContext.<anonymous> (file:///home/charl/Moriarty-wt-moriarty-ll-loop-20260912-implement-authority-fee-binding/experiments/moriarty-language/tests/expression-cli.test.mjs:131:5)
  +     at Test.runInAsyncScope (node:async_hooks:227:14)
  +     at Test.run (node:internal/test_runner/test:1325:25)
  +     at Test.processPendingSubtests (node:internal/test_runner/test:911:18)
  +     at Test.postRun (node:internal/test_runner/test:1465:19) {
  +   code: 'EPERM',
  +   errno: -1,
  +   path: '/home/charl/.foreman/tools/fnm/node-versions/v24.18.1/installation/bin/node',
  +   spawnargs: [
  +     '/home/charl/Moriarty-wt-moriarty-ll-loop-20260912-implement-authority-fee-binding/experiments/moriarty-language/src/cli.ts',
  +     'format',
  +     '--profile',
  +     'moriarty-expression-source/1',
  +     '/tmp/moriarty-expression-cli-1evMiM/input 9'
  +   ],
  +   syscall: 'spawnSync /home/charl/.foreman/tools/fnm/node-versions/v24.18.1/installation/bin/node'
  + }
  - undefined
  
      at invoke (file:///home/charl/Moriarty-wt-moriarty-ll-loop-20260912-implement-authority-fee-binding/experiments/moriarty-language/tests/expression-cli.test.mjs:30:10)
      at failure (file:///home/charl/Moriarty-wt-moriarty-ll-loop-20260912-implement-authority-fee-binding/experiments/moriarty-language/tests/expression-cli.test.mjs:39:18)
      at cliFailure (file:///home/charl/Moriarty-wt-moriarty-ll-loop-20260912-implement-authority-fee-binding/experiments/moriarty-language/tests/expression-cli.test.mjs:44:53)
      at TestContext.<anonymous> (file:///home/charl/Moriarty-wt-moriarty-ll-loop-20260912-implement-authority-fee-binding/experiments/moriarty-language/tests/expression-cli.test.mjs:131:5)
      at Test.runInAsyncScope (node:async_hooks:227:14)
      at Test.run (node:internal/test_runner/test:1325:25)
      at Test.processPendingSubtests (node:internal/test_runner/test:911:18)
      at Test.postRun (node:internal/test_runner/test:1465:19)
      at Test.run (node:internal/test_runner/test:1390:12)
      at async Test.processPendingSubtests (node:internal/test_runner/test:911:7) {
    generatedMessage: true,
    code: 'ERR_ASSERTION',
    actual: [Error],
    expected: undefined,
    operator: 'strictEqual',
    diff: 'simple'
  }

test at tests/expression-cli.test.mjs:138:1
✖ expression CLI opens only bounded regular files and allows regular symlink targets (114.481741ms)
  AssertionError [ERR_ASSERTION]: Expected values to be strictly equal:
  + actual - expected
  
  + Error: spawnSync /home/charl/.foreman/tools/fnm/node-versions/v24.18.1/installation/bin/node EPERM
  +     at Object.spawnSync (node:internal/child_process:1143:20)
  +     at spawnSync (node:child_process:911:24)
  +     at invoke (file:///home/charl/Moriarty-wt-moriarty-ll-loop-20260912-implement-authority-fee-binding/experiments/moriarty-language/tests/expression-cli.test.mjs:29:18)
  +     at failure (file:///home/charl/Moriarty-wt-moriarty-ll-loop-20260912-implement-authority-fee-binding/experiments/moriarty-language/tests/expression-cli.test.mjs:39:18)
  +     at cliFailure (file:///home/charl/Moriarty-wt-moriarty-ll-loop-20260912-implement-authority-fee-binding/experiments/moriarty-language/tests/expression-cli.test.mjs:44:53)
  +     at TestContext.<anonymous> (file:///home/charl/Moriarty-wt-moriarty-ll-loop-20260912-implement-authority-fee-binding/experiments/moriarty-language/tests/expression-cli.test.mjs:139:3)
  +     at Test.runInAsyncScope (node:async_hooks:227:14)
  +     at Test.run (node:internal/test_runner/test:1325:25)
  +     at Test.processPendingSubtests (node:internal/test_runner/test:911:18)
  +     at Test.postRun (node:internal/test_runner/test:1465:19) {
  +   code: 'EPERM',
  +   errno: -1,
  +   path: '/home/charl/.foreman/tools/fnm/node-versions/v24.18.1/installation/bin/node',
  +   spawnargs: [
  +     '/home/charl/Moriarty-wt-moriarty-ll-loop-20260912-implement-authority-fee-binding/experiments/moriarty-language/src/cli.ts',
  +     'format',
  +     '--profile',
  +     'moriarty-expression-source/1',
  +     '/tmp/moriarty-expression-cli-1evMiM/missing'
  +   ],
  +   syscall: 'spawnSync /home/charl/.foreman/tools/fnm/node-versions/v24.18.1/installation/bin/node'
  + }
  - undefined
  
      at invoke (file:///home/charl/Moriarty-wt-moriarty-ll-loop-20260912-implement-authority-fee-binding/experiments/moriarty-language/tests/expression-cli.test.mjs:30:10)
      at failure (file:///home/charl/Moriarty-wt-moriarty-ll-loop-20260912-implement-authority-fee-binding/experiments/moriarty-language/tests/expression-cli.test.mjs:39:18)
      at cliFailure (file:///home/charl/Moriarty-wt-moriarty-ll-loop-20260912-implement-authority-fee-binding/experiments/moriarty-language/tests/expression-cli.test.mjs:44:53)
      at TestContext.<anonymous> (file:///home/charl/Moriarty-wt-moriarty-ll-loop-20260912-implement-authority-fee-binding/experiments/moriarty-language/tests/expression-cli.test.mjs:139:3)
      at Test.runInAsyncScope (node:async_hooks:227:14)
      at Test.run (node:internal/test_runner/test:1325:25)
      at Test.processPendingSubtests (node:internal/test_runner/test:911:18)
      at Test.postRun (node:internal/test_runner/test:1465:19)
      at Test.run (node:internal/test_runner/test:1390:12)
      at async Test.processPendingSubtests (node:internal/test_runner/test:911:7) {
    generatedMessage: true,
    code: 'ERR_ASSERTION',
    actual: [Error],
    expected: undefined,
    operator: 'strictEqual',
    diff: 'simple'
  }

test at tests/expression-cli.test.mjs:162:1
✖ financial CLI explicit routing equals financial APIs and never infers the profile (115.726315ms)
  AssertionError [ERR_ASSERTION]: Expected values to be strictly equal:
  + actual - expected
  
  + Error: spawnSync /home/charl/.foreman/tools/fnm/node-versions/v24.18.1/installation/bin/node EPERM
  +     at Object.spawnSync (node:internal/child_process:1143:20)
  +     at spawnSync (node:child_process:911:24)
  +     at invoke (file:///home/charl/Moriarty-wt-moriarty-ll-loop-20260912-implement-authority-fee-binding/experiments/moriarty-language/tests/expression-cli.test.mjs:29:18)
  +     at TestContext.<anonymous> (file:///home/charl/Moriarty-wt-moriarty-ll-loop-20260912-implement-authority-fee-binding/experiments/moriarty-language/tests/expression-cli.test.mjs:169:24)
  +     at Test.runInAsyncScope (node:async_hooks:227:14)
  +     at Test.run (node:internal/test_runner/test:1325:25)
  +     at Test.processPendingSubtests (node:internal/test_runner/test:911:18)
  +     at Test.postRun (node:internal/test_runner/test:1465:19)
  +     at Test.run (node:internal/test_runner/test:1390:12)
  +     at async Test.processPendingSubtests (node:internal/test_runner/test:911:7) {
  +   code: 'EPERM',
  +   errno: -1,
  +   path: '/home/charl/.foreman/tools/fnm/node-versions/v24.18.1/installation/bin/node',
  +   spawnargs: [
  +     '/home/charl/Moriarty-wt-moriarty-ll-loop-20260912-implement-authority-fee-binding/experiments/moriarty-language/src/cli.ts',
  +     'check',
  +     '--profile',
  +     'moriarty-financial-expression-source/1',
  +     '--schema',
  +     '/tmp/moriarty-expression-cli-1evMiM/input 11',
  +     '/tmp/moriarty-expression-cli-1evMiM/input 12'
  +   ],
  +   syscall: 'spawnSync /home/charl/.foreman/tools/fnm/node-versions/v24.18.1/installation/bin/node'
  + }
  - undefined
  
      at invoke (file:///home/charl/Moriarty-wt-moriarty-ll-loop-20260912-implement-authority-fee-binding/experiments/moriarty-language/tests/expression-cli.test.mjs:30:10)
      at TestContext.<anonymous> (file:///home/charl/Moriarty-wt-moriarty-ll-loop-20260912-implement-authority-fee-binding/experiments/moriarty-language/tests/expression-cli.test.mjs:169:24)
      at Test.runInAsyncScope (node:async_hooks:227:14)
      at Test.run (node:internal/test_runner/test:1325:25)
      at Test.processPendingSubtests (node:internal/test_runner/test:911:18)
      at Test.postRun (node:internal/test_runner/test:1465:19)
      at Test.run (node:internal/test_runner/test:1390:12)
      at async Test.processPendingSubtests (node:internal/test_runner/test:911:7) {
    generatedMessage: true,
    code: 'ERR_ASSERTION',
    actual: [Error],
    expected: undefined,
    operator: 'strictEqual',
    diff: 'simple'
  }

test at tests/expression-cli.test.mjs:178:1
✖ financial CLI preserves checking and formatting meaning for the published vault quote fixture (118.023206ms)
  AssertionError [ERR_ASSERTION]: Expected values to be strictly equal:
  + actual - expected
  
  + Error: spawnSync /home/charl/.foreman/tools/fnm/node-versions/v24.18.1/installation/bin/node EPERM
  +     at Object.spawnSync (node:internal/child_process:1143:20)
  +     at spawnSync (node:child_process:911:24)
  +     at invoke (file:///home/charl/Moriarty-wt-moriarty-ll-loop-20260912-implement-authority-fee-binding/experiments/moriarty-language/tests/expression-cli.test.mjs:29:18)
  +     at TestContext.<anonymous> (file:///home/charl/Moriarty-wt-moriarty-ll-loop-20260912-implement-authority-fee-binding/experiments/moriarty-language/tests/expression-cli.test.mjs:186:19)
  +     at Test.runInAsyncScope (node:async_hooks:227:14)
  +     at Test.run (node:internal/test_runner/test:1325:25)
  +     at Test.processPendingSubtests (node:internal/test_runner/test:911:18)
  +     at Test.postRun (node:internal/test_runner/test:1465:19)
  +     at Test.run (node:internal/test_runner/test:1390:12)
  +     at async Test.processPendingSubtests (node:internal/test_runner/test:911:7) {
  +   code: 'EPERM',
  +   errno: -1,
  +   path: '/home/charl/.foreman/tools/fnm/node-versions/v24.18.1/installation/bin/node',
  +   spawnargs: [
  +     '/home/charl/Moriarty-wt-moriarty-ll-loop-20260912-implement-authority-fee-binding/experiments/moriarty-language/src/cli.ts',
  +     'check',
  +     '--profile',
  +     'moriarty-financial-expression-source/1',
  +     '--schema',
  +     '/home/charl/Moriarty-wt-moriarty-ll-loop-20260912-implement-authority-fee-binding/experiments/moriarty-language/spec/successor/examples/financial-vault-quote.schema.json',
  +     '/home/charl/Moriarty-wt-moriarty-ll-loop-20260912-implement-authority-fee-binding/experiments/moriarty-language/spec/successor/examples/financial-vault-quote.mori'
  +   ],
  +   syscall: 'spawnSync /home/charl/.foreman/tools/fnm/node-versions/v24.18.1/installation/bin/node'
  + }
  - undefined
  
      at invoke (file:///home/charl/Moriarty-wt-moriarty-ll-loop-20260912-implement-authority-fee-binding/experiments/moriarty-language/tests/expression-cli.test.mjs:30:10)
      at TestContext.<anonymous> (file:///home/charl/Moriarty-wt-moriarty-ll-loop-20260912-implement-authority-fee-binding/experiments/moriarty-language/tests/expression-cli.test.mjs:186:19)
      at Test.runInAsyncScope (node:async_hooks:227:14)
      at Test.run (node:internal/test_runner/test:1325:25)
      at Test.processPendingSubtests (node:internal/test_runner/test:911:18)
      at Test.postRun (node:internal/test_runner/test:1465:19)
      at Test.run (node:internal/test_runner/test:1390:12)
      at async Test.processPendingSubtests (node:internal/test_runner/test:911:7) {
    generatedMessage: true,
    code: 'ERR_ASSERTION',
    actual: [Error],
    expected: undefined,
    operator: 'strictEqual',
    diff: 'simple'
  }

test at tests/expression-cli.test.mjs:202:1
✖ simulation CLI returns independently derived local financial and original expression results (117.114165ms)
  AssertionError [ERR_ASSERTION]: Expected values to be strictly equal:
  + actual - expected
  
  + Error: spawnSync /home/charl/.foreman/tools/fnm/node-versions/v24.18.1/installation/bin/node EPERM
  +     at Object.spawnSync (node:internal/child_process:1143:20)
  +     at spawnSync (node:child_process:911:24)
  +     at invoke (file:///home/charl/Moriarty-wt-moriarty-ll-loop-20260912-implement-authority-fee-binding/experiments/moriarty-language/tests/expression-cli.test.mjs:29:18)
  +     at TestContext.<anonymous> (file:///home/charl/Moriarty-wt-moriarty-ll-loop-20260912-implement-authority-fee-binding/experiments/moriarty-language/tests/expression-cli.test.mjs:207:27)
  +     at Test.runInAsyncScope (node:async_hooks:227:14)
  +     at Test.run (node:internal/test_runner/test:1325:25)
  +     at Test.processPendingSubtests (node:internal/test_runner/test:911:18)
  +     at Test.postRun (node:internal/test_runner/test:1465:19)
  +     at Test.run (node:internal/test_runner/test:1390:12)
  +     at async Test.processPendingSubtests (node:internal/test_runner/test:911:7) {
  +   code: 'EPERM',
  +   errno: -1,
  +   path: '/home/charl/.foreman/tools/fnm/node-versions/v24.18.1/installation/bin/node',
  +   spawnargs: [
  +     '/home/charl/Moriarty-wt-moriarty-ll-loop-20260912-implement-authority-fee-binding/experiments/moriarty-language/src/cli.ts',
  +     'simulate',
  +     '--profile',
  +     'moriarty-financial-expression-source/1',
  +     '--schema',
  +     '/home/charl/Moriarty-wt-moriarty-ll-loop-20260912-implement-authority-fee-binding/experiments/moriarty-language/spec/successor/examples/financial-vault-quote.schema.json',
  +     '--snapshots',
  +     '/home/charl/Moriarty-wt-moriarty-ll-loop-20260912-implement-authority-fee-binding/experiments/moriarty-language/spec/successor/examples/financial-vault-quote.snapshots.json',
  +     '/home/charl/Moriarty-wt-moriarty-ll-loop-20260912-implement-authority-fee-binding/experiments/moriarty-language/spec/successor/examples/financial-vault-quote.mori'
  +   ],
  +   syscall: 'spawnSync /home/charl/.foreman/tools/fnm/node-versions/v24.18.1/installation/bin/node'
  + }
  - undefined
  
      at invoke (file:///home/charl/Moriarty-wt-moriarty-ll-loop-20260912-implement-authority-fee-binding/experiments/moriarty-language/tests/expression-cli.test.mjs:30:10)
      at TestContext.<anonymous> (file:///home/charl/Moriarty-wt-moriarty-ll-loop-20260912-implement-authority-fee-binding/experiments/moriarty-language/tests/expression-cli.test.mjs:207:27)
      at Test.runInAsyncScope (node:async_hooks:227:14)
      at Test.run (node:internal/test_runner/test:1325:25)
      at Test.processPendingSubtests (node:internal/test_runner/test:911:18)
      at Test.postRun (node:internal/test_runner/test:1465:19)
      at Test.run (node:internal/test_runner/test:1390:12)
      at async Test.processPendingSubtests (node:internal/test_runner/test:911:7) {
    generatedMessage: true,
    code: 'ERR_ASSERTION',
    actual: [Error],
    expected: undefined,
    operator: 'strictEqual',
    diff: 'simple'
  }

test at tests/expression-cli.test.mjs:230:1
✖ simulation CLI preserves source API rejection records and never prints snapshot state (129.360196ms)
  AssertionError [ERR_ASSERTION]: Expected values to be strictly equal:
  + actual - expected
  
  + Error: spawnSync /home/charl/.foreman/tools/fnm/node-versions/v24.18.1/installation/bin/node EPERM
  +     at Object.spawnSync (node:internal/child_process:1143:20)
  +     at spawnSync (node:child_process:911:24)
  +     at invoke (file:///home/charl/Moriarty-wt-moriarty-ll-loop-20260912-implement-authority-fee-binding/experiments/moriarty-language/tests/expression-cli.test.mjs:29:18)
  +     at failure (file:///home/charl/Moriarty-wt-moriarty-ll-loop-20260912-implement-authority-fee-binding/experiments/moriarty-language/tests/expression-cli.test.mjs:39:18)
  +     at TestContext.<anonymous> (file:///home/charl/Moriarty-wt-moriarty-ll-loop-20260912-implement-authority-fee-binding/experiments/moriarty-language/tests/expression-cli.test.mjs:249:3)
  +     at Test.runInAsyncScope (node:async_hooks:227:14)
  +     at Test.run (node:internal/test_runner/test:1325:25)
  +     at Test.processPendingSubtests (node:internal/test_runner/test:911:18)
  +     at Test.postRun (node:internal/test_runner/test:1465:19)
  +     at Test.run (node:internal/test_runner/test:1390:12) {
  +   code: 'EPERM',
  +   errno: -1,
  +   path: '/home/charl/.foreman/tools/fnm/node-versions/v24.18.1/installation/bin/node',
  +   spawnargs: [
  +     '/home/charl/Moriarty-wt-moriarty-ll-loop-20260912-implement-authority-fee-binding/experiments/moriarty-language/src/cli.ts',
  +     'simulate',
  +     '--profile',
  +     'moriarty-financial-expression-source/1',
  +     '--schema',
  +     '/home/charl/Moriarty-wt-moriarty-ll-loop-20260912-implement-authority-fee-binding/experiments/moriarty-language/spec/successor/examples/financial-vault-quote.schema.json',
  +     '--snapshots',
  +     '/tmp/moriarty-expression-cli-1evMiM/input 14',
  +     '/tmp/moriarty-expression-cli-1evMiM/input 13'
  +   ],
  +   syscall: 'spawnSync /home/charl/.foreman/tools/fnm/node-versions/v24.18.1/installation/bin/node'
  + }
  - undefined
  
      at invoke (file:///home/charl/Moriarty-wt-moriarty-ll-loop-20260912-implement-authority-fee-binding/experiments/moriarty-language/tests/expression-cli.test.mjs:30:10)
      at failure (file:///home/charl/Moriarty-wt-moriarty-ll-loop-20260912-implement-authority-fee-binding/experiments/moriarty-language/tests/expression-cli.test.mjs:39:18)
      at TestContext.<anonymous> (file:///home/charl/Moriarty-wt-moriarty-ll-loop-20260912-implement-authority-fee-binding/experiments/moriarty-language/tests/expression-cli.test.mjs:249:3)
      at Test.runInAsyncScope (node:async_hooks:227:14)
      at Test.run (node:internal/test_runner/test:1325:25)
      at Test.processPendingSubtests (node:internal/test_runner/test:911:18)
      at Test.postRun (node:internal/test_runner/test:1465:19)
      at Test.run (node:internal/test_runner/test:1390:12)
      at async Test.processPendingSubtests (node:internal/test_runner/test:911:7) {
    generatedMessage: true,
    code: 'ERR_ASSERTION',
    actual: [Error],
    expected: undefined,
    operator: 'strictEqual',
    diff: 'simple'
  }

test at tests/expression-cli.test.mjs:265:1
✖ simulation CLI retains snapshot transport limits and canonical handling (114.971453ms)
  AssertionError [ERR_ASSERTION]: Expected values to be strictly equal:
  + actual - expected
  
  + Error: spawnSync /home/charl/.foreman/tools/fnm/node-versions/v24.18.1/installation/bin/node EPERM
  +     at Object.spawnSync (node:internal/child_process:1143:20)
  +     at spawnSync (node:child_process:911:24)
  +     at invoke (file:///home/charl/Moriarty-wt-moriarty-ll-loop-20260912-implement-authority-fee-binding/experiments/moriarty-language/tests/expression-cli.test.mjs:29:18)
  +     at failure (file:///home/charl/Moriarty-wt-moriarty-ll-loop-20260912-implement-authority-fee-binding/experiments/moriarty-language/tests/expression-cli.test.mjs:39:18)
  +     at TestContext.<anonymous> (file:///home/charl/Moriarty-wt-moriarty-ll-loop-20260912-implement-authority-fee-binding/experiments/moriarty-language/tests/expression-cli.test.mjs:274:5)
  +     at Test.runInAsyncScope (node:async_hooks:227:14)
  +     at Test.run (node:internal/test_runner/test:1325:25)
  +     at Test.processPendingSubtests (node:internal/test_runner/test:911:18)
  +     at Test.postRun (node:internal/test_runner/test:1465:19)
  +     at Test.run (node:internal/test_runner/test:1390:12) {
  +   code: 'EPERM',
  +   errno: -1,
  +   path: '/home/charl/.foreman/tools/fnm/node-versions/v24.18.1/installation/bin/node',
  +   spawnargs: [
  +     '/home/charl/Moriarty-wt-moriarty-ll-loop-20260912-implement-authority-fee-binding/experiments/moriarty-language/src/cli.ts',
  +     'simulate',
  +     '--profile',
  +     'moriarty-expression-source/1',
  +     '--schema',
  +     '/home/charl/Moriarty-wt-moriarty-ll-loop-20260912-implement-authority-fee-binding/experiments/moriarty-language/spec/successor/examples/expression-counter.schema.json',
  +     '--snapshots',
  +     '/tmp/moriarty-expression-cli-1evMiM/input 15',
  +     '/home/charl/Moriarty-wt-moriarty-ll-loop-20260912-implement-authority-fee-binding/experiments/moriarty-language/spec/successor/examples/expression-counter.mori'
  +   ],
  +   syscall: 'spawnSync /home/charl/.foreman/tools/fnm/node-versions/v24.18.1/installation/bin/node'
  + }
  - undefined
  
      at invoke (file:///home/charl/Moriarty-wt-moriarty-ll-loop-20260912-implement-authority-fee-binding/experiments/moriarty-language/tests/expression-cli.test.mjs:30:10)
      at failure (file:///home/charl/Moriarty-wt-moriarty-ll-loop-20260912-implement-authority-fee-binding/experiments/moriarty-language/tests/expression-cli.test.mjs:39:18)
      at TestContext.<anonymous> (file:///home/charl/Moriarty-wt-moriarty-ll-loop-20260912-implement-authority-fee-binding/experiments/moriarty-language/tests/expression-cli.test.mjs:274:5)
      at Test.runInAsyncScope (node:async_hooks:227:14)
      at Test.run (node:internal/test_runner/test:1325:25)
      at Test.processPendingSubtests (node:internal/test_runner/test:911:18)
      at Test.postRun (node:internal/test_runner/test:1465:19)
      at Test.run (node:internal/test_runner/test:1390:12)
      at async Test.processPendingSubtests (node:internal/test_runner/test:911:7) {
    generatedMessage: true,
    code: 'ERR_ASSERTION',
    actual: [Error],
    expected: undefined,
    operator: 'strictEqual',
    diff: 'simple'
  }

test at tests/financial-agreement-cli-v2.test.mjs:54:1
✖ agreement /2 check and format use no schema or action and match the API (128.690384ms)
  AssertionError [ERR_ASSERTION]: Expected values to be strictly equal:
  + actual - expected
  
  + Error: spawnSync /home/charl/.foreman/tools/fnm/node-versions/v24.18.1/installation/bin/node EPERM
  +     at Object.spawnSync (node:internal/child_process:1143:20)
  +     at spawnSync (node:child_process:911:24)
  +     at invoke (file:///home/charl/Moriarty-wt-moriarty-ll-loop-20260912-implement-authority-fee-binding/experiments/moriarty-language/tests/financial-agreement-cli-v2.test.mjs:26:18)
  +     at TestContext.<anonymous> (file:///home/charl/Moriarty-wt-moriarty-ll-loop-20260912-implement-authority-fee-binding/experiments/moriarty-language/tests/financial-agreement-cli-v2.test.mjs:57:19)
  +     at Test.runInAsyncScope (node:async_hooks:227:14)
  +     at Test.run (node:internal/test_runner/test:1325:25)
  +     at Test.processPendingSubtests (node:internal/test_runner/test:911:18)
  +     at Test.postRun (node:internal/test_runner/test:1465:19)
  +     at Test.run (node:internal/test_runner/test:1390:12)
  +     at async Test.processPendingSubtests (node:internal/test_runner/test:911:7) {
  +   code: 'EPERM',
  +   errno: -1,
  +   path: '/home/charl/.foreman/tools/fnm/node-versions/v24.18.1/installation/bin/node',
  +   spawnargs: [
  +     '/home/charl/Moriarty-wt-moriarty-ll-loop-20260912-implement-authority-fee-binding/experiments/moriarty-language/src/cli.ts',
  +     'check',
  +     '--profile',
  +     'moriarty-financial-agreement-source/2',
  +     '/home/charl/Moriarty-wt-moriarty-ll-loop-20260912-implement-authority-fee-binding/experiments/moriarty-language/spec/successor/examples/multiple-action-payment.mori'
  +   ],
  +   syscall: 'spawnSync /home/charl/.foreman/tools/fnm/node-versions/v24.18.1/installation/bin/node'
  + }
  - undefined
  
      at invoke (file:///home/charl/Moriarty-wt-moriarty-ll-loop-20260912-implement-authority-fee-binding/experiments/moriarty-language/tests/financial-agreement-cli-v2.test.mjs:27:10)
      at TestContext.<anonymous> (file:///home/charl/Moriarty-wt-moriarty-ll-loop-20260912-implement-authority-fee-binding/experiments/moriarty-language/tests/financial-agreement-cli-v2.test.mjs:57:19)
      at Test.runInAsyncScope (node:async_hooks:227:14)
      at Test.run (node:internal/test_runner/test:1325:25)
      at Test.processPendingSubtests (node:internal/test_runner/test:911:18)
      at Test.postRun (node:internal/test_runner/test:1465:19)
      at Test.run (node:internal/test_runner/test:1390:12)
      at async Test.processPendingSubtests (node:internal/test_runner/test:911:7) {
    generatedMessage: true,
    code: 'ERR_ASSERTION',
    actual: [Error],
    expected: undefined,
    operator: 'strictEqual',
    diff: 'simple'
  }

test at tests/financial-agreement-cli-v2.test.mjs:68:1
✖ agreement /2 simulate requires --action and equals the API including the action field (132.641744ms)
  AssertionError [ERR_ASSERTION]: Expected values to be strictly equal:
  + actual - expected
  
  + Error: spawnSync /home/charl/.foreman/tools/fnm/node-versions/v24.18.1/installation/bin/node EPERM
  +     at Object.spawnSync (node:internal/child_process:1143:20)
  +     at spawnSync (node:child_process:911:24)
  +     at invoke (file:///home/charl/Moriarty-wt-moriarty-ll-loop-20260912-implement-authority-fee-binding/experiments/moriarty-language/tests/financial-agreement-cli-v2.test.mjs:26:18)
  +     at TestContext.<anonymous> (file:///home/charl/Moriarty-wt-moriarty-ll-loop-20260912-implement-authority-fee-binding/experiments/moriarty-language/tests/financial-agreement-cli-v2.test.mjs:78:18)
  +     at Test.runInAsyncScope (node:async_hooks:227:14)
  +     at Test.run (node:internal/test_runner/test:1325:25)
  +     at Test.processPendingSubtests (node:internal/test_runner/test:911:18)
  +     at Test.postRun (node:internal/test_runner/test:1465:19)
  +     at Test.run (node:internal/test_runner/test:1390:12)
  +     at async Test.processPendingSubtests (node:internal/test_runner/test:911:7) {
  +   code: 'EPERM',
  +   errno: -1,
  +   path: '/home/charl/.foreman/tools/fnm/node-versions/v24.18.1/installation/bin/node',
  +   spawnargs: [
  +     '/home/charl/Moriarty-wt-moriarty-ll-loop-20260912-implement-authority-fee-binding/experiments/moriarty-language/src/cli.ts',
  +     'simulate',
  +     '--profile',
  +     'moriarty-financial-agreement-source/2',
  +     '--action',
  +     'repay',
  +     '--snapshots',
  +     '/home/charl/Moriarty-wt-moriarty-ll-loop-20260912-implement-authority-fee-binding/experiments/moriarty-language/spec/successor/examples/multiple-action-payment.snapshots.json',
  +     '--repayment-state',
  +     '/home/charl/Moriarty-wt-moriarty-ll-loop-20260912-implement-authority-fee-binding/experiments/moriarty-language/spec/successor/examples/expression-funded-payment.state.json',
  +     '/home/charl/Moriarty-wt-moriarty-ll-loop-20260912-implement-authority-fee-binding/experiments/moriarty-language/spec/successor/examples/multiple-action-payment.mori'
  +   ],
  +   syscall: 'spawnSync /home/charl/.foreman/tools/fnm/node-versions/v24.18.1/installation/bin/node'
  + }
  - undefined
  
      at invoke (file:///home/charl/Moriarty-wt-moriarty-ll-loop-20260912-implement-authority-fee-binding/experiments/moriarty-language/tests/financial-agreement-cli-v2.test.mjs:27:10)
      at TestContext.<anonymous> (file:///home/charl/Moriarty-wt-moriarty-ll-loop-20260912-implement-authority-fee-binding/experiments/moriarty-language/tests/financial-agreement-cli-v2.test.mjs:78:18)
      at Test.runInAsyncScope (node:async_hooks:227:14)
      at Test.run (node:internal/test_runner/test:1325:25)
      at Test.processPendingSubtests (node:internal/test_runner/test:911:18)
      at Test.postRun (node:internal/test_runner/test:1465:19)
      at Test.run (node:internal/test_runner/test:1390:12)
      at async Test.processPendingSubtests (node:internal/test_runner/test:911:7) {
    generatedMessage: true,
    code: 'ERR_ASSERTION',
    actual: [Error],
    expected: undefined,
    operator: 'strictEqual',
    diff: 'simple'
  }

test at tests/financial-agreement-cli-v2.test.mjs:92:1
✖ agreement /2 continuation simulate uses first post, financialPost and remaining work (134.059189ms)
  AssertionError [ERR_ASSERTION]: Expected values to be strictly equal:
  + actual - expected
  
  + Error: spawnSync /home/charl/.foreman/tools/fnm/node-versions/v24.18.1/installation/bin/node EPERM
  +     at Object.spawnSync (node:internal/child_process:1143:20)
  +     at spawnSync (node:child_process:911:24)
  +     at invoke (file:///home/charl/Moriarty-wt-moriarty-ll-loop-20260912-implement-authority-fee-binding/experiments/moriarty-language/tests/financial-agreement-cli-v2.test.mjs:26:18)
  +     at TestContext.<anonymous> (file:///home/charl/Moriarty-wt-moriarty-ll-loop-20260912-implement-authority-fee-binding/experiments/moriarty-language/tests/financial-agreement-cli-v2.test.mjs:96:17)
  +     at Test.runInAsyncScope (node:async_hooks:227:14)
  +     at Test.run (node:internal/test_runner/test:1325:25)
  +     at Test.processPendingSubtests (node:internal/test_runner/test:911:18)
  +     at Test.postRun (node:internal/test_runner/test:1465:19)
  +     at Test.run (node:internal/test_runner/test:1390:12)
  +     at async Test.processPendingSubtests (node:internal/test_runner/test:911:7) {
  +   code: 'EPERM',
  +   errno: -1,
  +   path: '/home/charl/.foreman/tools/fnm/node-versions/v24.18.1/installation/bin/node',
  +   spawnargs: [
  +     '/home/charl/Moriarty-wt-moriarty-ll-loop-20260912-implement-authority-fee-binding/experiments/moriarty-language/src/cli.ts',
  +     'simulate',
  +     '--profile',
  +     'moriarty-financial-agreement-source/2',
  +     '--action',
  +     'repay',
  +     '--snapshots',
  +     '/home/charl/Moriarty-wt-moriarty-ll-loop-20260912-implement-authority-fee-binding/experiments/moriarty-language/spec/successor/examples/multiple-action-payment.snapshots.json',
  +     '--repayment-state',
  +     '/home/charl/Moriarty-wt-moriarty-ll-loop-20260912-implement-authority-fee-binding/experiments/moriarty-language/spec/successor/examples/expression-funded-payment.state.json',
  +     '/home/charl/Moriarty-wt-moriarty-ll-loop-20260912-implement-authority-fee-binding/experiments/moriarty-language/spec/successor/examples/multiple-action-payment.mori'
  +   ],
  +   syscall: 'spawnSync /home/charl/.foreman/tools/fnm/node-versions/v24.18.1/installation/bin/node'
  + }
  - undefined
  
      at invoke (file:///home/charl/Moriarty-wt-moriarty-ll-loop-20260912-implement-authority-fee-binding/experiments/moriarty-language/tests/financial-agreement-cli-v2.test.mjs:27:10)
      at TestContext.<anonymous> (file:///home/charl/Moriarty-wt-moriarty-ll-loop-20260912-implement-authority-fee-binding/experiments/moriarty-language/tests/financial-agreement-cli-v2.test.mjs:96:17)
      at Test.runInAsyncScope (node:async_hooks:227:14)
      at Test.run (node:internal/test_runner/test:1325:25)
      at Test.processPendingSubtests (node:internal/test_runner/test:911:18)
      at Test.postRun (node:internal/test_runner/test:1465:19)
      at Test.run (node:internal/test_runner/test:1390:12)
      at async Test.processPendingSubtests (node:internal/test_runner/test:911:7) {
    generatedMessage: true,
    code: 'ERR_ASSERTION',
    actual: [Error],
    expected: undefined,
    operator: 'strictEqual',
    diff: 'simple'
  }

test at tests/financial-agreement-cli-v2.test.mjs:116:1
✖ agreement /2 CLI writes semantic rejection to stderr with empty stdout (133.944087ms)
  AssertionError [ERR_ASSERTION]: Expected values to be strictly equal:
  + actual - expected
  
  + Error: spawnSync /home/charl/.foreman/tools/fnm/node-versions/v24.18.1/installation/bin/node EPERM
  +     at Object.spawnSync (node:internal/child_process:1143:20)
  +     at spawnSync (node:child_process:911:24)
  +     at invoke (file:///home/charl/Moriarty-wt-moriarty-ll-loop-20260912-implement-authority-fee-binding/experiments/moriarty-language/tests/financial-agreement-cli-v2.test.mjs:26:18)
  +     at failure (file:///home/charl/Moriarty-wt-moriarty-ll-loop-20260912-implement-authority-fee-binding/experiments/moriarty-language/tests/financial-agreement-cli-v2.test.mjs:47:18)
  +     at TestContext.<anonymous> (file:///home/charl/Moriarty-wt-moriarty-ll-loop-20260912-implement-authority-fee-binding/experiments/moriarty-language/tests/financial-agreement-cli-v2.test.mjs:129:3)
  +     at Test.runInAsyncScope (node:async_hooks:227:14)
  +     at Test.run (node:internal/test_runner/test:1325:25)
  +     at Test.processPendingSubtests (node:internal/test_runner/test:911:18)
  +     at Test.postRun (node:internal/test_runner/test:1465:19)
  +     at Test.run (node:internal/test_runner/test:1390:12) {
  +   code: 'EPERM',
  +   errno: -1,
  +   path: '/home/charl/.foreman/tools/fnm/node-versions/v24.18.1/installation/bin/node',
  +   spawnargs: [
  +     '/home/charl/Moriarty-wt-moriarty-ll-loop-20260912-implement-authority-fee-binding/experiments/moriarty-language/src/cli.ts',
  +     'simulate',
  +     '--profile',
  +     'moriarty-financial-agreement-source/2',
  +     '--action',
  +     'repay',
  +     '--snapshots',
  +     '/home/charl/Moriarty-wt-moriarty-ll-loop-20260912-implement-authority-fee-binding/experiments/moriarty-language/spec/successor/examples/multiple-action-payment.snapshots.json',
  +     '--repayment-state',
  +     '/home/charl/Moriarty-wt-moriarty-ll-loop-20260912-implement-authority-fee-binding/experiments/moriarty-language/spec/successor/examples/expression-funded-payment.state.json',
  +     '/tmp/moriarty-financial-agreement-cli-v2-P8LHtj/input 0'
  +   ],
  +   syscall: 'spawnSync /home/charl/.foreman/tools/fnm/node-versions/v24.18.1/installation/bin/node'
  + }
  - undefined
  
      at invoke (file:///home/charl/Moriarty-wt-moriarty-ll-loop-20260912-implement-authority-fee-binding/experiments/moriarty-language/tests/financial-agreement-cli-v2.test.mjs:27:10)
      at failure (file:///home/charl/Moriarty-wt-moriarty-ll-loop-20260912-implement-authority-fee-binding/experiments/moriarty-language/tests/financial-agreement-cli-v2.test.mjs:47:18)
      at TestContext.<anonymous> (file:///home/charl/Moriarty-wt-moriarty-ll-loop-20260912-implement-authority-fee-binding/experiments/moriarty-language/tests/financial-agreement-cli-v2.test.mjs:129:3)
      at Test.runInAsyncScope (node:async_hooks:227:14)
      at Test.run (node:internal/test_runner/test:1325:25)
      at Test.processPendingSubtests (node:internal/test_runner/test:911:18)
      at Test.postRun (node:internal/test_runner/test:1465:19)
      at Test.run (node:internal/test_runner/test:1390:12)
      at async Test.processPendingSubtests (node:internal/test_runner/test:911:7) {
    generatedMessage: true,
    code: 'ERR_ASSERTION',
    actual: [Error],
    expected: undefined,
    operator: 'strictEqual',
    diff: 'simple'
  }

test at tests/financial-agreement-cli-v2.test.mjs:132:1
✖ /2 rejects --schema and --action on check/format; /1 and older profiles reject --action (113.148023ms)
  AssertionError [ERR_ASSERTION]: Expected values to be strictly equal:
  + actual - expected
  
  + Error: spawnSync /home/charl/.foreman/tools/fnm/node-versions/v24.18.1/installation/bin/node EPERM
  +     at Object.spawnSync (node:internal/child_process:1143:20)
  +     at spawnSync (node:child_process:911:24)
  +     at invoke (file:///home/charl/Moriarty-wt-moriarty-ll-loop-20260912-implement-authority-fee-binding/experiments/moriarty-language/tests/financial-agreement-cli-v2.test.mjs:26:18)
  +     at failure (file:///home/charl/Moriarty-wt-moriarty-ll-loop-20260912-implement-authority-fee-binding/experiments/moriarty-language/tests/financial-agreement-cli-v2.test.mjs:47:18)
  +     at cliFailure (file:///home/charl/Moriarty-wt-moriarty-ll-loop-20260912-implement-authority-fee-binding/experiments/moriarty-language/tests/financial-agreement-cli-v2.test.mjs:52:53)
  +     at TestContext.<anonymous> (file:///home/charl/Moriarty-wt-moriarty-ll-loop-20260912-implement-authority-fee-binding/experiments/moriarty-language/tests/financial-agreement-cli-v2.test.mjs:139:3)
  +     at Test.runInAsyncScope (node:async_hooks:227:14)
  +     at Test.run (node:internal/test_runner/test:1325:25)
  +     at Test.processPendingSubtests (node:internal/test_runner/test:911:18)
  +     at Test.postRun (node:internal/test_runner/test:1465:19) {
  +   code: 'EPERM',
  +   errno: -1,
  +   path: '/home/charl/.foreman/tools/fnm/node-versions/v24.18.1/installation/bin/node',
  +   spawnargs: [
  +     '/home/charl/Moriarty-wt-moriarty-ll-loop-20260912-implement-authority-fee-binding/experiments/moriarty-language/src/cli.ts',
  +     'check',
  +     '--profile',
  +     'moriarty-financial-agreement-source/2',
  +     '--schema',
  +     '/home/charl/Moriarty-wt-moriarty-ll-loop-20260912-implement-authority-fee-binding/experiments/moriarty-language/spec/successor/examples/expression-funded-payment.schema.json',
  +     '/home/charl/Moriarty-wt-moriarty-ll-loop-20260912-implement-authority-fee-binding/experiments/moriarty-language/spec/successor/examples/multiple-action-payment.mori'
  +   ],
  +   syscall: 'spawnSync /home/charl/.foreman/tools/fnm/node-versions/v24.18.1/installation/bin/node'
  + }
  - undefined
  
      at invoke (file:///home/charl/Moriarty-wt-moriarty-ll-loop-20260912-implement-authority-fee-binding/experiments/moriarty-language/tests/financial-agreement-cli-v2.test.mjs:27:10)
      at failure (file:///home/charl/Moriarty-wt-moriarty-ll-loop-20260912-implement-authority-fee-binding/experiments/moriarty-language/tests/financial-agreement-cli-v2.test.mjs:47:18)
      at cliFailure (file:///home/charl/Moriarty-wt-moriarty-ll-loop-20260912-implement-authority-fee-binding/experiments/moriarty-language/tests/financial-agreement-cli-v2.test.mjs:52:53)
      at TestContext.<anonymous> (file:///home/charl/Moriarty-wt-moriarty-ll-loop-20260912-implement-authority-fee-binding/experiments/moriarty-language/tests/financial-agreement-cli-v2.test.mjs:139:3)
      at Test.runInAsyncScope (node:async_hooks:227:14)
      at Test.run (node:internal/test_runner/test:1325:25)
      at Test.processPendingSubtests (node:internal/test_runner/test:911:18)
      at Test.postRun (node:internal/test_runner/test:1465:19)
      at Test.run (node:internal/test_runner/test:1390:12)
      at async Test.processPendingSubtests (node:internal/test_runner/test:911:7) {
    generatedMessage: true,
    code: 'ERR_ASSERTION',
    actual: [Error],
    expected: undefined,
    operator: 'strictEqual',
    diff: 'simple'
  }

test at tests/financial-agreement-cli-v2.test.mjs:161:1
✖ agreement /2 simulate retains snapshot and repayment-state transport limits (139.598686ms)
  AssertionError [ERR_ASSERTION]: Expected values to be strictly equal:
  + actual - expected
  
  + Error: spawnSync /home/charl/.foreman/tools/fnm/node-versions/v24.18.1/installation/bin/node EPERM
  +     at Object.spawnSync (node:internal/child_process:1143:20)
  +     at spawnSync (node:child_process:911:24)
  +     at invoke (file:///home/charl/Moriarty-wt-moriarty-ll-loop-20260912-implement-authority-fee-binding/experiments/moriarty-language/tests/financial-agreement-cli-v2.test.mjs:26:18)
  +     at failure (file:///home/charl/Moriarty-wt-moriarty-ll-loop-20260912-implement-authority-fee-binding/experiments/moriarty-language/tests/financial-agreement-cli-v2.test.mjs:47:18)
  +     at TestContext.<anonymous> (file:///home/charl/Moriarty-wt-moriarty-ll-loop-20260912-implement-authority-fee-binding/experiments/moriarty-language/tests/financial-agreement-cli-v2.test.mjs:171:3)
  +     at Test.runInAsyncScope (node:async_hooks:227:14)
  +     at Test.run (node:internal/test_runner/test:1325:25)
  +     at Test.processPendingSubtests (node:internal/test_runner/test:911:18)
  +     at Test.postRun (node:internal/test_runner/test:1465:19)
  +     at Test.run (node:internal/test_runner/test:1390:12) {
  +   code: 'EPERM',
  +   errno: -1,
  +   path: '/home/charl/.foreman/tools/fnm/node-versions/v24.18.1/installation/bin/node',
  +   spawnargs: [
  +     '/home/charl/Moriarty-wt-moriarty-ll-loop-20260912-implement-authority-fee-binding/experiments/moriarty-language/src/cli.ts',
  +     'simulate',
  +     '--profile',
  +     'moriarty-financial-agreement-source/2',
  +     '--action',
  +     'repay',
  +     '--snapshots',
  +     '/home/charl/Moriarty-wt-moriarty-ll-loop-20260912-implement-authority-fee-binding/experiments/moriarty-language/spec/successor/examples/multiple-action-payment.snapshots.json',
  +     '--repayment-state',
  +     '/tmp/moriarty-financial-agreement-cli-v2-P8LHtj/input 1',
  +     '/home/charl/Moriarty-wt-moriarty-ll-loop-20260912-implement-authority-fee-binding/experiments/moriarty-language/spec/successor/examples/multiple-action-payment.mori'
  +   ],
  +   syscall: 'spawnSync /home/charl/.foreman/tools/fnm/node-versions/v24.18.1/installation/bin/node'
  + }
  - undefined
  
      at invoke (file:///home/charl/Moriarty-wt-moriarty-ll-loop-20260912-implement-authority-fee-binding/experiments/moriarty-language/tests/financial-agreement-cli-v2.test.mjs:27:10)
      at failure (file:///home/charl/Moriarty-wt-moriarty-ll-loop-20260912-implement-authority-fee-binding/experiments/moriarty-language/tests/financial-agreement-cli-v2.test.mjs:47:18)
      at TestContext.<anonymous> (file:///home/charl/Moriarty-wt-moriarty-ll-loop-20260912-implement-authority-fee-binding/experiments/moriarty-language/tests/financial-agreement-cli-v2.test.mjs:171:3)
      at Test.runInAsyncScope (node:async_hooks:227:14)
      at Test.run (node:internal/test_runner/test:1325:25)
      at Test.processPendingSubtests (node:internal/test_runner/test:911:18)
      at Test.postRun (node:internal/test_runner/test:1465:19)
      at Test.run (node:internal/test_runner/test:1390:12)
      at async Test.processPendingSubtests (node:internal/test_runner/test:911:7) {
    generatedMessage: true,
    code: 'ERR_ASSERTION',
    actual: [Error],
    expected: undefined,
    operator: 'strictEqual',
    diff: 'simple'
  }

test at tests/financial-agreement-cli-v2.test.mjs:178:1
✖ /1 simulate and older profiles stay unchanged and omit the /2 action field (128.046575ms)
  AssertionError [ERR_ASSERTION]: Expected values to be strictly equal:
  + actual - expected
  
  + Error: spawnSync /home/charl/.foreman/tools/fnm/node-versions/v24.18.1/installation/bin/node EPERM
  +     at Object.spawnSync (node:internal/child_process:1143:20)
  +     at spawnSync (node:child_process:911:24)
  +     at invoke (file:///home/charl/Moriarty-wt-moriarty-ll-loop-20260912-implement-authority-fee-binding/experiments/moriarty-language/tests/financial-agreement-cli-v2.test.mjs:26:18)
  +     at TestContext.<anonymous> (file:///home/charl/Moriarty-wt-moriarty-ll-loop-20260912-implement-authority-fee-binding/experiments/moriarty-language/tests/financial-agreement-cli-v2.test.mjs:182:14)
  +     at Test.runInAsyncScope (node:async_hooks:227:14)
  +     at Test.run (node:internal/test_runner/test:1325:25)
  +     at Test.processPendingSubtests (node:internal/test_runner/test:911:18)
  +     at Test.postRun (node:internal/test_runner/test:1465:19)
  +     at Test.run (node:internal/test_runner/test:1390:12)
  +     at async Test.processPendingSubtests (node:internal/test_runner/test:911:7) {
  +   code: 'EPERM',
  +   errno: -1,
  +   path: '/home/charl/.foreman/tools/fnm/node-versions/v24.18.1/installation/bin/node',
  +   spawnargs: [
  +     '/home/charl/Moriarty-wt-moriarty-ll-loop-20260912-implement-authority-fee-binding/experiments/moriarty-language/src/cli.ts',
  +     'simulate',
  +     '--profile',
  +     'moriarty-financial-agreement-source/1',
  +     '--snapshots',
  +     '/home/charl/Moriarty-wt-moriarty-ll-loop-20260912-implement-authority-fee-binding/experiments/moriarty-language/spec/successor/examples/expression-funded-payment.snapshots.json',
  +     '--repayment-state',
  +     '/home/charl/Moriarty-wt-moriarty-ll-loop-20260912-implement-authority-fee-binding/experiments/moriarty-language/spec/successor/examples/expression-funded-payment.state.json',
  +     '/home/charl/Moriarty-wt-moriarty-ll-loop-20260912-implement-authority-fee-binding/experiments/moriarty-language/spec/successor/examples/source-defined-payment.mori'
  +   ],
  +   syscall: 'spawnSync /home/charl/.foreman/tools/fnm/node-versions/v24.18.1/installation/bin/node'
  + }
  - undefined
  
      at invoke (file:///home/charl/Moriarty-wt-moriarty-ll-loop-20260912-implement-authority-fee-binding/experiments/moriarty-language/tests/financial-agreement-cli-v2.test.mjs:27:10)
      at TestContext.<anonymous> (file:///home/charl/Moriarty-wt-moriarty-ll-loop-20260912-implement-authority-fee-binding/experiments/moriarty-language/tests/financial-agreement-cli-v2.test.mjs:182:14)
      at Test.runInAsyncScope (node:async_hooks:227:14)
      at Test.run (node:internal/test_runner/test:1325:25)
      at Test.processPendingSubtests (node:internal/test_runner/test:911:18)
      at Test.postRun (node:internal/test_runner/test:1465:19)
      at Test.run (node:internal/test_runner/test:1390:12)
      at async Test.processPendingSubtests (node:internal/test_runner/test:911:7) {
    generatedMessage: true,
    code: 'ERR_ASSERTION',
    actual: [Error],
    expected: undefined,
    operator: 'strictEqual',
    diff: 'simple'
  }

test at tests/financial-agreement-cli-v3.test.mjs:43:1
✖ agreement /3 check and format use no schema or action and match the API (129.491821ms)
  AssertionError [ERR_ASSERTION]: Expected values to be strictly equal:
  + actual - expected
  
  + Error: spawnSync /home/charl/.foreman/tools/fnm/node-versions/v24.18.1/installation/bin/node EPERM
  +     at Object.spawnSync (node:internal/child_process:1143:20)
  +     at spawnSync (node:child_process:911:24)
  +     at invoke (file:///home/charl/Moriarty-wt-moriarty-ll-loop-20260912-implement-authority-fee-binding/experiments/moriarty-language/tests/financial-agreement-cli-v3.test.mjs:23:18)
  +     at TestContext.<anonymous> (file:///home/charl/Moriarty-wt-moriarty-ll-loop-20260912-implement-authority-fee-binding/experiments/moriarty-language/tests/financial-agreement-cli-v3.test.mjs:46:19)
  +     at Test.runInAsyncScope (node:async_hooks:227:14)
  +     at Test.run (node:internal/test_runner/test:1325:25)
  +     at Test.processPendingSubtests (node:internal/test_runner/test:911:18)
  +     at Test.postRun (node:internal/test_runner/test:1465:19)
  +     at Test.run (node:internal/test_runner/test:1390:12)
  +     at async Test.processPendingSubtests (node:internal/test_runner/test:911:7) {
  +   code: 'EPERM',
  +   errno: -1,
  +   path: '/home/charl/.foreman/tools/fnm/node-versions/v24.18.1/installation/bin/node',
  +   spawnargs: [
  +     '/home/charl/Moriarty-wt-moriarty-ll-loop-20260912-implement-authority-fee-binding/experiments/moriarty-language/src/cli.ts',
  +     'check',
  +     '--profile',
  +     'moriarty-financial-agreement-source/3',
  +     '/home/charl/Moriarty-wt-moriarty-ll-loop-20260912-implement-authority-fee-binding/experiments/moriarty-language/spec/successor/examples/financial-state-payment.mori'
  +   ],
  +   syscall: 'spawnSync /home/charl/.foreman/tools/fnm/node-versions/v24.18.1/installation/bin/node'
  + }
  - undefined
  
      at invoke (file:///home/charl/Moriarty-wt-moriarty-ll-loop-20260912-implement-authority-fee-binding/experiments/moriarty-language/tests/financial-agreement-cli-v3.test.mjs:24:10)
      at TestContext.<anonymous> (file:///home/charl/Moriarty-wt-moriarty-ll-loop-20260912-implement-authority-fee-binding/experiments/moriarty-language/tests/financial-agreement-cli-v3.test.mjs:46:19)
      at Test.runInAsyncScope (node:async_hooks:227:14)
      at Test.run (node:internal/test_runner/test:1325:25)
      at Test.processPendingSubtests (node:internal/test_runner/test:911:18)
      at Test.postRun (node:internal/test_runner/test:1465:19)
      at Test.run (node:internal/test_runner/test:1390:12)
      at async Test.processPendingSubtests (node:internal/test_runner/test:911:7) {
    generatedMessage: true,
    code: 'ERR_ASSERTION',
    actual: [Error],
    expected: undefined,
    operator: 'strictEqual',
    diff: 'simple'
  }

test at tests/financial-agreement-cli-v3.test.mjs:57:1
✖ agreement /3 simulate requires --action and equals the API including the action field (136.170697ms)
  AssertionError [ERR_ASSERTION]: Expected values to be strictly equal:
  + actual - expected
  
  + Error: spawnSync /home/charl/.foreman/tools/fnm/node-versions/v24.18.1/installation/bin/node EPERM
  +     at Object.spawnSync (node:internal/child_process:1143:20)
  +     at spawnSync (node:child_process:911:24)
  +     at invoke (file:///home/charl/Moriarty-wt-moriarty-ll-loop-20260912-implement-authority-fee-binding/experiments/moriarty-language/tests/financial-agreement-cli-v3.test.mjs:23:18)
  +     at TestContext.<anonymous> (file:///home/charl/Moriarty-wt-moriarty-ll-loop-20260912-implement-authority-fee-binding/experiments/moriarty-language/tests/financial-agreement-cli-v3.test.mjs:67:18)
  +     at Test.runInAsyncScope (node:async_hooks:227:14)
  +     at Test.run (node:internal/test_runner/test:1325:25)
  +     at Test.processPendingSubtests (node:internal/test_runner/test:911:18)
  +     at Test.postRun (node:internal/test_runner/test:1465:19)
  +     at Test.run (node:internal/test_runner/test:1390:12)
  +     at async Test.processPendingSubtests (node:internal/test_runner/test:911:7) {
  +   code: 'EPERM',
  +   errno: -1,
  +   path: '/home/charl/.foreman/tools/fnm/node-versions/v24.18.1/installation/bin/node',
  +   spawnargs: [
  +     '/home/charl/Moriarty-wt-moriarty-ll-loop-20260912-implement-authority-fee-binding/experiments/moriarty-language/src/cli.ts',
  +     'simulate',
  +     '--profile',
  +     'moriarty-financial-agreement-source/3',
  +     '--action',
  +     'repay',
  +     '--snapshots',
  +     '/home/charl/Moriarty-wt-moriarty-ll-loop-20260912-implement-authority-fee-binding/experiments/moriarty-language/spec/successor/examples/financial-state-payment.snapshots.json',
  +     '--repayment-state',
  +     '/home/charl/Moriarty-wt-moriarty-ll-loop-20260912-implement-authority-fee-binding/experiments/moriarty-language/spec/successor/examples/financial-state-payment.state.json',
  +     '/home/charl/Moriarty-wt-moriarty-ll-loop-20260912-implement-authority-fee-binding/experiments/moriarty-language/spec/successor/examples/financial-state-payment.mori'
  +   ],
  +   syscall: 'spawnSync /home/charl/.foreman/tools/fnm/node-versions/v24.18.1/installation/bin/node'
  + }
  - undefined
  
      at invoke (file:///home/charl/Moriarty-wt-moriarty-ll-loop-20260912-implement-authority-fee-binding/experiments/moriarty-language/tests/financial-agreement-cli-v3.test.mjs:24:10)
      at TestContext.<anonymous> (file:///home/charl/Moriarty-wt-moriarty-ll-loop-20260912-implement-authority-fee-binding/experiments/moriarty-language/tests/financial-agreement-cli-v3.test.mjs:67:18)
      at Test.runInAsyncScope (node:async_hooks:227:14)
      at Test.run (node:internal/test_runner/test:1325:25)
      at Test.processPendingSubtests (node:internal/test_runner/test:911:18)
      at Test.postRun (node:internal/test_runner/test:1465:19)
      at Test.run (node:internal/test_runner/test:1390:12)
      at async Test.processPendingSubtests (node:internal/test_runner/test:911:7) {
    generatedMessage: true,
    code: 'ERR_ASSERTION',
    actual: [Error],
    expected: undefined,
    operator: 'strictEqual',
    diff: 'simple'
  }

test at tests/financial-agreement-cli-v3.test.mjs:81:1
✖ agreement /3 continuation simulate uses remaining work and complete financialPost (133.891875ms)
  AssertionError [ERR_ASSERTION]: Expected values to be strictly equal:
  + actual - expected
  
  + Error: spawnSync /home/charl/.foreman/tools/fnm/node-versions/v24.18.1/installation/bin/node EPERM
  +     at Object.spawnSync (node:internal/child_process:1143:20)
  +     at spawnSync (node:child_process:911:24)
  +     at invoke (file:///home/charl/Moriarty-wt-moriarty-ll-loop-20260912-implement-authority-fee-binding/experiments/moriarty-language/tests/financial-agreement-cli-v3.test.mjs:23:18)
  +     at TestContext.<anonymous> (file:///home/charl/Moriarty-wt-moriarty-ll-loop-20260912-implement-authority-fee-binding/experiments/moriarty-language/tests/financial-agreement-cli-v3.test.mjs:85:17)
  +     at Test.runInAsyncScope (node:async_hooks:227:14)
  +     at Test.run (node:internal/test_runner/test:1325:25)
  +     at Test.processPendingSubtests (node:internal/test_runner/test:911:18)
  +     at Test.postRun (node:internal/test_runner/test:1465:19)
  +     at Test.run (node:internal/test_runner/test:1390:12)
  +     at async Test.processPendingSubtests (node:internal/test_runner/test:911:7) {
  +   code: 'EPERM',
  +   errno: -1,
  +   path: '/home/charl/.foreman/tools/fnm/node-versions/v24.18.1/installation/bin/node',
  +   spawnargs: [
  +     '/home/charl/Moriarty-wt-moriarty-ll-loop-20260912-implement-authority-fee-binding/experiments/moriarty-language/src/cli.ts',
  +     'simulate',
  +     '--profile',
  +     'moriarty-financial-agreement-source/3',
  +     '--action',
  +     'repay',
  +     '--snapshots',
  +     '/home/charl/Moriarty-wt-moriarty-ll-loop-20260912-implement-authority-fee-binding/experiments/moriarty-language/spec/successor/examples/financial-state-payment.snapshots.json',
  +     '--repayment-state',
  +     '/home/charl/Moriarty-wt-moriarty-ll-loop-20260912-implement-authority-fee-binding/experiments/moriarty-language/spec/successor/examples/financial-state-payment.state.json',
  +     '/home/charl/Moriarty-wt-moriarty-ll-loop-20260912-implement-authority-fee-binding/experiments/moriarty-language/spec/successor/examples/financial-state-payment.mori'
  +   ],
  +   syscall: 'spawnSync /home/charl/.foreman/tools/fnm/node-versions/v24.18.1/installation/bin/node'
  + }
  - undefined
  
      at invoke (file:///home/charl/Moriarty-wt-moriarty-ll-loop-20260912-implement-authority-fee-binding/experiments/moriarty-language/tests/financial-agreement-cli-v3.test.mjs:24:10)
      at TestContext.<anonymous> (file:///home/charl/Moriarty-wt-moriarty-ll-loop-20260912-implement-authority-fee-binding/experiments/moriarty-language/tests/financial-agreement-cli-v3.test.mjs:85:17)
      at Test.runInAsyncScope (node:async_hooks:227:14)
      at Test.run (node:internal/test_runner/test:1325:25)
      at Test.processPendingSubtests (node:internal/test_runner/test:911:18)
      at Test.postRun (node:internal/test_runner/test:1465:19)
      at Test.run (node:internal/test_runner/test:1390:12)
      at async Test.processPendingSubtests (node:internal/test_runner/test:911:7) {
    generatedMessage: true,
    code: 'ERR_ASSERTION',
    actual: [Error],
    expected: undefined,
    operator: 'strictEqual',
    diff: 'simple'
  }

test at tests/financial-agreement-cli-v3.test.mjs:103:1
✖ agreement /3 CLI writes semantic rejection to stderr with empty stdout (140.823518ms)
  AssertionError [ERR_ASSERTION]: Expected values to be strictly equal:
  + actual - expected
  
  + Error: spawnSync /home/charl/.foreman/tools/fnm/node-versions/v24.18.1/installation/bin/node EPERM
  +     at Object.spawnSync (node:internal/child_process:1143:20)
  +     at spawnSync (node:child_process:911:24)
  +     at invoke (file:///home/charl/Moriarty-wt-moriarty-ll-loop-20260912-implement-authority-fee-binding/experiments/moriarty-language/tests/financial-agreement-cli-v3.test.mjs:23:18)
  +     at failure (file:///home/charl/Moriarty-wt-moriarty-ll-loop-20260912-implement-authority-fee-binding/experiments/moriarty-language/tests/financial-agreement-cli-v3.test.mjs:36:18)
  +     at TestContext.<anonymous> (file:///home/charl/Moriarty-wt-moriarty-ll-loop-20260912-implement-authority-fee-binding/experiments/moriarty-language/tests/financial-agreement-cli-v3.test.mjs:115:3)
  +     at Test.runInAsyncScope (node:async_hooks:227:14)
  +     at Test.run (node:internal/test_runner/test:1325:25)
  +     at Test.processPendingSubtests (node:internal/test_runner/test:911:18)
  +     at Test.postRun (node:internal/test_runner/test:1465:19)
  +     at Test.run (node:internal/test_runner/test:1390:12) {
  +   code: 'EPERM',
  +   errno: -1,
  +   path: '/home/charl/.foreman/tools/fnm/node-versions/v24.18.1/installation/bin/node',
  +   spawnargs: [
  +     '/home/charl/Moriarty-wt-moriarty-ll-loop-20260912-implement-authority-fee-binding/experiments/moriarty-language/src/cli.ts',
  +     'simulate',
  +     '--profile',
  +     'moriarty-financial-agreement-source/3',
  +     '--action',
  +     'repay',
  +     '--snapshots',
  +     '/home/charl/Moriarty-wt-moriarty-ll-loop-20260912-implement-authority-fee-binding/experiments/moriarty-language/spec/successor/examples/financial-state-payment.snapshots.json',
  +     '--repayment-state',
  +     '/home/charl/Moriarty-wt-moriarty-ll-loop-20260912-implement-authority-fee-binding/experiments/moriarty-language/spec/successor/examples/financial-state-payment.state.json',
  +     '/tmp/moriarty-financial-agreement-cli-v3-tYBaKN/input 0'
  +   ],
  +   syscall: 'spawnSync /home/charl/.foreman/tools/fnm/node-versions/v24.18.1/installation/bin/node'
  + }
  - undefined
  
      at invoke (file:///home/charl/Moriarty-wt-moriarty-ll-loop-20260912-implement-authority-fee-binding/experiments/moriarty-language/tests/financial-agreement-cli-v3.test.mjs:24:10)
      at failure (file:///home/charl/Moriarty-wt-moriarty-ll-loop-20260912-implement-authority-fee-binding/experiments/moriarty-language/tests/financial-agreement-cli-v3.test.mjs:36:18)
      at TestContext.<anonymous> (file:///home/charl/Moriarty-wt-moriarty-ll-loop-20260912-implement-authority-fee-binding/experiments/moriarty-language/tests/financial-agreement-cli-v3.test.mjs:115:3)
      at Test.runInAsyncScope (node:async_hooks:227:14)
      at Test.run (node:internal/test_runner/test:1325:25)
      at Test.processPendingSubtests (node:internal/test_runner/test:911:18)
      at Test.postRun (node:internal/test_runner/test:1465:19)
      at Test.run (node:internal/test_runner/test:1390:12)
      at async Test.processPendingSubtests (node:internal/test_runner/test:911:7) {
    generatedMessage: true,
    code: 'ERR_ASSERTION',
    actual: [Error],
    expected: undefined,
    operator: 'strictEqual',
    diff: 'simple'
  }

test at tests/financial-agreement-cli-v3.test.mjs:118:1
✖ /3 rejects --schema and --action on check/format; /2 stays on its form (116.020047ms)
  AssertionError [ERR_ASSERTION]: Expected values to be strictly equal:
  + actual - expected
  
  + Error: spawnSync /home/charl/.foreman/tools/fnm/node-versions/v24.18.1/installation/bin/node EPERM
  +     at Object.spawnSync (node:internal/child_process:1143:20)
  +     at spawnSync (node:child_process:911:24)
  +     at invoke (file:///home/charl/Moriarty-wt-moriarty-ll-loop-20260912-implement-authority-fee-binding/experiments/moriarty-language/tests/financial-agreement-cli-v3.test.mjs:23:18)
  +     at failure (file:///home/charl/Moriarty-wt-moriarty-ll-loop-20260912-implement-authority-fee-binding/experiments/moriarty-language/tests/financial-agreement-cli-v3.test.mjs:36:18)
  +     at cliFailure (file:///home/charl/Moriarty-wt-moriarty-ll-loop-20260912-implement-authority-fee-binding/experiments/moriarty-language/tests/financial-agreement-cli-v3.test.mjs:41:53)
  +     at TestContext.<anonymous> (file:///home/charl/Moriarty-wt-moriarty-ll-loop-20260912-implement-authority-fee-binding/experiments/moriarty-language/tests/financial-agreement-cli-v3.test.mjs:126:3)
  +     at Test.runInAsyncScope (node:async_hooks:227:14)
  +     at Test.run (node:internal/test_runner/test:1325:25)
  +     at Test.processPendingSubtests (node:internal/test_runner/test:911:18)
  +     at Test.postRun (node:internal/test_runner/test:1465:19) {
  +   code: 'EPERM',
  +   errno: -1,
  +   path: '/home/charl/.foreman/tools/fnm/node-versions/v24.18.1/installation/bin/node',
  +   spawnargs: [
  +     '/home/charl/Moriarty-wt-moriarty-ll-loop-20260912-implement-authority-fee-binding/experiments/moriarty-language/src/cli.ts',
  +     'check',
  +     '--profile',
  +     'moriarty-financial-agreement-source/3',
  +     '--schema',
  +     '/home/charl/Moriarty-wt-moriarty-ll-loop-20260912-implement-authority-fee-binding/experiments/moriarty-language/spec/successor/examples/expression-funded-payment.schema.json',
  +     '/home/charl/Moriarty-wt-moriarty-ll-loop-20260912-implement-authority-fee-binding/experiments/moriarty-language/spec/successor/examples/financial-state-payment.mori'
  +   ],
  +   syscall: 'spawnSync /home/charl/.foreman/tools/fnm/node-versions/v24.18.1/installation/bin/node'
  + }
  - undefined
  
      at invoke (file:///home/charl/Moriarty-wt-moriarty-ll-loop-20260912-implement-authority-fee-binding/experiments/moriarty-language/tests/financial-agreement-cli-v3.test.mjs:24:10)
      at failure (file:///home/charl/Moriarty-wt-moriarty-ll-loop-20260912-implement-authority-fee-binding/experiments/moriarty-language/tests/financial-agreement-cli-v3.test.mjs:36:18)
      at cliFailure (file:///home/charl/Moriarty-wt-moriarty-ll-loop-20260912-implement-authority-fee-binding/experiments/moriarty-language/tests/financial-agreement-cli-v3.test.mjs:41:53)
      at TestContext.<anonymous> (file:///home/charl/Moriarty-wt-moriarty-ll-loop-20260912-implement-authority-fee-binding/experiments/moriarty-language/tests/financial-agreement-cli-v3.test.mjs:126:3)
      at Test.runInAsyncScope (node:async_hooks:227:14)
      at Test.run (node:internal/test_runner/test:1325:25)
      at Test.processPendingSubtests (node:internal/test_runner/test:911:18)
      at Test.postRun (node:internal/test_runner/test:1465:19)
      at Test.run (node:internal/test_runner/test:1390:12)
      at async Test.processPendingSubtests (node:internal/test_runner/test:911:7) {
    generatedMessage: true,
    code: 'ERR_ASSERTION',
    actual: [Error],
    expected: undefined,
    operator: 'strictEqual',
    diff: 'simple'
  }

test at tests/financial-agreement-cli-v3.test.mjs:146:1
✖ state admission rejection is kernel-shaped on the CLI (136.932756ms)
  AssertionError [ERR_ASSERTION]: Expected values to be strictly equal:
  + actual - expected
  
  + Error: spawnSync /home/charl/.foreman/tools/fnm/node-versions/v24.18.1/installation/bin/node EPERM
  +     at Object.spawnSync (node:internal/child_process:1143:20)
  +     at spawnSync (node:child_process:911:24)
  +     at invoke (file:///home/charl/Moriarty-wt-moriarty-ll-loop-20260912-implement-authority-fee-binding/experiments/moriarty-language/tests/financial-agreement-cli-v3.test.mjs:23:18)
  +     at failure (file:///home/charl/Moriarty-wt-moriarty-ll-loop-20260912-implement-authority-fee-binding/experiments/moriarty-language/tests/financial-agreement-cli-v3.test.mjs:36:18)
  +     at TestContext.<anonymous> (file:///home/charl/Moriarty-wt-moriarty-ll-loop-20260912-implement-authority-fee-binding/experiments/moriarty-language/tests/financial-agreement-cli-v3.test.mjs:158:3)
  +     at Test.runInAsyncScope (node:async_hooks:227:14)
  +     at Test.run (node:internal/test_runner/test:1325:25)
  +     at Test.processPendingSubtests (node:internal/test_runner/test:911:18)
  +     at Test.postRun (node:internal/test_runner/test:1465:19)
  +     at Test.run (node:internal/test_runner/test:1390:12) {
  +   code: 'EPERM',
  +   errno: -1,
  +   path: '/home/charl/.foreman/tools/fnm/node-versions/v24.18.1/installation/bin/node',
  +   spawnargs: [
  +     '/home/charl/Moriarty-wt-moriarty-ll-loop-20260912-implement-authority-fee-binding/experiments/moriarty-language/src/cli.ts',
  +     'simulate',
  +     '--profile',
  +     'moriarty-financial-agreement-source/3',
  +     '--action',
  +     'repay',
  +     '--snapshots',
  +     '/home/charl/Moriarty-wt-moriarty-ll-loop-20260912-implement-authority-fee-binding/experiments/moriarty-language/spec/successor/examples/financial-state-payment.snapshots.json',
  +     '--repayment-state',
  +     '/tmp/moriarty-financial-agreement-cli-v3-tYBaKN/input 1',
  +     '/home/charl/Moriarty-wt-moriarty-ll-loop-20260912-implement-authority-fee-binding/experiments/moriarty-language/spec/successor/examples/financial-state-payment.mori'
  +   ],
  +   syscall: 'spawnSync /home/charl/.foreman/tools/fnm/node-versions/v24.18.1/installation/bin/node'
  + }
  - undefined
  
      at invoke (file:///home/charl/Moriarty-wt-moriarty-ll-loop-20260912-implement-authority-fee-binding/experiments/moriarty-language/tests/financial-agreement-cli-v3.test.mjs:24:10)
      at failure (file:///home/charl/Moriarty-wt-moriarty-ll-loop-20260912-implement-authority-fee-binding/experiments/moriarty-language/tests/financial-agreement-cli-v3.test.mjs:36:18)
      at TestContext.<anonymous> (file:///home/charl/Moriarty-wt-moriarty-ll-loop-20260912-implement-authority-fee-binding/experiments/moriarty-language/tests/financial-agreement-cli-v3.test.mjs:158:3)
      at Test.runInAsyncScope (node:async_hooks:227:14)
      at Test.run (node:internal/test_runner/test:1325:25)
      at Test.processPendingSubtests (node:internal/test_runner/test:911:18)
      at Test.postRun (node:internal/test_runner/test:1465:19)
      at Test.run (node:internal/test_runner/test:1390:12)
      at async Test.processPendingSubtests (node:internal/test_runner/test:911:7) {
    generatedMessage: true,
    code: 'ERR_ASSERTION',
    actual: [Error],
    expected: undefined,
    operator: 'strictEqual',
    diff: 'simple'
  }

test at tests/financial-agreement-cli-v4.test.mjs:43:1
✖ agreement /4 check and format use no schema or action and match the API (130.867942ms)
  AssertionError [ERR_ASSERTION]: Expected values to be strictly equal:
  + actual - expected
  
  + Error: spawnSync /home/charl/.foreman/tools/fnm/node-versions/v24.18.1/installation/bin/node EPERM
  +     at Object.spawnSync (node:internal/child_process:1143:20)
  +     at spawnSync (node:child_process:911:24)
  +     at invoke (file:///home/charl/Moriarty-wt-moriarty-ll-loop-20260912-implement-authority-fee-binding/experiments/moriarty-language/tests/financial-agreement-cli-v4.test.mjs:23:18)
  +     at TestContext.<anonymous> (file:///home/charl/Moriarty-wt-moriarty-ll-loop-20260912-implement-authority-fee-binding/experiments/moriarty-language/tests/financial-agreement-cli-v4.test.mjs:46:19)
  +     at Test.runInAsyncScope (node:async_hooks:227:14)
  +     at Test.run (node:internal/test_runner/test:1325:25)
  +     at Test.processPendingSubtests (node:internal/test_runner/test:911:18)
  +     at Test.postRun (node:internal/test_runner/test:1465:19)
  +     at Test.run (node:internal/test_runner/test:1390:12)
  +     at async Test.processPendingSubtests (node:internal/test_runner/test:911:7) {
  +   code: 'EPERM',
  +   errno: -1,
  +   path: '/home/charl/.foreman/tools/fnm/node-versions/v24.18.1/installation/bin/node',
  +   spawnargs: [
  +     '/home/charl/Moriarty-wt-moriarty-ll-loop-20260912-implement-authority-fee-binding/experiments/moriarty-language/src/cli.ts',
  +     'check',
  +     '--profile',
  +     'moriarty-financial-agreement-source/4',
  +     '/home/charl/Moriarty-wt-moriarty-ll-loop-20260912-implement-authority-fee-binding/experiments/moriarty-language/spec/successor/examples/financial-postconditions-payment.mori'
  +   ],
  +   syscall: 'spawnSync /home/charl/.foreman/tools/fnm/node-versions/v24.18.1/installation/bin/node'
  + }
  - undefined
  
      at invoke (file:///home/charl/Moriarty-wt-moriarty-ll-loop-20260912-implement-authority-fee-binding/experiments/moriarty-language/tests/financial-agreement-cli-v4.test.mjs:24:10)
      at TestContext.<anonymous> (file:///home/charl/Moriarty-wt-moriarty-ll-loop-20260912-implement-authority-fee-binding/experiments/moriarty-language/tests/financial-agreement-cli-v4.test.mjs:46:19)
      at Test.runInAsyncScope (node:async_hooks:227:14)
      at Test.run (node:internal/test_runner/test:1325:25)
      at Test.processPendingSubtests (node:internal/test_runner/test:911:18)
      at Test.postRun (node:internal/test_runner/test:1465:19)
      at Test.run (node:internal/test_runner/test:1390:12)
      at async Test.processPendingSubtests (node:internal/test_runner/test:911:7) {
    generatedMessage: true,
    code: 'ERR_ASSERTION',
    actual: [Error],
    expected: undefined,
    operator: 'strictEqual',
    diff: 'simple'
  }

test at tests/financial-agreement-cli-v4.test.mjs:57:1
✖ agreement /4 simulate requires --action and equals the API including the action field (138.431994ms)
  AssertionError [ERR_ASSERTION]: Expected values to be strictly equal:
  + actual - expected
  
  + Error: spawnSync /home/charl/.foreman/tools/fnm/node-versions/v24.18.1/installation/bin/node EPERM
  +     at Object.spawnSync (node:internal/child_process:1143:20)
  +     at spawnSync (node:child_process:911:24)
  +     at invoke (file:///home/charl/Moriarty-wt-moriarty-ll-loop-20260912-implement-authority-fee-binding/experiments/moriarty-language/tests/financial-agreement-cli-v4.test.mjs:23:18)
  +     at TestContext.<anonymous> (file:///home/charl/Moriarty-wt-moriarty-ll-loop-20260912-implement-authority-fee-binding/experiments/moriarty-language/tests/financial-agreement-cli-v4.test.mjs:73:18)
  +     at Test.runInAsyncScope (node:async_hooks:227:14)
  +     at Test.run (node:internal/test_runner/test:1325:25)
  +     at Test.processPendingSubtests (node:internal/test_runner/test:911:18)
  +     at Test.postRun (node:internal/test_runner/test:1465:19)
  +     at Test.run (node:internal/test_runner/test:1390:12)
  +     at async Test.processPendingSubtests (node:internal/test_runner/test:911:7) {
  +   code: 'EPERM',
  +   errno: -1,
  +   path: '/home/charl/.foreman/tools/fnm/node-versions/v24.18.1/installation/bin/node',
  +   spawnargs: [
  +     '/home/charl/Moriarty-wt-moriarty-ll-loop-20260912-implement-authority-fee-binding/experiments/moriarty-language/src/cli.ts',
  +     'simulate',
  +     '--profile',
  +     'moriarty-financial-agreement-source/4',
  +     '--action',
  +     'repay_remaining',
  +     '--snapshots',
  +     '/tmp/moriarty-financial-agreement-cli-v4-e0Snwg/input 0',
  +     '--repayment-state',
  +     '/home/charl/Moriarty-wt-moriarty-ll-loop-20260912-implement-authority-fee-binding/experiments/moriarty-language/spec/successor/examples/financial-state-payment.state.json',
  +     '/home/charl/Moriarty-wt-moriarty-ll-loop-20260912-implement-authority-fee-binding/experiments/moriarty-language/spec/successor/examples/financial-postconditions-payment.mori'
  +   ],
  +   syscall: 'spawnSync /home/charl/.foreman/tools/fnm/node-versions/v24.18.1/installation/bin/node'
  + }
  - undefined
  
      at invoke (file:///home/charl/Moriarty-wt-moriarty-ll-loop-20260912-implement-authority-fee-binding/experiments/moriarty-language/tests/financial-agreement-cli-v4.test.mjs:24:10)
      at TestContext.<anonymous> (file:///home/charl/Moriarty-wt-moriarty-ll-loop-20260912-implement-authority-fee-binding/experiments/moriarty-language/tests/financial-agreement-cli-v4.test.mjs:73:18)
      at Test.runInAsyncScope (node:async_hooks:227:14)
      at Test.run (node:internal/test_runner/test:1325:25)
      at Test.processPendingSubtests (node:internal/test_runner/test:911:18)
      at Test.postRun (node:internal/test_runner/test:1465:19)
      at Test.run (node:internal/test_runner/test:1390:12)
      at async Test.processPendingSubtests (node:internal/test_runner/test:911:7) {
    generatedMessage: true,
    code: 'ERR_ASSERTION',
    actual: [Error],
    expected: undefined,
    operator: 'strictEqual',
    diff: 'simple'
  }

test at tests/financial-agreement-cli-v4.test.mjs:87:1
✖ agreement /4 CLI writes semantic rejection to stderr with empty stdout (139.962323ms)
  AssertionError [ERR_ASSERTION]: Expected values to be strictly equal:
  + actual - expected
  
  + Error: spawnSync /home/charl/.foreman/tools/fnm/node-versions/v24.18.1/installation/bin/node EPERM
  +     at Object.spawnSync (node:internal/child_process:1143:20)
  +     at spawnSync (node:child_process:911:24)
  +     at invoke (file:///home/charl/Moriarty-wt-moriarty-ll-loop-20260912-implement-authority-fee-binding/experiments/moriarty-language/tests/financial-agreement-cli-v4.test.mjs:23:18)
  +     at failure (file:///home/charl/Moriarty-wt-moriarty-ll-loop-20260912-implement-authority-fee-binding/experiments/moriarty-language/tests/financial-agreement-cli-v4.test.mjs:36:18)
  +     at TestContext.<anonymous> (file:///home/charl/Moriarty-wt-moriarty-ll-loop-20260912-implement-authority-fee-binding/experiments/moriarty-language/tests/financial-agreement-cli-v4.test.mjs:107:3)
  +     at Test.runInAsyncScope (node:async_hooks:227:14)
  +     at Test.run (node:internal/test_runner/test:1325:25)
  +     at Test.processPendingSubtests (node:internal/test_runner/test:911:18)
  +     at Test.postRun (node:internal/test_runner/test:1465:19)
  +     at Test.run (node:internal/test_runner/test:1390:12) {
  +   code: 'EPERM',
  +   errno: -1,
  +   path: '/home/charl/.foreman/tools/fnm/node-versions/v24.18.1/installation/bin/node',
  +   spawnargs: [
  +     '/home/charl/Moriarty-wt-moriarty-ll-loop-20260912-implement-authority-fee-binding/experiments/moriarty-language/src/cli.ts',
  +     'simulate',
  +     '--profile',
  +     'moriarty-financial-agreement-source/4',
  +     '--action',
  +     'repay_remaining',
  +     '--snapshots',
  +     '/tmp/moriarty-financial-agreement-cli-v4-e0Snwg/input 2',
  +     '--repayment-state',
  +     '/home/charl/Moriarty-wt-moriarty-ll-loop-20260912-implement-authority-fee-binding/experiments/moriarty-language/spec/successor/examples/financial-state-payment.state.json',
  +     '/tmp/moriarty-financial-agreement-cli-v4-e0Snwg/input 1'
  +   ],
  +   syscall: 'spawnSync /home/charl/.foreman/tools/fnm/node-versions/v24.18.1/installation/bin/node'
  + }
  - undefined
  
      at invoke (file:///home/charl/Moriarty-wt-moriarty-ll-loop-20260912-implement-authority-fee-binding/experiments/moriarty-language/tests/financial-agreement-cli-v4.test.mjs:24:10)
      at failure (file:///home/charl/Moriarty-wt-moriarty-ll-loop-20260912-implement-authority-fee-binding/experiments/moriarty-language/tests/financial-agreement-cli-v4.test.mjs:36:18)
      at TestContext.<anonymous> (file:///home/charl/Moriarty-wt-moriarty-ll-loop-20260912-implement-authority-fee-binding/experiments/moriarty-language/tests/financial-agreement-cli-v4.test.mjs:107:3)
      at Test.runInAsyncScope (node:async_hooks:227:14)
      at Test.run (node:internal/test_runner/test:1325:25)
      at Test.processPendingSubtests (node:internal/test_runner/test:911:18)
      at Test.postRun (node:internal/test_runner/test:1465:19)
      at Test.run (node:internal/test_runner/test:1390:12)
      at async Test.processPendingSubtests (node:internal/test_runner/test:911:7) {
    generatedMessage: true,
    code: 'ERR_ASSERTION',
    actual: [Error],
    expected: undefined,
    operator: 'strictEqual',
    diff: 'simple'
  }

test at tests/financial-agreement-cli-v4.test.mjs:113:1
✖ /4 rejects --schema and --action on check/format; /3 stays on its form (113.275042ms)
  AssertionError [ERR_ASSERTION]: Expected values to be strictly equal:
  + actual - expected
  
  + Error: spawnSync /home/charl/.foreman/tools/fnm/node-versions/v24.18.1/installation/bin/node EPERM
  +     at Object.spawnSync (node:internal/child_process:1143:20)
  +     at spawnSync (node:child_process:911:24)
  +     at invoke (file:///home/charl/Moriarty-wt-moriarty-ll-loop-20260912-implement-authority-fee-binding/experiments/moriarty-language/tests/financial-agreement-cli-v4.test.mjs:23:18)
  +     at failure (file:///home/charl/Moriarty-wt-moriarty-ll-loop-20260912-implement-authority-fee-binding/experiments/moriarty-language/tests/financial-agreement-cli-v4.test.mjs:36:18)
  +     at cliFailure (file:///home/charl/Moriarty-wt-moriarty-ll-loop-20260912-implement-authority-fee-binding/experiments/moriarty-language/tests/financial-agreement-cli-v4.test.mjs:41:53)
  +     at TestContext.<anonymous> (file:///home/charl/Moriarty-wt-moriarty-ll-loop-20260912-implement-authority-fee-binding/experiments/moriarty-language/tests/financial-agreement-cli-v4.test.mjs:119:3)
  +     at Test.runInAsyncScope (node:async_hooks:227:14)
  +     at Test.run (node:internal/test_runner/test:1325:25)
  +     at Test.processPendingSubtests (node:internal/test_runner/test:911:18)
  +     at Test.postRun (node:internal/test_runner/test:1465:19) {
  +   code: 'EPERM',
  +   errno: -1,
  +   path: '/home/charl/.foreman/tools/fnm/node-versions/v24.18.1/installation/bin/node',
  +   spawnargs: [
  +     '/home/charl/Moriarty-wt-moriarty-ll-loop-20260912-implement-authority-fee-binding/experiments/moriarty-language/src/cli.ts',
  +     'check',
  +     '--profile',
  +     'moriarty-financial-agreement-source/4',
  +     '--schema',
  +     '/home/charl/Moriarty-wt-moriarty-ll-loop-20260912-implement-authority-fee-binding/experiments/moriarty-language/spec/successor/examples/expression-funded-payment.schema.json',
  +     '/home/charl/Moriarty-wt-moriarty-ll-loop-20260912-implement-authority-fee-binding/experiments/moriarty-language/spec/successor/examples/financial-postconditions-payment.mori'
  +   ],
  +   syscall: 'spawnSync /home/charl/.foreman/tools/fnm/node-versions/v24.18.1/installation/bin/node'
  + }
  - undefined
  
      at invoke (file:///home/charl/Moriarty-wt-moriarty-ll-loop-20260912-implement-authority-fee-binding/experiments/moriarty-language/tests/financial-agreement-cli-v4.test.mjs:24:10)
      at failure (file:///home/charl/Moriarty-wt-moriarty-ll-loop-20260912-implement-authority-fee-binding/experiments/moriarty-language/tests/financial-agreement-cli-v4.test.mjs:36:18)
      at cliFailure (file:///home/charl/Moriarty-wt-moriarty-ll-loop-20260912-implement-authority-fee-binding/experiments/moriarty-language/tests/financial-agreement-cli-v4.test.mjs:41:53)
      at TestContext.<anonymous> (file:///home/charl/Moriarty-wt-moriarty-ll-loop-20260912-implement-authority-fee-binding/experiments/moriarty-language/tests/financial-agreement-cli-v4.test.mjs:119:3)
      at Test.runInAsyncScope (node:async_hooks:227:14)
      at Test.run (node:internal/test_runner/test:1325:25)
      at Test.processPendingSubtests (node:internal/test_runner/test:911:18)
      at Test.postRun (node:internal/test_runner/test:1465:19)
      at Test.run (node:internal/test_runner/test:1390:12)
      at async Test.processPendingSubtests (node:internal/test_runner/test:911:7) {
    generatedMessage: true,
    code: 'ERR_ASSERTION',
    actual: [Error],
    expected: undefined,
    operator: 'strictEqual',
    diff: 'simple'
  }

test at tests/financial-agreement-cli-v5.test.mjs:42:1
✖ agreement /5 check and format use no schema or action and match the API (138.089906ms)
  AssertionError [ERR_ASSERTION]: Expected values to be strictly equal:
  + actual - expected
  
  + Error: spawnSync /home/charl/.foreman/tools/fnm/node-versions/v24.18.1/installation/bin/node EPERM
  +     at Object.spawnSync (node:internal/child_process:1143:20)
  +     at spawnSync (node:child_process:911:24)
  +     at invoke (file:///home/charl/Moriarty-wt-moriarty-ll-loop-20260912-implement-authority-fee-binding/experiments/moriarty-language/tests/financial-agreement-cli-v5.test.mjs:22:18)
  +     at TestContext.<anonymous> (file:///home/charl/Moriarty-wt-moriarty-ll-loop-20260912-implement-authority-fee-binding/experiments/moriarty-language/tests/financial-agreement-cli-v5.test.mjs:45:19)
  +     at Test.runInAsyncScope (node:async_hooks:227:14)
  +     at Test.run (node:internal/test_runner/test:1325:25)
  +     at Test.processPendingSubtests (node:internal/test_runner/test:911:18)
  +     at Test.postRun (node:internal/test_runner/test:1465:19)
  +     at Test.run (node:internal/test_runner/test:1390:12)
  +     at async Test.processPendingSubtests (node:internal/test_runner/test:911:7) {
  +   code: 'EPERM',
  +   errno: -1,
  +   path: '/home/charl/.foreman/tools/fnm/node-versions/v24.18.1/installation/bin/node',
  +   spawnargs: [
  +     '/home/charl/Moriarty-wt-moriarty-ll-loop-20260912-implement-authority-fee-binding/experiments/moriarty-language/src/cli.ts',
  +     'check',
  +     '--profile',
  +     'moriarty-financial-agreement-source/5',
  +     '/home/charl/Moriarty-wt-moriarty-ll-loop-20260912-implement-authority-fee-binding/experiments/moriarty-language/spec/successor/examples/financial-lifecycle-payment.mori'
  +   ],
  +   syscall: 'spawnSync /home/charl/.foreman/tools/fnm/node-versions/v24.18.1/installation/bin/node'
  + }
  - undefined
  
      at invoke (file:///home/charl/Moriarty-wt-moriarty-ll-loop-20260912-implement-authority-fee-binding/experiments/moriarty-language/tests/financial-agreement-cli-v5.test.mjs:23:10)
      at TestContext.<anonymous> (file:///home/charl/Moriarty-wt-moriarty-ll-loop-20260912-implement-authority-fee-binding/experiments/moriarty-language/tests/financial-agreement-cli-v5.test.mjs:45:19)
      at Test.runInAsyncScope (node:async_hooks:227:14)
      at Test.run (node:internal/test_runner/test:1325:25)
      at Test.processPendingSubtests (node:internal/test_runner/test:911:18)
      at Test.postRun (node:internal/test_runner/test:1465:19)
      at Test.run (node:internal/test_runner/test:1390:12)
      at async Test.processPendingSubtests (node:internal/test_runner/test:911:7) {
    generatedMessage: true,
    code: 'ERR_ASSERTION',
    actual: [Error],
    expected: undefined,
    operator: 'strictEqual',
    diff: 'simple'
  }

test at tests/financial-agreement-cli-v5.test.mjs:55:1
✖ agreement /5 simulate requires --action and equals the API (145.493029ms)
  AssertionError [ERR_ASSERTION]: Expected values to be strictly equal:
  + actual - expected
  
  + Error: spawnSync /home/charl/.foreman/tools/fnm/node-versions/v24.18.1/installation/bin/node EPERM
  +     at Object.spawnSync (node:internal/child_process:1143:20)
  +     at spawnSync (node:child_process:911:24)
  +     at invoke (file:///home/charl/Moriarty-wt-moriarty-ll-loop-20260912-implement-authority-fee-binding/experiments/moriarty-language/tests/financial-agreement-cli-v5.test.mjs:22:18)
  +     at TestContext.<anonymous> (file:///home/charl/Moriarty-wt-moriarty-ll-loop-20260912-implement-authority-fee-binding/experiments/moriarty-language/tests/financial-agreement-cli-v5.test.mjs:67:18)
  +     at Test.runInAsyncScope (node:async_hooks:227:14)
  +     at Test.run (node:internal/test_runner/test:1325:25)
  +     at Test.processPendingSubtests (node:internal/test_runner/test:911:18)
  +     at Test.postRun (node:internal/test_runner/test:1465:19)
  +     at Test.run (node:internal/test_runner/test:1390:12)
  +     at async Test.processPendingSubtests (node:internal/test_runner/test:911:7) {
  +   code: 'EPERM',
  +   errno: -1,
  +   path: '/home/charl/.foreman/tools/fnm/node-versions/v24.18.1/installation/bin/node',
  +   spawnargs: [
  +     '/home/charl/Moriarty-wt-moriarty-ll-loop-20260912-implement-authority-fee-binding/experiments/moriarty-language/src/cli.ts',
  +     'simulate',
  +     '--profile',
  +     'moriarty-financial-agreement-source/5',
  +     '--action',
  +     'originate',
  +     '--snapshots',
  +     '/home/charl/Moriarty-wt-moriarty-ll-loop-20260912-implement-authority-fee-binding/experiments/moriarty-language/spec/successor/examples/financial-lifecycle-payment.snapshots.json',
  +     '--repayment-state',
  +     '/home/charl/Moriarty-wt-moriarty-ll-loop-20260912-implement-authority-fee-binding/experiments/moriarty-language/spec/successor/examples/financial-lifecycle-payment.state.json',
  +     '/home/charl/Moriarty-wt-moriarty-ll-loop-20260912-implement-authority-fee-binding/experiments/moriarty-language/spec/successor/examples/financial-lifecycle-payment.mori'
  +   ],
  +   syscall: 'spawnSync /home/charl/.foreman/tools/fnm/node-versions/v24.18.1/installation/bin/node'
  + }
  - undefined
  
      at invoke (file:///home/charl/Moriarty-wt-moriarty-ll-loop-20260912-implement-authority-fee-binding/experiments/moriarty-language/tests/financial-agreement-cli-v5.test.mjs:23:10)
      at TestContext.<anonymous> (file:///home/charl/Moriarty-wt-moriarty-ll-loop-20260912-implement-authority-fee-binding/experiments/moriarty-language/tests/financial-agreement-cli-v5.test.mjs:67:18)
      at Test.runInAsyncScope (node:async_hooks:227:14)
      at Test.run (node:internal/test_runner/test:1325:25)
      at Test.processPendingSubtests (node:internal/test_runner/test:911:18)
      at Test.postRun (node:internal/test_runner/test:1465:19)
      at Test.run (node:internal/test_runner/test:1390:12)
      at async Test.processPendingSubtests (node:internal/test_runner/test:911:7) {
    generatedMessage: true,
    code: 'ERR_ASSERTION',
    actual: [Error],
    expected: undefined,
    operator: 'strictEqual',
    diff: 'simple'
  }

test at tests/financial-agreement-cli-v5.test.mjs:72:1
✖ /5 rejects --schema; /4 stays on its form (114.809042ms)
  AssertionError [ERR_ASSERTION]: Expected values to be strictly equal:
  + actual - expected
  
  + Error: spawnSync /home/charl/.foreman/tools/fnm/node-versions/v24.18.1/installation/bin/node EPERM
  +     at Object.spawnSync (node:internal/child_process:1143:20)
  +     at spawnSync (node:child_process:911:24)
  +     at invoke (file:///home/charl/Moriarty-wt-moriarty-ll-loop-20260912-implement-authority-fee-binding/experiments/moriarty-language/tests/financial-agreement-cli-v5.test.mjs:22:18)
  +     at failure (file:///home/charl/Moriarty-wt-moriarty-ll-loop-20260912-implement-authority-fee-binding/experiments/moriarty-language/tests/financial-agreement-cli-v5.test.mjs:35:18)
  +     at cliFailure (file:///home/charl/Moriarty-wt-moriarty-ll-loop-20260912-implement-authority-fee-binding/experiments/moriarty-language/tests/financial-agreement-cli-v5.test.mjs:40:53)
  +     at TestContext.<anonymous> (file:///home/charl/Moriarty-wt-moriarty-ll-loop-20260912-implement-authority-fee-binding/experiments/moriarty-language/tests/financial-agreement-cli-v5.test.mjs:76:3)
  +     at Test.runInAsyncScope (node:async_hooks:227:14)
  +     at Test.run (node:internal/test_runner/test:1325:25)
  +     at Test.processPendingSubtests (node:internal/test_runner/test:911:18)
  +     at Test.postRun (node:internal/test_runner/test:1465:19) {
  +   code: 'EPERM',
  +   errno: -1,
  +   path: '/home/charl/.foreman/tools/fnm/node-versions/v24.18.1/installation/bin/node',
  +   spawnargs: [
  +     '/home/charl/Moriarty-wt-moriarty-ll-loop-20260912-implement-authority-fee-binding/experiments/moriarty-language/src/cli.ts',
  +     'check',
  +     '--profile',
  +     'moriarty-financial-agreement-source/5',
  +     '--schema',
  +     '/home/charl/Moriarty-wt-moriarty-ll-loop-20260912-implement-authority-fee-binding/experiments/moriarty-language/spec/successor/examples/expression-funded-payment.schema.json',
  +     '/home/charl/Moriarty-wt-moriarty-ll-loop-20260912-implement-authority-fee-binding/experiments/moriarty-language/spec/successor/examples/financial-lifecycle-payment.mori'
  +   ],
  +   syscall: 'spawnSync /home/charl/.foreman/tools/fnm/node-versions/v24.18.1/installation/bin/node'
  + }
  - undefined
  
      at invoke (file:///home/charl/Moriarty-wt-moriarty-ll-loop-20260912-implement-authority-fee-binding/experiments/moriarty-language/tests/financial-agreement-cli-v5.test.mjs:23:10)
      at failure (file:///home/charl/Moriarty-wt-moriarty-ll-loop-20260912-implement-authority-fee-binding/experiments/moriarty-language/tests/financial-agreement-cli-v5.test.mjs:35:18)
      at cliFailure (file:///home/charl/Moriarty-wt-moriarty-ll-loop-20260912-implement-authority-fee-binding/experiments/moriarty-language/tests/financial-agreement-cli-v5.test.mjs:40:53)
      at TestContext.<anonymous> (file:///home/charl/Moriarty-wt-moriarty-ll-loop-20260912-implement-authority-fee-binding/experiments/moriarty-language/tests/financial-agreement-cli-v5.test.mjs:76:3)
      at Test.runInAsyncScope (node:async_hooks:227:14)
      at Test.run (node:internal/test_runner/test:1325:25)
      at Test.processPendingSubtests (node:internal/test_runner/test:911:18)
      at Test.postRun (node:internal/test_runner/test:1465:19)
      at Test.run (node:internal/test_runner/test:1390:12)
      at async Test.processPendingSubtests (node:internal/test_runner/test:911:7) {
    generatedMessage: true,
    code: 'ERR_ASSERTION',
    actual: [Error],
    expected: undefined,
    operator: 'strictEqual',
    diff: 'simple'
  }

test at tests/financial-agreement-cli.test.mjs:51:1
✖ agreement check and format use no schema and match the API (119.279142ms)
  AssertionError [ERR_ASSERTION]: Expected values to be strictly equal:
  + actual - expected
  
  + Error: spawnSync /home/charl/.foreman/tools/fnm/node-versions/v24.18.1/installation/bin/node EPERM
  +     at Object.spawnSync (node:internal/child_process:1143:20)
  +     at spawnSync (node:child_process:911:24)
  +     at invoke (file:///home/charl/Moriarty-wt-moriarty-ll-loop-20260912-implement-authority-fee-binding/experiments/moriarty-language/tests/financial-agreement-cli.test.mjs:24:18)
  +     at TestContext.<anonymous> (file:///home/charl/Moriarty-wt-moriarty-ll-loop-20260912-implement-authority-fee-binding/experiments/moriarty-language/tests/financial-agreement-cli.test.mjs:54:19)
  +     at Test.runInAsyncScope (node:async_hooks:227:14)
  +     at Test.run (node:internal/test_runner/test:1325:25)
  +     at Test.processPendingSubtests (node:internal/test_runner/test:911:18)
  +     at Test.postRun (node:internal/test_runner/test:1465:19)
  +     at Test.run (node:internal/test_runner/test:1390:12)
  +     at async Test.processPendingSubtests (node:internal/test_runner/test:911:7) {
  +   code: 'EPERM',
  +   errno: -1,
  +   path: '/home/charl/.foreman/tools/fnm/node-versions/v24.18.1/installation/bin/node',
  +   spawnargs: [
  +     '/home/charl/Moriarty-wt-moriarty-ll-loop-20260912-implement-authority-fee-binding/experiments/moriarty-language/src/cli.ts',
  +     'check',
  +     '--profile',
  +     'moriarty-financial-agreement-source/1',
  +     '/home/charl/Moriarty-wt-moriarty-ll-loop-20260912-implement-authority-fee-binding/experiments/moriarty-language/spec/successor/examples/source-defined-payment.mori'
  +   ],
  +   syscall: 'spawnSync /home/charl/.foreman/tools/fnm/node-versions/v24.18.1/installation/bin/node'
  + }
  - undefined
  
      at invoke (file:///home/charl/Moriarty-wt-moriarty-ll-loop-20260912-implement-authority-fee-binding/experiments/moriarty-language/tests/financial-agreement-cli.test.mjs:25:10)
      at TestContext.<anonymous> (file:///home/charl/Moriarty-wt-moriarty-ll-loop-20260912-implement-authority-fee-binding/experiments/moriarty-language/tests/financial-agreement-cli.test.mjs:54:19)
      at Test.runInAsyncScope (node:async_hooks:227:14)
      at Test.run (node:internal/test_runner/test:1325:25)
      at Test.processPendingSubtests (node:internal/test_runner/test:911:18)
      at Test.postRun (node:internal/test_runner/test:1465:19)
      at Test.run (node:internal/test_runner/test:1390:12)
      at async Test.processPendingSubtests (node:internal/test_runner/test:911:7) {
    generatedMessage: true,
    code: 'ERR_ASSERTION',
    actual: [Error],
    expected: undefined,
    operator: 'strictEqual',
    diff: 'simple'
  }

test at tests/financial-agreement-cli.test.mjs:65:1
✖ agreement simulate CLI equals the API and the schema-based funded example (129.352652ms)
  AssertionError [ERR_ASSERTION]: Expected values to be strictly equal:
  + actual - expected
  
  + Error: spawnSync /home/charl/.foreman/tools/fnm/node-versions/v24.18.1/installation/bin/node EPERM
  +     at Object.spawnSync (node:internal/child_process:1143:20)
  +     at spawnSync (node:child_process:911:24)
  +     at invoke (file:///home/charl/Moriarty-wt-moriarty-ll-loop-20260912-implement-authority-fee-binding/experiments/moriarty-language/tests/financial-agreement-cli.test.mjs:24:18)
  +     at TestContext.<anonymous> (file:///home/charl/Moriarty-wt-moriarty-ll-loop-20260912-implement-authority-fee-binding/experiments/moriarty-language/tests/financial-agreement-cli.test.mjs:80:18)
  +     at Test.runInAsyncScope (node:async_hooks:227:14)
  +     at Test.run (node:internal/test_runner/test:1325:25)
  +     at Test.processPendingSubtests (node:internal/test_runner/test:911:18)
  +     at Test.postRun (node:internal/test_runner/test:1465:19)
  +     at Test.run (node:internal/test_runner/test:1390:12)
  +     at async Test.processPendingSubtests (node:internal/test_runner/test:911:7) {
  +   code: 'EPERM',
  +   errno: -1,
  +   path: '/home/charl/.foreman/tools/fnm/node-versions/v24.18.1/installation/bin/node',
  +   spawnargs: [
  +     '/home/charl/Moriarty-wt-moriarty-ll-loop-20260912-implement-authority-fee-binding/experiments/moriarty-language/src/cli.ts',
  +     'simulate',
  +     '--profile',
  +     'moriarty-financial-agreement-source/1',
  +     '--snapshots',
  +     '/home/charl/Moriarty-wt-moriarty-ll-loop-20260912-implement-authority-fee-binding/experiments/moriarty-language/spec/successor/examples/expression-funded-payment.snapshots.json',
  +     '--repayment-state',
  +     '/home/charl/Moriarty-wt-moriarty-ll-loop-20260912-implement-authority-fee-binding/experiments/moriarty-language/spec/successor/examples/expression-funded-payment.state.json',
  +     '/home/charl/Moriarty-wt-moriarty-ll-loop-20260912-implement-authority-fee-binding/experiments/moriarty-language/spec/successor/examples/source-defined-payment.mori'
  +   ],
  +   syscall: 'spawnSync /home/charl/.foreman/tools/fnm/node-versions/v24.18.1/installation/bin/node'
  + }
  - undefined
  
      at invoke (file:///home/charl/Moriarty-wt-moriarty-ll-loop-20260912-implement-authority-fee-binding/experiments/moriarty-language/tests/financial-agreement-cli.test.mjs:25:10)
      at TestContext.<anonymous> (file:///home/charl/Moriarty-wt-moriarty-ll-loop-20260912-implement-authority-fee-binding/experiments/moriarty-language/tests/financial-agreement-cli.test.mjs:80:18)
      at Test.runInAsyncScope (node:async_hooks:227:14)
      at Test.run (node:internal/test_runner/test:1325:25)
      at Test.processPendingSubtests (node:internal/test_runner/test:911:18)
      at Test.postRun (node:internal/test_runner/test:1465:19)
      at Test.run (node:internal/test_runner/test:1390:12)
      at async Test.processPendingSubtests (node:internal/test_runner/test:911:7) {
    generatedMessage: true,
    code: 'ERR_ASSERTION',
    actual: [Error],
    expected: undefined,
    operator: 'strictEqual',
    diff: 'simple'
  }

test at tests/financial-agreement-cli.test.mjs:93:1
✖ agreement CLI writes semantic rejection to stderr with empty stdout (135.88742ms)
  AssertionError [ERR_ASSERTION]: Expected values to be strictly equal:
  + actual - expected
  
  + Error: spawnSync /home/charl/.foreman/tools/fnm/node-versions/v24.18.1/installation/bin/node EPERM
  +     at Object.spawnSync (node:internal/child_process:1143:20)
  +     at spawnSync (node:child_process:911:24)
  +     at invoke (file:///home/charl/Moriarty-wt-moriarty-ll-loop-20260912-implement-authority-fee-binding/experiments/moriarty-language/tests/financial-agreement-cli.test.mjs:24:18)
  +     at failure (file:///home/charl/Moriarty-wt-moriarty-ll-loop-20260912-implement-authority-fee-binding/experiments/moriarty-language/tests/financial-agreement-cli.test.mjs:44:18)
  +     at TestContext.<anonymous> (file:///home/charl/Moriarty-wt-moriarty-ll-loop-20260912-implement-authority-fee-binding/experiments/moriarty-language/tests/financial-agreement-cli.test.mjs:105:3)
  +     at Test.runInAsyncScope (node:async_hooks:227:14)
  +     at Test.run (node:internal/test_runner/test:1325:25)
  +     at Test.processPendingSubtests (node:internal/test_runner/test:911:18)
  +     at Test.postRun (node:internal/test_runner/test:1465:19)
  +     at Test.run (node:internal/test_runner/test:1390:12) {
  +   code: 'EPERM',
  +   errno: -1,
  +   path: '/home/charl/.foreman/tools/fnm/node-versions/v24.18.1/installation/bin/node',
  +   spawnargs: [
  +     '/home/charl/Moriarty-wt-moriarty-ll-loop-20260912-implement-authority-fee-binding/experiments/moriarty-language/src/cli.ts',
  +     'simulate',
  +     '--profile',
  +     'moriarty-financial-agreement-source/1',
  +     '--snapshots',
  +     '/home/charl/Moriarty-wt-moriarty-ll-loop-20260912-implement-authority-fee-binding/experiments/moriarty-language/spec/successor/examples/expression-funded-payment.snapshots.json',
  +     '--repayment-state',
  +     '/home/charl/Moriarty-wt-moriarty-ll-loop-20260912-implement-authority-fee-binding/experiments/moriarty-language/spec/successor/examples/expression-funded-payment.state.json',
  +     '/tmp/moriarty-financial-agreement-cli-cCHSnJ/input 0'
  +   ],
  +   syscall: 'spawnSync /home/charl/.foreman/tools/fnm/node-versions/v24.18.1/installation/bin/node'
  + }
  - undefined
  
      at invoke (file:///home/charl/Moriarty-wt-moriarty-ll-loop-20260912-implement-authority-fee-binding/experiments/moriarty-language/tests/financial-agreement-cli.test.mjs:25:10)
      at failure (file:///home/charl/Moriarty-wt-moriarty-ll-loop-20260912-implement-authority-fee-binding/experiments/moriarty-language/tests/financial-agreement-cli.test.mjs:44:18)
      at TestContext.<anonymous> (file:///home/charl/Moriarty-wt-moriarty-ll-loop-20260912-implement-authority-fee-binding/experiments/moriarty-language/tests/financial-agreement-cli.test.mjs:105:3)
      at Test.runInAsyncScope (node:async_hooks:227:14)
      at Test.run (node:internal/test_runner/test:1325:25)
      at Test.processPendingSubtests (node:internal/test_runner/test:911:18)
      at Test.postRun (node:internal/test_runner/test:1465:19)
      at Test.run (node:internal/test_runner/test:1390:12)
      at async Test.processPendingSubtests (node:internal/test_runner/test:911:7) {
    generatedMessage: true,
    code: 'ERR_ASSERTION',
    actual: [Error],
    expected: undefined,
    operator: 'strictEqual',
    diff: 'simple'
  }

test at tests/financial-agreement-cli.test.mjs:108:1
✖ new profile rejects --schema and old profiles reject the schema-free forms (116.73589ms)
  AssertionError [ERR_ASSERTION]: Expected values to be strictly equal:
  + actual - expected
  
  + Error: spawnSync /home/charl/.foreman/tools/fnm/node-versions/v24.18.1/installation/bin/node EPERM
  +     at Object.spawnSync (node:internal/child_process:1143:20)
  +     at spawnSync (node:child_process:911:24)
  +     at invoke (file:///home/charl/Moriarty-wt-moriarty-ll-loop-20260912-implement-authority-fee-binding/experiments/moriarty-language/tests/financial-agreement-cli.test.mjs:24:18)
  +     at failure (file:///home/charl/Moriarty-wt-moriarty-ll-loop-20260912-implement-authority-fee-binding/experiments/moriarty-language/tests/financial-agreement-cli.test.mjs:44:18)
  +     at cliFailure (file:///home/charl/Moriarty-wt-moriarty-ll-loop-20260912-implement-authority-fee-binding/experiments/moriarty-language/tests/financial-agreement-cli.test.mjs:49:53)
  +     at TestContext.<anonymous> (file:///home/charl/Moriarty-wt-moriarty-ll-loop-20260912-implement-authority-fee-binding/experiments/moriarty-language/tests/financial-agreement-cli.test.mjs:113:3)
  +     at Test.runInAsyncScope (node:async_hooks:227:14)
  +     at Test.run (node:internal/test_runner/test:1325:25)
  +     at Test.processPendingSubtests (node:internal/test_runner/test:911:18)
  +     at Test.postRun (node:internal/test_runner/test:1465:19) {
  +   code: 'EPERM',
  +   errno: -1,
  +   path: '/home/charl/.foreman/tools/fnm/node-versions/v24.18.1/installation/bin/node',
  +   spawnargs: [
  +     '/home/charl/Moriarty-wt-moriarty-ll-loop-20260912-implement-authority-fee-binding/experiments/moriarty-language/src/cli.ts',
  +     'check',
  +     '--profile',
  +     'moriarty-financial-agreement-source/1',
  +     '--schema',
  +     '/home/charl/Moriarty-wt-moriarty-ll-loop-20260912-implement-authority-fee-binding/experiments/moriarty-language/spec/successor/examples/expression-funded-payment.schema.json',
  +     '/home/charl/Moriarty-wt-moriarty-ll-loop-20260912-implement-authority-fee-binding/experiments/moriarty-language/spec/successor/examples/source-defined-payment.mori'
  +   ],
  +   syscall: 'spawnSync /home/charl/.foreman/tools/fnm/node-versions/v24.18.1/installation/bin/node'
  + }
  - undefined
  
      at invoke (file:///home/charl/Moriarty-wt-moriarty-ll-loop-20260912-implement-authority-fee-binding/experiments/moriarty-language/tests/financial-agreement-cli.test.mjs:25:10)
      at failure (file:///home/charl/Moriarty-wt-moriarty-ll-loop-20260912-implement-authority-fee-binding/experiments/moriarty-language/tests/financial-agreement-cli.test.mjs:44:18)
      at cliFailure (file:///home/charl/Moriarty-wt-moriarty-ll-loop-20260912-implement-authority-fee-binding/experiments/moriarty-language/tests/financial-agreement-cli.test.mjs:49:53)
      at TestContext.<anonymous> (file:///home/charl/Moriarty-wt-moriarty-ll-loop-20260912-implement-authority-fee-binding/experiments/moriarty-language/tests/financial-agreement-cli.test.mjs:113:3)
      at Test.runInAsyncScope (node:async_hooks:227:14)
      at Test.run (node:internal/test_runner/test:1325:25)
      at Test.processPendingSubtests (node:internal/test_runner/test:911:18)
      at Test.postRun (node:internal/test_runner/test:1465:19)
      at Test.run (node:internal/test_runner/test:1390:12)
      at async Test.processPendingSubtests (node:internal/test_runner/test:911:7) {
    generatedMessage: true,
    code: 'ERR_ASSERTION',
    actual: [Error],
    expected: undefined,
    operator: 'strictEqual',
    diff: 'simple'
  }

test at tests/financial-agreement-cli.test.mjs:125:1
✖ agreement simulate retains snapshot and repayment-state transport limits (122.663531ms)
  AssertionError [ERR_ASSERTION]: Expected values to be strictly equal:
  + actual - expected
  
  + Error: spawnSync /home/charl/.foreman/tools/fnm/node-versions/v24.18.1/installation/bin/node EPERM
  +     at Object.spawnSync (node:internal/child_process:1143:20)
  +     at spawnSync (node:child_process:911:24)
  +     at invoke (file:///home/charl/Moriarty-wt-moriarty-ll-loop-20260912-implement-authority-fee-binding/experiments/moriarty-language/tests/financial-agreement-cli.test.mjs:24:18)
  +     at failure (file:///home/charl/Moriarty-wt-moriarty-ll-loop-20260912-implement-authority-fee-binding/experiments/moriarty-language/tests/financial-agreement-cli.test.mjs:44:18)
  +     at TestContext.<anonymous> (file:///home/charl/Moriarty-wt-moriarty-ll-loop-20260912-implement-authority-fee-binding/experiments/moriarty-language/tests/financial-agreement-cli.test.mjs:134:3)
  +     at Test.runInAsyncScope (node:async_hooks:227:14)
  +     at Test.run (node:internal/test_runner/test:1325:25)
  +     at Test.processPendingSubtests (node:internal/test_runner/test:911:18)
  +     at Test.postRun (node:internal/test_runner/test:1465:19)
  +     at Test.run (node:internal/test_runner/test:1390:12) {
  +   code: 'EPERM',
  +   errno: -1,
  +   path: '/home/charl/.foreman/tools/fnm/node-versions/v24.18.1/installation/bin/node',
  +   spawnargs: [
  +     '/home/charl/Moriarty-wt-moriarty-ll-loop-20260912-implement-authority-fee-binding/experiments/moriarty-language/src/cli.ts',
  +     'simulate',
  +     '--profile',
  +     'moriarty-financial-agreement-source/1',
  +     '--snapshots',
  +     '/home/charl/Moriarty-wt-moriarty-ll-loop-20260912-implement-authority-fee-binding/experiments/moriarty-language/spec/successor/examples/expression-funded-payment.snapshots.json',
  +     '--repayment-state',
  +     '/tmp/moriarty-financial-agreement-cli-cCHSnJ/input 1',
  +     '/home/charl/Moriarty-wt-moriarty-ll-loop-20260912-implement-authority-fee-binding/experiments/moriarty-language/spec/successor/examples/source-defined-payment.mori'
  +   ],
  +   syscall: 'spawnSync /home/charl/.foreman/tools/fnm/node-versions/v24.18.1/installation/bin/node'
  + }
  - undefined
  
      at invoke (file:///home/charl/Moriarty-wt-moriarty-ll-loop-20260912-implement-authority-fee-binding/experiments/moriarty-language/tests/financial-agreement-cli.test.mjs:25:10)
      at failure (file:///home/charl/Moriarty-wt-moriarty-ll-loop-20260912-implement-authority-fee-binding/experiments/moriarty-language/tests/financial-agreement-cli.test.mjs:44:18)
      at TestContext.<anonymous> (file:///home/charl/Moriarty-wt-moriarty-ll-loop-20260912-implement-authority-fee-binding/experiments/moriarty-language/tests/financial-agreement-cli.test.mjs:134:3)
      at Test.runInAsyncScope (node:async_hooks:227:14)
      at Test.run (node:internal/test_runner/test:1325:25)
      at Test.processPendingSubtests (node:internal/test_runner/test:911:18)
      at Test.postRun (node:internal/test_runner/test:1465:19)
      at Test.run (node:internal/test_runner/test:1390:12)
      at async Test.processPendingSubtests (node:internal/test_runner/test:911:7) {
    generatedMessage: true,
    code: 'ERR_ASSERTION',
    actual: [Error],
    expected: undefined,
    operator: 'strictEqual',
    diff: 'simple'
  }

test at tests/financial-agreement-cli.test.mjs:141:1
✖ old-profile simulate, check and format stay unchanged (118.561455ms)
  AssertionError [ERR_ASSERTION]: Expected values to be strictly equal:
  + actual - expected
  
  + Error: spawnSync /home/charl/.foreman/tools/fnm/node-versions/v24.18.1/installation/bin/node EPERM
  +     at Object.spawnSync (node:internal/child_process:1143:20)
  +     at spawnSync (node:child_process:911:24)
  +     at invoke (file:///home/charl/Moriarty-wt-moriarty-ll-loop-20260912-implement-authority-fee-binding/experiments/moriarty-language/tests/financial-agreement-cli.test.mjs:24:18)
  +     at TestContext.<anonymous> (file:///home/charl/Moriarty-wt-moriarty-ll-loop-20260912-implement-authority-fee-binding/experiments/moriarty-language/tests/financial-agreement-cli.test.mjs:145:27)
  +     at Test.runInAsyncScope (node:async_hooks:227:14)
  +     at Test.run (node:internal/test_runner/test:1325:25)
  +     at Test.processPendingSubtests (node:internal/test_runner/test:911:18)
  +     at Test.postRun (node:internal/test_runner/test:1465:19)
  +     at Test.run (node:internal/test_runner/test:1390:12)
  +     at async Test.processPendingSubtests (node:internal/test_runner/test:911:7) {
  +   code: 'EPERM',
  +   errno: -1,
  +   path: '/home/charl/.foreman/tools/fnm/node-versions/v24.18.1/installation/bin/node',
  +   spawnargs: [
  +     '/home/charl/Moriarty-wt-moriarty-ll-loop-20260912-implement-authority-fee-binding/experiments/moriarty-language/src/cli.ts',
  +     'simulate',
  +     '--profile',
  +     'moriarty-financial-expression-source/1',
  +     '--schema',
  +     '/home/charl/Moriarty-wt-moriarty-ll-loop-20260912-implement-authority-fee-binding/experiments/moriarty-language/spec/successor/examples/financial-vault-quote.schema.json',
  +     '--snapshots',
  +     '/home/charl/Moriarty-wt-moriarty-ll-loop-20260912-implement-authority-fee-binding/experiments/moriarty-language/spec/successor/examples/financial-vault-quote.snapshots.json',
  +     '/home/charl/Moriarty-wt-moriarty-ll-loop-20260912-implement-authority-fee-binding/experiments/moriarty-language/spec/successor/examples/financial-vault-quote.mori'
  +   ],
  +   syscall: 'spawnSync /home/charl/.foreman/tools/fnm/node-versions/v24.18.1/installation/bin/node'
  + }
  - undefined
  
      at invoke (file:///home/charl/Moriarty-wt-moriarty-ll-loop-20260912-implement-authority-fee-binding/experiments/moriarty-language/tests/financial-agreement-cli.test.mjs:25:10)
      at TestContext.<anonymous> (file:///home/charl/Moriarty-wt-moriarty-ll-loop-20260912-implement-authority-fee-binding/experiments/moriarty-language/tests/financial-agreement-cli.test.mjs:145:27)
      at Test.runInAsyncScope (node:async_hooks:227:14)
      at Test.run (node:internal/test_runner/test:1325:25)
      at Test.processPendingSubtests (node:internal/test_runner/test:911:18)
      at Test.postRun (node:internal/test_runner/test:1465:19)
      at Test.run (node:internal/test_runner/test:1390:12)
      at async Test.processPendingSubtests (node:internal/test_runner/test:911:7) {
    generatedMessage: true,
    code: 'ERR_ASSERTION',
    actual: [Error],
    expected: undefined,
    operator: 'strictEqual',
    diff: 'simple'
  }

test at tests/funded-expression-cli.test.mjs:111:1
✖ funded simulate CLI equals the adapter and includes initial ordinary and financial state (128.59713ms)
  AssertionError [ERR_ASSERTION]: Expected values to be strictly equal:
  + actual - expected
  
  + Error: spawnSync /home/charl/.foreman/tools/fnm/node-versions/v24.18.1/installation/bin/node EPERM
  +     at Object.spawnSync (node:internal/child_process:1143:20)
  +     at spawnSync (node:child_process:911:24)
  +     at invoke (file:///home/charl/Moriarty-wt-moriarty-ll-loop-20260912-implement-authority-fee-binding/experiments/moriarty-language/tests/funded-expression-cli.test.mjs:23:18)
  +     at TestContext.<anonymous> (file:///home/charl/Moriarty-wt-moriarty-ll-loop-20260912-implement-authority-fee-binding/experiments/moriarty-language/tests/funded-expression-cli.test.mjs:118:18)
  +     at Test.runInAsyncScope (node:async_hooks:227:14)
  +     at Test.run (node:internal/test_runner/test:1325:25)
  +     at Test.processPendingSubtests (node:internal/test_runner/test:911:18)
  +     at Test.postRun (node:internal/test_runner/test:1465:19)
  +     at Test.run (node:internal/test_runner/test:1390:12)
  +     at async Test.processPendingSubtests (node:internal/test_runner/test:911:7) {
  +   code: 'EPERM',
  +   errno: -1,
  +   path: '/home/charl/.foreman/tools/fnm/node-versions/v24.18.1/installation/bin/node',
  +   spawnargs: [
  +     '/home/charl/Moriarty-wt-moriarty-ll-loop-20260912-implement-authority-fee-binding/experiments/moriarty-language/src/cli.ts',
  +     'simulate',
  +     '--profile',
  +     'moriarty-financial-expression-source/1',
  +     '--schema',
  +     '/tmp/moriarty-funded-expression-cli-UvcQpx/input 0',
  +     '--snapshots',
  +     '/tmp/moriarty-funded-expression-cli-UvcQpx/input 1',
  +     '--repayment-state',
  +     '/tmp/moriarty-funded-expression-cli-UvcQpx/input 2',
  +     '/tmp/moriarty-funded-expression-cli-UvcQpx/input 3'
  +   ],
  +   syscall: 'spawnSync /home/charl/.foreman/tools/fnm/node-versions/v24.18.1/installation/bin/node'
  + }
  - undefined
  
      at invoke (file:///home/charl/Moriarty-wt-moriarty-ll-loop-20260912-implement-authority-fee-binding/experiments/moriarty-language/tests/funded-expression-cli.test.mjs:24:10)
      at TestContext.<anonymous> (file:///home/charl/Moriarty-wt-moriarty-ll-loop-20260912-implement-authority-fee-binding/experiments/moriarty-language/tests/funded-expression-cli.test.mjs:118:18)
      at Test.runInAsyncScope (node:async_hooks:227:14)
      at Test.run (node:internal/test_runner/test:1325:25)
      at Test.processPendingSubtests (node:internal/test_runner/test:911:18)
      at Test.postRun (node:internal/test_runner/test:1465:19)
      at Test.run (node:internal/test_runner/test:1390:12)
      at async Test.processPendingSubtests (node:internal/test_runner/test:911:7) {
    generatedMessage: true,
    code: 'ERR_ASSERTION',
    actual: [Error],
    expected: undefined,
    operator: 'strictEqual',
    diff: 'simple'
  }

test at tests/funded-expression-cli.test.mjs:131:1
✖ funded simulate CLI writes semantic rejection to stderr with empty stdout (133.964266ms)
  AssertionError [ERR_ASSERTION]: Expected values to be strictly equal:
  + actual - expected
  
  + Error: spawnSync /home/charl/.foreman/tools/fnm/node-versions/v24.18.1/installation/bin/node EPERM
  +     at Object.spawnSync (node:internal/child_process:1143:20)
  +     at spawnSync (node:child_process:911:24)
  +     at invoke (file:///home/charl/Moriarty-wt-moriarty-ll-loop-20260912-implement-authority-fee-binding/experiments/moriarty-language/tests/funded-expression-cli.test.mjs:23:18)
  +     at failure (file:///home/charl/Moriarty-wt-moriarty-ll-loop-20260912-implement-authority-fee-binding/experiments/moriarty-language/tests/funded-expression-cli.test.mjs:39:18)
  +     at TestContext.<anonymous> (file:///home/charl/Moriarty-wt-moriarty-ll-loop-20260912-implement-authority-fee-binding/experiments/moriarty-language/tests/funded-expression-cli.test.mjs:141:3)
  +     at Test.runInAsyncScope (node:async_hooks:227:14)
  +     at Test.run (node:internal/test_runner/test:1325:25)
  +     at Test.processPendingSubtests (node:internal/test_runner/test:911:18)
  +     at Test.postRun (node:internal/test_runner/test:1465:19)
  +     at Test.run (node:internal/test_runner/test:1390:12) {
  +   code: 'EPERM',
  +   errno: -1,
  +   path: '/home/charl/.foreman/tools/fnm/node-versions/v24.18.1/installation/bin/node',
  +   spawnargs: [
  +     '/home/charl/Moriarty-wt-moriarty-ll-loop-20260912-implement-authority-fee-binding/experiments/moriarty-language/src/cli.ts',
  +     'simulate',
  +     '--profile',
  +     'moriarty-financial-expression-source/1',
  +     '--schema',
  +     '/tmp/moriarty-funded-expression-cli-UvcQpx/input 4',
  +     '--snapshots',
  +     '/tmp/moriarty-funded-expression-cli-UvcQpx/input 5',
  +     '--repayment-state',
  +     '/tmp/moriarty-funded-expression-cli-UvcQpx/input 6',
  +     '/tmp/moriarty-funded-expression-cli-UvcQpx/input 7'
  +   ],
  +   syscall: 'spawnSync /home/charl/.foreman/tools/fnm/node-versions/v24.18.1/installation/bin/node'
  + }
  - undefined
  
      at invoke (file:///home/charl/Moriarty-wt-moriarty-ll-loop-20260912-implement-authority-fee-binding/experiments/moriarty-language/tests/funded-expression-cli.test.mjs:24:10)
      at failure (file:///home/charl/Moriarty-wt-moriarty-ll-loop-20260912-implement-authority-fee-binding/experiments/moriarty-language/tests/funded-expression-cli.test.mjs:39:18)
      at TestContext.<anonymous> (file:///home/charl/Moriarty-wt-moriarty-ll-loop-20260912-implement-authority-fee-binding/experiments/moriarty-language/tests/funded-expression-cli.test.mjs:141:3)
      at Test.runInAsyncScope (node:async_hooks:227:14)
      at Test.run (node:internal/test_runner/test:1325:25)
      at Test.processPendingSubtests (node:internal/test_runner/test:911:18)
      at Test.postRun (node:internal/test_runner/test:1465:19)
      at Test.run (node:internal/test_runner/test:1390:12)
      at async Test.processPendingSubtests (node:internal/test_runner/test:911:7) {
    generatedMessage: true,
    code: 'ERR_ASSERTION',
    actual: [Error],
    expected: undefined,
    operator: 'strictEqual',
    diff: 'simple'
  }

test at tests/funded-expression-cli.test.mjs:144:1
✖ repayment-state is rejected for the original profile, check, format and reordered flags (114.588644ms)
  AssertionError [ERR_ASSERTION]: Expected values to be strictly equal:
  + actual - expected
  
  + Error: spawnSync /home/charl/.foreman/tools/fnm/node-versions/v24.18.1/installation/bin/node EPERM
  +     at Object.spawnSync (node:internal/child_process:1143:20)
  +     at spawnSync (node:child_process:911:24)
  +     at invoke (file:///home/charl/Moriarty-wt-moriarty-ll-loop-20260912-implement-authority-fee-binding/experiments/moriarty-language/tests/funded-expression-cli.test.mjs:23:18)
  +     at failure (file:///home/charl/Moriarty-wt-moriarty-ll-loop-20260912-implement-authority-fee-binding/experiments/moriarty-language/tests/funded-expression-cli.test.mjs:39:18)
  +     at cliFailure (file:///home/charl/Moriarty-wt-moriarty-ll-loop-20260912-implement-authority-fee-binding/experiments/moriarty-language/tests/funded-expression-cli.test.mjs:44:53)
  +     at TestContext.<anonymous> (file:///home/charl/Moriarty-wt-moriarty-ll-loop-20260912-implement-authority-fee-binding/experiments/moriarty-language/tests/funded-expression-cli.test.mjs:149:3)
  +     at Test.runInAsyncScope (node:async_hooks:227:14)
  +     at Test.run (node:internal/test_runner/test:1325:25)
  +     at Test.processPendingSubtests (node:internal/test_runner/test:911:18)
  +     at Test.postRun (node:internal/test_runner/test:1465:19) {
  +   code: 'EPERM',
  +   errno: -1,
  +   path: '/home/charl/.foreman/tools/fnm/node-versions/v24.18.1/installation/bin/node',
  +   spawnargs: [
  +     '/home/charl/Moriarty-wt-moriarty-ll-loop-20260912-implement-authority-fee-binding/experiments/moriarty-language/src/cli.ts',
  +     'simulate',
  +     '--profile',
  +     'moriarty-expression-source/1',
  +     '--schema',
  +     '/tmp/moriarty-funded-expression-cli-UvcQpx/input 8',
  +     '--snapshots',
  +     '/tmp/moriarty-funded-expression-cli-UvcQpx/input 9',
  +     '--repayment-state',
  +     '/tmp/moriarty-funded-expression-cli-UvcQpx/input 10',
  +     '/tmp/moriarty-funded-expression-cli-UvcQpx/input 11'
  +   ],
  +   syscall: 'spawnSync /home/charl/.foreman/tools/fnm/node-versions/v24.18.1/installation/bin/node'
  + }
  - undefined
  
      at invoke (file:///home/charl/Moriarty-wt-moriarty-ll-loop-20260912-implement-authority-fee-binding/experiments/moriarty-language/tests/funded-expression-cli.test.mjs:24:10)
      at failure (file:///home/charl/Moriarty-wt-moriarty-ll-loop-20260912-implement-authority-fee-binding/experiments/moriarty-language/tests/funded-expression-cli.test.mjs:39:18)
      at cliFailure (file:///home/charl/Moriarty-wt-moriarty-ll-loop-20260912-implement-authority-fee-binding/experiments/moriarty-language/tests/funded-expression-cli.test.mjs:44:53)
      at TestContext.<anonymous> (file:///home/charl/Moriarty-wt-moriarty-ll-loop-20260912-implement-authority-fee-binding/experiments/moriarty-language/tests/funded-expression-cli.test.mjs:149:3)
      at Test.runInAsyncScope (node:async_hooks:227:14)
      at Test.run (node:internal/test_runner/test:1325:25)
      at Test.processPendingSubtests (node:internal/test_runner/test:911:18)
      at Test.postRun (node:internal/test_runner/test:1465:19)
      at Test.run (node:internal/test_runner/test:1390:12)
      at async Test.processPendingSubtests (node:internal/test_runner/test:911:7) {
    generatedMessage: true,
    code: 'ERR_ASSERTION',
    actual: [Error],
    expected: undefined,
    operator: 'strictEqual',
    diff: 'simple'
  }

test at tests/funded-expression-cli.test.mjs:161:1
✖ funded simulate CLI retains repayment-state transport limits and malformed JSON (123.140073ms)
  AssertionError [ERR_ASSERTION]: Expected values to be strictly equal:
  + actual - expected
  
  + Error: spawnSync /home/charl/.foreman/tools/fnm/node-versions/v24.18.1/installation/bin/node EPERM
  +     at Object.spawnSync (node:internal/child_process:1143:20)
  +     at spawnSync (node:child_process:911:24)
  +     at invoke (file:///home/charl/Moriarty-wt-moriarty-ll-loop-20260912-implement-authority-fee-binding/experiments/moriarty-language/tests/funded-expression-cli.test.mjs:23:18)
  +     at failure (file:///home/charl/Moriarty-wt-moriarty-ll-loop-20260912-implement-authority-fee-binding/experiments/moriarty-language/tests/funded-expression-cli.test.mjs:39:18)
  +     at TestContext.<anonymous> (file:///home/charl/Moriarty-wt-moriarty-ll-loop-20260912-implement-authority-fee-binding/experiments/moriarty-language/tests/funded-expression-cli.test.mjs:167:3)
  +     at Test.runInAsyncScope (node:async_hooks:227:14)
  +     at Test.run (node:internal/test_runner/test:1325:25)
  +     at Test.processPendingSubtests (node:internal/test_runner/test:911:18)
  +     at Test.postRun (node:internal/test_runner/test:1465:19)
  +     at Test.run (node:internal/test_runner/test:1390:12) {
  +   code: 'EPERM',
  +   errno: -1,
  +   path: '/home/charl/.foreman/tools/fnm/node-versions/v24.18.1/installation/bin/node',
  +   spawnargs: [
  +     '/home/charl/Moriarty-wt-moriarty-ll-loop-20260912-implement-authority-fee-binding/experiments/moriarty-language/src/cli.ts',
  +     'simulate',
  +     '--profile',
  +     'moriarty-financial-expression-source/1',
  +     '--schema',
  +     '/tmp/moriarty-funded-expression-cli-UvcQpx/input 12',
  +     '--snapshots',
  +     '/tmp/moriarty-funded-expression-cli-UvcQpx/input 13',
  +     '--repayment-state',
  +     '/tmp/moriarty-funded-expression-cli-UvcQpx/input 15',
  +     '/tmp/moriarty-funded-expression-cli-UvcQpx/input 14'
  +   ],
  +   syscall: 'spawnSync /home/charl/.foreman/tools/fnm/node-versions/v24.18.1/installation/bin/node'
  + }
  - undefined
  
      at invoke (file:///home/charl/Moriarty-wt-moriarty-ll-loop-20260912-implement-authority-fee-binding/experiments/moriarty-language/tests/funded-expression-cli.test.mjs:24:10)
      at failure (file:///home/charl/Moriarty-wt-moriarty-ll-loop-20260912-implement-authority-fee-binding/experiments/moriarty-language/tests/funded-expression-cli.test.mjs:39:18)
      at TestContext.<anonymous> (file:///home/charl/Moriarty-wt-moriarty-ll-loop-20260912-implement-authority-fee-binding/experiments/moriarty-language/tests/funded-expression-cli.test.mjs:167:3)
      at Test.runInAsyncScope (node:async_hooks:227:14)
      at Test.run (node:internal/test_runner/test:1325:25)
      at Test.processPendingSubtests (node:internal/test_runner/test:911:18)
      at Test.postRun (node:internal/test_runner/test:1465:19)
      at Test.run (node:internal/test_runner/test:1390:12)
      at async Test.processPendingSubtests (node:internal/test_runner/test:911:7) {
    generatedMessage: true,
    code: 'ERR_ASSERTION',
    actual: [Error],
    expected: undefined,
    operator: 'strictEqual',
    diff: 'simple'
  }

test at tests/funded-expression-cli.test.mjs:173:1
✖ pure simulate, check and format stay unchanged without repayment-state (126.865138ms)
  AssertionError [ERR_ASSERTION]: Expected values to be strictly equal:
  + actual - expected
  
  + Error: spawnSync /home/charl/.foreman/tools/fnm/node-versions/v24.18.1/installation/bin/node EPERM
  +     at Object.spawnSync (node:internal/child_process:1143:20)
  +     at spawnSync (node:child_process:911:24)
  +     at invoke (file:///home/charl/Moriarty-wt-moriarty-ll-loop-20260912-implement-authority-fee-binding/experiments/moriarty-language/tests/funded-expression-cli.test.mjs:23:18)
  +     at TestContext.<anonymous> (file:///home/charl/Moriarty-wt-moriarty-ll-loop-20260912-implement-authority-fee-binding/experiments/moriarty-language/tests/funded-expression-cli.test.mjs:177:27)
  +     at Test.runInAsyncScope (node:async_hooks:227:14)
  +     at Test.run (node:internal/test_runner/test:1325:25)
  +     at Test.processPendingSubtests (node:internal/test_runner/test:911:18)
  +     at Test.postRun (node:internal/test_runner/test:1465:19)
  +     at Test.run (node:internal/test_runner/test:1390:12)
  +     at async Test.processPendingSubtests (node:internal/test_runner/test:911:7) {
  +   code: 'EPERM',
  +   errno: -1,
  +   path: '/home/charl/.foreman/tools/fnm/node-versions/v24.18.1/installation/bin/node',
  +   spawnargs: [
  +     '/home/charl/Moriarty-wt-moriarty-ll-loop-20260912-implement-authority-fee-binding/experiments/moriarty-language/src/cli.ts',
  +     'simulate',
  +     '--profile',
  +     'moriarty-financial-expression-source/1',
  +     '--schema',
  +     '/home/charl/Moriarty-wt-moriarty-ll-loop-20260912-implement-authority-fee-binding/experiments/moriarty-language/spec/successor/examples/financial-vault-quote.schema.json',
  +     '--snapshots',
  +     '/home/charl/Moriarty-wt-moriarty-ll-loop-20260912-implement-authority-fee-binding/experiments/moriarty-language/spec/successor/examples/financial-vault-quote.snapshots.json',
  +     '/home/charl/Moriarty-wt-moriarty-ll-loop-20260912-implement-authority-fee-binding/experiments/moriarty-language/spec/successor/examples/financial-vault-quote.mori'
  +   ],
  +   syscall: 'spawnSync /home/charl/.foreman/tools/fnm/node-versions/v24.18.1/installation/bin/node'
  + }
  - undefined
  
      at invoke (file:///home/charl/Moriarty-wt-moriarty-ll-loop-20260912-implement-authority-fee-binding/experiments/moriarty-language/tests/funded-expression-cli.test.mjs:24:10)
      at TestContext.<anonymous> (file:///home/charl/Moriarty-wt-moriarty-ll-loop-20260912-implement-authority-fee-binding/experiments/moriarty-language/tests/funded-expression-cli.test.mjs:177:27)
      at Test.runInAsyncScope (node:async_hooks:227:14)
      at Test.run (node:internal/test_runner/test:1325:25)
      at Test.processPendingSubtests (node:internal/test_runner/test:911:18)
      at Test.postRun (node:internal/test_runner/test:1465:19)
      at Test.run (node:internal/test_runner/test:1390:12)
      at async Test.processPendingSubtests (node:internal/test_runner/test:911:7) {
    generatedMessage: true,
    code: 'ERR_ASSERTION',
    actual: [Error],
    expected: undefined,
    operator: 'strictEqual',
    diff: 'simple'
  }

test at tests/funded-expression-cli.test.mjs:205:1
✖ published expression-funded-payment example runs through the normal CLI (133.752334ms)
  AssertionError [ERR_ASSERTION]: Expected values to be strictly equal:
  + actual - expected
  
  + Error: spawnSync /home/charl/.foreman/tools/fnm/node-versions/v24.18.1/installation/bin/node EPERM
  +     at Object.spawnSync (node:internal/child_process:1143:20)
  +     at spawnSync (node:child_process:911:24)
  +     at invoke (file:///home/charl/Moriarty-wt-moriarty-ll-loop-20260912-implement-authority-fee-binding/experiments/moriarty-language/tests/funded-expression-cli.test.mjs:23:18)
  +     at TestContext.<anonymous> (file:///home/charl/Moriarty-wt-moriarty-ll-loop-20260912-implement-authority-fee-binding/experiments/moriarty-language/tests/funded-expression-cli.test.mjs:216:18)
  +     at Test.runInAsyncScope (node:async_hooks:227:14)
  +     at Test.run (node:internal/test_runner/test:1325:25)
  +     at Test.processPendingSubtests (node:internal/test_runner/test:911:18)
  +     at Test.postRun (node:internal/test_runner/test:1465:19)
  +     at Test.run (node:internal/test_runner/test:1390:12)
  +     at async Test.processPendingSubtests (node:internal/test_runner/test:911:7) {
  +   code: 'EPERM',
  +   errno: -1,
  +   path: '/home/charl/.foreman/tools/fnm/node-versions/v24.18.1/installation/bin/node',
  +   spawnargs: [
  +     '/home/charl/Moriarty-wt-moriarty-ll-loop-20260912-implement-authority-fee-binding/experiments/moriarty-language/src/cli.ts',
  +     'simulate',
  +     '--profile',
  +     'moriarty-financial-expression-source/1',
  +     '--schema',
  +     '/home/charl/Moriarty-wt-moriarty-ll-loop-20260912-implement-authority-fee-binding/experiments/moriarty-language/spec/successor/examples/expression-funded-payment.schema.json',
  +     '--snapshots',
  +     '/home/charl/Moriarty-wt-moriarty-ll-loop-20260912-implement-authority-fee-binding/experiments/moriarty-language/spec/successor/examples/expression-funded-payment.snapshots.json',
  +     '--repayment-state',
  +     '/home/charl/Moriarty-wt-moriarty-ll-loop-20260912-implement-authority-fee-binding/experiments/moriarty-language/spec/successor/examples/expression-funded-payment.state.json',
  +     '/home/charl/Moriarty-wt-moriarty-ll-loop-20260912-implement-authority-fee-binding/experiments/moriarty-language/spec/successor/examples/expression-funded-payment.mori'
  +   ],
  +   syscall: 'spawnSync /home/charl/.foreman/tools/fnm/node-versions/v24.18.1/installation/bin/node'
  + }
  - undefined
  
      at invoke (file:///home/charl/Moriarty-wt-moriarty-ll-loop-20260912-implement-authority-fee-binding/experiments/moriarty-language/tests/funded-expression-cli.test.mjs:24:10)
      at TestContext.<anonymous> (file:///home/charl/Moriarty-wt-moriarty-ll-loop-20260912-implement-authority-fee-binding/experiments/moriarty-language/tests/funded-expression-cli.test.mjs:216:18)
      at Test.runInAsyncScope (node:async_hooks:227:14)
      at Test.run (node:internal/test_runner/test:1325:25)
      at Test.processPendingSubtests (node:internal/test_runner/test:911:18)
      at Test.postRun (node:internal/test_runner/test:1465:19)
      at Test.run (node:internal/test_runner/test:1390:12)
      at async Test.processPendingSubtests (node:internal/test_runner/test:911:7) {
    generatedMessage: true,
    code: 'ERR_ASSERTION',
    actual: [Error],
    expected: undefined,
    operator: 'strictEqual',
    diff: 'simple'
  }

test at tests/lifecycle-k-corpus.test.mjs:69:1
✖ coverage inventory lists unsupported Core/4 constructors as open boundaries (0.340047ms)
  AssertionError [ERR_ASSERTION]: Expected values to be strictly equal:
  
  false !== true
  
      at TestContext.<anonymous> (file:///home/charl/Moriarty-wt-moriarty-ll-loop-20260912-implement-authority-fee-binding/experiments/moriarty-language/tests/lifecycle-k-corpus.test.mjs:70:10)
      at Test.runInAsyncScope (node:async_hooks:227:14)
      at Test.run (node:internal/test_runner/test:1325:25)
      at Test.processPendingSubtests (node:internal/test_runner/test:911:18)
      at Test.postRun (node:internal/test_runner/test:1465:19)
      at Test.run (node:internal/test_runner/test:1390:12)
      at async Test.processPendingSubtests (node:internal/test_runner/test:911:7) {
    generatedMessage: true,
    code: 'ERR_ASSERTION',
    actual: false,
    expected: true,
    operator: 'strictEqual',
    diff: 'simple'
  }

test at tests/lifecycle-k-corpus.test.mjs:83:1
✖ offline npm command reports K not executed (82.479657ms)
  AssertionError [ERR_ASSERTION]
      at TestContext.<anonymous> (file:///home/charl/Moriarty-wt-moriarty-ll-loop-20260912-implement-authority-fee-binding/experiments/moriarty-language/tests/lifecycle-k-corpus.test.mjs:86:10)
      at Test.runInAsyncScope (node:async_hooks:227:14)
      at Test.run (node:internal/test_runner/test:1325:25)
      at Test.processPendingSubtests (node:internal/test_runner/test:911:18)
      at Test.postRun (node:internal/test_runner/test:1465:19)
      at Test.run (node:internal/test_runner/test:1390:12)
      at async Test.processPendingSubtests (node:internal/test_runner/test:911:7) {
    generatedMessage: true,
    code: 'ERR_ASSERTION',
    actual: 1,
    expected: 1,
    operator: 'notStrictEqual',
    diff: 'simple'
  }

test at tests/loan-lifecycle.test.mjs:511:1
✖ CLI check, format and originate simulate match the public API (150.310138ms)
  AssertionError [ERR_ASSERTION]: Expected values to be strictly equal:
  + actual - expected
  
  + ''
  - '{"judgmentResult":"SourceChecked","sourceProfile":"moriarty-financial-agreement-source/5","actions":[{"action":"originate","staticWorkBound":"97"},{"action":"accrue","staticWorkBound":"64"},{"action":"repay","staticWorkBound":"86"},{"action":"settle","staticWorkBound":"84"}]}\n'
  
      at TestContext.<anonymous> (file:///home/charl/Moriarty-wt-moriarty-ll-loop-20260912-implement-authority-fee-binding/experiments/moriarty-language/tests/loan-lifecycle.test.mjs:519:10)
      at Test.runInAsyncScope (node:async_hooks:227:14)
      at Test.run (node:internal/test_runner/test:1325:25)
      at Test.processPendingSubtests (node:internal/test_runner/test:911:18)
      at Test.postRun (node:internal/test_runner/test:1465:19)
      at Test.run (node:internal/test_runner/test:1390:12)
      at async Test.processPendingSubtests (node:internal/test_runner/test:911:7) {
    generatedMessage: true,
    code: 'ERR_ASSERTION',
    actual: '',
    expected: '{"judgmentResult":"SourceChecked","sourceProfile":"moriarty-financial-agreement-source/5","actions":[{"action":"originate","staticWorkBound":"97"},{"action":"accrue","staticWorkBound":"64"},{"action":"repay","staticWorkBound":"86"},{"action":"settle","staticWorkBound":"84"}]}\n',
    operator: 'strictEqual',
    diff: 'simple'
  }

test at tests/successor-source-repayment.test.mjs:113:1
✖ CLI reads actual source and invocation and rejects with nonzero status (87.815912ms)
  SyntaxError: Unexpected end of JSON input
      at JSON.parse (<anonymous>)
      at TestContext.<anonymous> (file:///home/charl/Moriarty-wt-moriarty-ll-loop-20260912-implement-authority-fee-binding/experiments/moriarty-language/tests/successor-source-repayment.test.mjs:116:124)
      at Test.runInAsyncScope (node:async_hooks:227:14)
      at Test.run (node:internal/test_runner/test:1325:25)
      at Test.processPendingSubtests (node:internal/test_runner/test:911:18)
      at Test.postRun (node:internal/test_runner/test:1465:19)
      at Test.run (node:internal/test_runner/test:1390:12)
      at async Test.processPendingSubtests (node:internal/test_runner/test:911:7)

test at tests/successor-syntax.test.mjs:194:1
✖ lone surrogates, escaped surrogates and invalid UTF-8 reject (72.526847ms)
  AssertionError [ERR_ASSERTION]: The input did not match the regular expression /INVALID_UTF8/. Input:
  
  ''
  
      at TestContext.<anonymous> (file:///home/charl/Moriarty-wt-moriarty-ll-loop-20260912-implement-authority-fee-binding/experiments/moriarty-language/tests/successor-syntax.test.mjs:201:10)
      at Test.runInAsyncScope (node:async_hooks:227:14)
      at Test.run (node:internal/test_runner/test:1325:25)
      at Test.processPendingSubtests (node:internal/test_runner/test:911:18)
      at Test.postRun (node:internal/test_runner/test:1465:19)
      at Test.run (node:internal/test_runner/test:1390:12)
      at async Test.processPendingSubtests (node:internal/test_runner/test:911:7) {
    generatedMessage: true,
    code: 'ERR_ASSERTION',
    actual: '',
    expected: /INVALID_UTF8/,
    operator: 'match',
    diff: 'simple'
  }

test at tests/successor-syntax.test.mjs:344:1
✖ CLI check-syntax writes AST JSON and format writes idempotent source (75.808816ms)
  SyntaxError: Unexpected end of JSON input
      at JSON.parse (<anonymous>)
      at TestContext.<anonymous> (file:///home/charl/Moriarty-wt-moriarty-ll-loop-20260912-implement-authority-fee-binding/experiments/moriarty-language/tests/successor-syntax.test.mjs:347:20)
      at Test.runInAsyncScope (node:async_hooks:227:14)
      at Test.run (node:internal/test_runner/test:1325:25)
      at Test.processPendingSubtests (node:internal/test_runner/test:911:18)
      at Test.postRun (node:internal/test_runner/test:1465:19)
      at Test.run (node:internal/test_runner/test:1390:12)
      at async Test.processPendingSubtests (node:internal/test_runner/test:911:7)

test at tests/successor-syntax.test.mjs:357:1
✖ CLI rejects malformed arguments without writing files (82.130988ms)
  AssertionError [ERR_ASSERTION]: The input did not match the regular expression /CLI_USAGE/. Input:
  
  ''
  
      at TestContext.<anonymous> (file:///home/charl/Moriarty-wt-moriarty-ll-loop-20260912-implement-authority-fee-binding/experiments/moriarty-language/tests/successor-syntax.test.mjs:360:10)
      at Test.runInAsyncScope (node:async_hooks:227:14)
      at Test.run (node:internal/test_runner/test:1325:25)
      at Test.processPendingSubtests (node:internal/test_runner/test:911:18)
      at Test.postRun (node:internal/test_runner/test:1465:19)
      at Test.run (node:internal/test_runner/test:1390:12)
      at async Test.processPendingSubtests (node:internal/test_runner/test:911:7) {
    generatedMessage: true,
    code: 'ERR_ASSERTION',
    actual: '',
    expected: /CLI_USAGE/,
    operator: 'match',
    diff: 'simple'
  }
