{
  "coreBytes": 5716,
  "valueWBytes": 5638,
  "actual": {
    "judgmentResult": "ExpressionValue",
    "type": [
      "Option",
      [
        "Option",
        [
          "Option",
          [
            "Option",
            [
              "Option",
              [
                "Option",
                [
                  "Option",
                  [
                    "Option",
                    [
                      "Option",
                      [
                        "Option",
                        [
                          "Option",
                          [
                            "Option",
                            [
                              "Option",
                              [
                                "Option",
                                [
                                  "Option",
                                  [
                                    "Option",
                                    [
                                      "Option",
                                      [
                                        "Option",
                                        [
                                          "Option",
                                          [
                                            "Option",
                                            [
                                              "Option",
                                              [
                                                "Option",
                                                [
                                                  "Option",
                                                  [
                                                    "Option",
                                                    [
                                                      "Option",
                                                      [
                                                        "Option",
                                                        [
                                                          "Option",
                                                          [
                                                            "Option",
                                                            [
                                                              "Option",
                                                              [
                                                                "Option",
                                                                [
                                                                  "Option",
                                                                  [
                                                                    "Option",
                                                                    [
                                                                      "Option",
                                                                      [
                                                                        "Option",
                                                                        [
                                                                          "Option",
                                                                          [
                                                                            "Option",
                                                                            [
                                                                              "Option",
                                                                              [
                                                                                "Option",
                                                                                [
                                                                                  "Option",
                                                                                  [
                                                                                    "Option",
                                                                                    [
                                                                                      "Option",
                                                                                      [
                                                                                        "Option",
                                                                                        [
                                                                                          "Option",
                                                                                          [
                                                                                            "Option",
                                                                                            [
                                                                                              "Option",
                                                                                              [
                                                                                                "Option",
                                                                                                [
                                                                                                  "Option",
                                                                                                  [
                                                                                                    "Option",
                                                                                                    [
                                                                                                      "Option",
                                                                                                      [
                                                                                                        "Option",
                                                                                                        [
                                                                                                          "Option",
                                                                                                          [
                                                                                                            "Option",
                                                                                                            [
                                                                                                              "Option",
                                                                                                              [
                                                                                                                "Option",
                                                                                                                [
                                                                                                                  "Option",
                                                                                                                  [
                                                                                                                    "Option",
                                                                                                                    [
                                                                                                                      "Option",
                                                                                                                      [
                                                                                                                        "Option",
                                                                                                                        [
                                                                                                                          "Option",
                                                                                                                          [
                                                                                                                            "Option",
                                                                                                                            [
                                                                                                                              "Option",
                                                                                                                              [
                                                                                                                                "Option",
                                                                                                                                [
                                                                                                                                  "Option",
                                                                                                                                  [
                                                                                                                                    "Option",
                                                                                                                                    [
                                                                                                                                      "Option",
                                                                                                                                      [
                                                                                                                                        "Option",
                                                                                                                                        [
                                                                                                                                          "Option",
                                                                                                                                          [
                                                                                                                                            "Option",
                                                                                                                                            [
                                                                                                                                              "Option",
                                                                                                                                              [
                                                                                                                                                "Option",
                                                                                                                                                [
                                                                                                                                                  "Option",
                                                                                                                                                  [
                                                                                                                                                    "Option",
                                                                                                                                                    [
                                                                                                                                                      "Option",
                                                                                                                                                      [
                                                                                                                                                        "Option",
                                                                                                                                                        [
                                                                                                                                                          "Option",
                                                                                                                                                          [
                                                                                                                                                            "Option",
                                                                                                                                                            [
                                                                                                                                                              "Option",
                                                                                                                                                              [
                                                                                                                                                                "Option",
                                                                                                                                                                [
                                                                                                                                                                  "Option",
                                                                                                                                                                  [
                                                                                                                                                                    "Option",
                                                                                                                                                                    [
                                                                                                                                                                      "Option",
                                                                                                                                                                      [
                                                                                                                                                                        "Option",
                                                                                                                                                                        [
                                                                                                                                                                          "Option",
                                                                                                                                                                          [
                                                                                                                                                                            "Option",
                                                                                                                                                                            [
                                                                                                                                                                              "Option",
                                                                                                                                                                              [
                                                                                                                                                                                "Option",
                                                                                                                                                                                [
                                                                                                                                                                                  "Option",
                                                                                                                                                                                  [
                                                                                                                                                                                    "Option",
                                                                                                                                                                                    [
                                                                                                                                                                                      "Option",
                                                                                                                                                                                      [
                                                                                                                                                                                        "Option",
                                                                                                                                                                                        [
                                                                                                                                                                                          "Option",
                                                                                                                                                                                          [
                                                                                                                                                                                            "Option",
                                                                                                                                                                                            [
                                                                                                                                                                                              "Option",
                                                                                                                                                                                              [
                                                                                                                                                                                                "Option",
                                                                                                                                                                                                [
                                                                                                                                                                                                  "Option",
                                                                                                                                                                                                  [
                                                                                                                                                                                                    "Option",
                                                                                                                                                                                                    [
                                                                                                                                                                                                      "Option",
                                                                                                                                                                                                      [
                                                                                                                                                                                                        "Option",
                                                                                                                                                                                                        [
                                                                                                                                                                                                          "Option",
                                                                                                                                                                                                          [
                                                                                                                                                                                                            "Option",
                                                                                                                                                                                                            [
                                                                                                                                                                                                              "Option",
                                                                                                                                                                                                              [
                                                                                                                                                                                                                "Option",
                                                                                                                                                                                                                [
                                                                                                                                                                                                                  "Option",
                                                                                                                                                                                                                  [
                                                                                                                                                                                                                    "Option",
                                                                                                                                                                                                                    [
                                                                                                                                                                                                                      "Option",
                                                                                                                                                                                                                      [
                                                                                                                                                                                                                        "Option",
                                                                                                                                                                                                                        [
                                                                                                                                                                                                                          "Option",
                                                                                                                                                                                                                          [
                                                                                                                                                                                                                            "Option",
                                                                                                                                                                                                                            [
                                                                                                                                                                                                                              "Option",
                                                                                                                                                                                                                              [
                                                                                                                                                                                                                                "Option",
                                                                                                                                                                                                                                [
                                                                                                                                                                                                                                  "Option",
                                                                                                                                                                                                                                  [
                                                                                                                                                                                                                                    "Option",
                                                                                                                                                                                                                                    [
                                                                                                                                                                                                                                      "Option",
                                                                                                                                                                                                                                      [
                                                                                                                                                                                                                                        "Option",
                                                                                                                                                                                                                                        [
                                                                                                                                                                                                                                          "Option",
                                                                                                                                                                                                                                          [
                                                                                                                                                                                                                                            "Option",
                                                                                                                                                                                                                                            [
                                                                                                                                                                                                                                              "Option",
                                                                                                                                                                                                                                              [
                                                                                                                                                                                                                                                "Option",
                                                                                                                                                                                                                                                [
                                                                                                                                                                                                                                                  "Option",
                                                                                                                                                                                                                                                  [
                                                                                                                                                                                                                                                    "Option",
                                                                                                                                                                                                                                                    [
                                                                                                                                                                                                                                                      "Option",
                                                                                                                                                                                                                                                      [
                                                                                                                                                                                                                                                        "Option",
                                                                                                                                                                                                                                                        [
                                                                                                                                                                                                                                                          "Option",
                                                                                                                                                                                                                                                          [
                                                                                                                                                                                                                                                            "Option",
                                                                                                                                                                                                                                                            [
                                                                                                                                                                                                                                                              "Option",
                                                                                                                                                                                                                                                              [
                                                                                                                                                                                                                                                                "Option",
                                                                                                                                                                                                                                                                [
                                                                                                                                                                                                                                                                  "Option",
                                                                                                                                                                                                                                                                  [
                                                                                                                                                                                                                                                                    "Option",
                                                                                                                                                                                                                                                                    [
                                                                                                                                                                                                                                                                      "Option",
                                                                                                                                                                                                                                                                      [
                                                                                                                                                                                                                                                                        "Option",
                                                                                                                                                                                                                                                                        [
                                                                                                                                                                                                                                                                          "Option",
                                                                                                                                                                                                                                                                          [
                                                                                                                                                                                                                                                                            "Option",
                                                                                                                                                                                                                                                                            [
                                                                                                                                                                                                                                                                              "Option",
                                                                                                                                                                                                                                                                              [
                                                                                                                                                                                                                                                                                "Option",
                                                                                                                                                                                                                                                                                [
                                                                                                                                                                                                                                                                                  "Option",
                                                                                                                                                                                                                                                                                  [
                                                                                                                                                                                                                                                                                    "Option",
                                                                                                                                                                                                                                                                                    [
                                                                                                                                                                                                                                                                                      "Option",
                                                                                                                                                                                                                                                                                      [
                                                                                                                                                                                                                                                                                        "Option",
                                                                                                                                                                                                                                                                                        [
                                                                                                                                                                                                                                                                                          "Option",
                                                                                                                                                                                                                                                                                          [
                                                                                                                                                                                                                                                                                            "Option",
                                                                                                                                                                                                                                                                                            [
                                                                                                                                                                                                                                                                                              "Option",
                                                                                                                                                                                                                                                                                              [
                                                                                                                                                                                                                                                                                                "Option",
                                                                                                                                                                                                                                                                                                [
                                                                                                                                                                                                                                                                                                  "Option",
                                                                                                                                                                                                                                                                                                  [
                                                                                                                                                                                                                                                                                                    "Option",
                                                                                                                                                                                                                                                                                                    [
                                                                                                                                                                                                                                                                                                      "Option",
                                                                                                                                                                                                                                                                                                      [
                                                                                                                                                                                                                                                                                                        "Option",
                                                                                                                                                                                                                                                                                                        [
                                                                                                                                                                                                                                                                                                          "Option",
                                                                                                                                                                                                                                                                                                          [
                                                                                                                                                                                                                                                                                                            "Option",
                                                                                                                                                                                                                                                                                                            [
                                                                                                                                                                                                                                                                                                              "Option",
                                                                                                                                                                                                                                                                                                              [
                                                                                                                                                                                                                                                                                                                "Option",
                                                                                                                                                                                                                                                                                                                [
                                                                                                                                                                                                                                                                                                                  "Option",
                                                                                                                                                                                                                                                                                                                  [
                                                                                                                                                                                                                                                                                                                    "Option",
                                                                                                                                                                                                                                                                                                                    [
                                                                                                                                                                                                                                                                                                                      "Option",
                                                                                                                                                                                                                                                                                                                      [
                                                                                                                                                                                                                                                                                                                        "Option",
                                                                                                                                                                                                                                                                                                                        [
                                                                                                                                                                                                                                                                                                                          "Option",
                                                                                                                                                                                                                                                                                                                          [
                                                                                                                                                                                                                                                                                                                            "Option",
                                                                                                                                                                                                                                                                                                                            [
                                                                                                                                                                                                                                                                                                                              "Option",
                                                                                                                                                                                                                                                                                                                              [
                                                                                                                                                                                                                                                                                                                                "Option",
                                                                                                                                                                                                                                                                                                                                [
                                                                                                                                                                                                                                                                                                                                  "Option",
                                                                                                                                                                                                                                                                                                                                  [
                                                                                                                                                                                                                                                                                                                                    "Option",
                                                                                                                                                                                                                                                                                                                                    [
                                                                                                                                                                                                                                                                                                                                      "Option",
                                                                                                                                                                                                                                                                                                                                      [
                                                                                                                                                                                                                                                                                                                                        "Option",
                                                                                                                                                                                                                                                                                                                                        [
                                                                                                                                                                                                                                                                                                                                          "Option",
                                                                                                                                                                                                                                                                                                                                          [
                                                                                                                                                                                                                                                                                                                                            "Option",
                                                                                                                                                                                                                                                                                                                                            [
                                                                                                                                                                                                                                                                                                                                              "Option",
                                                                                                                                                                                                                                                                                                                                              [
                                                                                                                                                                                                                                                                                                                                                "Option",
                                                                                                                                                                                                                                                                                                                                                [
                                                                                                                                                                                                                                                                                                                                                  "Option",
                                                                                                                                                                                                                                                                                                                                                  [
                                                                                                                                                                                                                                                                                                                                                    "Option",
                                                                                                                                                                                                                                                                                                                                                    [
                                                                                                                                                                                                                                                                                                                                                      "Option",
                                                                                                                                                                                                                                                                                                                                                      [
                                                                                                                                                                                                                                                                                                                                                        "Option",
                                                                                                                                                                                                                                                                                                                                                        [
                                                                                                                                                                                                                                                                                                                                                          "Option",
                                                                                                                                                                                                                                                                                                                                                          [
                                                                                                                                                                                                                                                                                                                                                            "Option",
                                                                                                                                                                                                                                                                                                                                                            [
                                                                                                                                                                                                                                                                                                                                                              "Option",
                                                                                                                                                                                                                                                                                                                                                              [
                                                                                                                                                                                                                                                                                                                                                                "Option",
                                                                                                                                                                                                                                                                                                                                                                [
                                                                                                                                                                                                                                                                                                                                                                  "Option",
                                                                                                                                                                                                                                                                                                                                                                  [
                                                                                                                                                                                                                                                                                                                                                                    "Option",
                                                                                                                                                                                                                                                                                                                                                                    [
                                                                                                                                                                                                                                                                                                                                                                      "Option",
                                                                                                                                                                                                                                                                                                                                                                      [
                                                                                                                                                                                                                                                                                                                                                                        "Option",
                                                                                                                                                                                                                                                                                                                                                                        [
                                                                                                                                                                                                                                                                                                                                                                          "Option",
                                                                                                                                                                                                                                                                                                                                                                          [
                                                                                                                                                                                                                                                                                                                                                                            "Option",
                                                                                                                                                                                                                                                                                                                                                                            [
                                                                                                                                                                                                                                                                                                                                                                              "Option",
                                                                                                                                                                                                                                                                                                                                                                              [
                                                                                                                                                                                                                                                                                                                                                                                "Option",
                                                                                                                                                                                                                                                                                                                                                                                [
                                                                                                                                                                                                                                                                                                                                                                                  "Option",
                                                                                                                                                                                                                                                                                                                                                                                  [
                                                                                                                                                                                                                                                                                                                                                                                    "Option",
                                                                                                                                                                                                                                                                                                                                                                                    [
                                                                                                                                                                                                                                                                                                                                                                                      "Option",
                                                                                                                                                                                                                                                                                                                                                                                      [
                                                                                                                                                                                                                                                                                                                                                                                        "Option",
                                                                                                                                                                                                                                                                                                                                                                                        [
                                                                                                                                                                                                                                                                                                                                                                                          "Option",
                                                                                                                                                                                                                                                                                                                                                                                          [
                                                                                                                                                                                                                                                                                                                                                                                            "Option",
                                                                                                                                                                                                                                                                                                                                                                                            [
                                                                                                                                                                                                                                                                                                                                                                                              "Option",
                                                                                                                                                                                                                                                                                                                                                                                              [
                                                                                                                                                                                                                                                                                                                                                                                                "Option",
                                                                                                                                                                                                                                                                                                                                                                                                [
                                                                                                                                                                                                                                                                                                                                                                                                  "Option",
                                                                                                                                                                                                                                                                                                                                                                                                  [
                                                                                                                                                                                                                                                                                                                                                                                                    "Option",
                                                                                                                                                                                                                                                                                                                                                                                                    [
                                                                                                                                                                                                                                                                                                                                                                                                      "Option",
                                                                                                                                                                                                                                                                                                                                                                                                      [
                                                                                                                                                                                                                                                                                                                                                                                                        "Option",
                                                                                                                                                                                                                                                                                                                                                                                                        [
                                                                                                                                                                                                                                                                                                                                                                                                          "Option",
                                                                                                                                                                                                                                                                                                                                                                                                          [
                                                                                                                                                                                                                                                                                                                                                                                                            "Option",
                                                                                                                                                                                                                                                                                                                                                                                                            [
                                                                                                                                                                                                                                                                                                                                                                                                              "Option",
                                                                                                                                                                                                                                                                                                                                                                                                              [
                                                                                                                                                                                                                                                                                                                                                                                                                "Option",
                                                                                                                                                                                                                                                                                                                                                                                                                [
                                                                                                                                                                                                                                                                                                                                                                                                                  "Option",
                                                                                                                                                                                                                                                                                                                                                                                                                  [
                                                                                                                                                                                                                                                                                                                                                                                                                    "Option",
                                                                                                                                                                                                                                                                                                                                                                                                                    [
                                                                                                                                                                                                                                                                                                                                                                                                                      "Option",
                                                                                                                                                                                                                                                                                                                                                                                                                      [
                                                                                                                                                                                                                                                                                                                                                                                                                        "Option",
                                                                                                                                                                                                                                                                                                                                                                                                                        [
                                                                                                                                                                                                                                                                                                                                                                                                                          "Option",
                                                                                                                                                                                                                                                                                                                                                                                                                          [
                                                                                                                                                                                                                                                                                                                                                                                                                            "Option",
                                                                                                                                                                                                                                                                                                                                                                                                                            [
                                                                                                                                                                                                                                                                                                                                                                                                                              "Option",
                                                                                                                                                                                                                                                                                                                                                                                                                              [
                                                                                                                                                                                                                                                                                                                                                                                                                                "Option",
                                                                                                                                                                                                                                                                                                                                                                                                                                [
                                                                                                                                                                                                                                                                                                                                                                                                                                  "Option",
                                                                                                                                                                                                                                                                                                                                                                                                                                  [
                                                                                                                                                                                                                                                                                                                                                                                                                                    "Option",
                                                                                                                                                                                                                                                                                                                                                                                                                                    [
                                                                                                                                                                                                                                                                                                                                                                                                                                      "Option",
                                                                                                                                                                                                                                                                                                                                                                                                                                      [
                                                                                                                                                                                                                                                                                                                                                                                                                                        "Option",
                                                                                                                                                                                                                                                                                                                                                                                                                                        [
                                                                                                                                                                                                                                                                                                                                                                                                                                          "Option",
                                                                                                                                                                                                                                                                                                                                                                                                                                          [
                                                                                                                                                                                                                                                                                                                                                                                                                                            "Option",
                                                                                                                                                                                                                                                                                                                                                                                                                                            [
                                                                                                                                                                                                                                                                                                                                                                                                                                              "Option",
                                                                                                                                                                                                                                                                                                                                                                                                                                              [
                                                                                                                                                                                                                                                                                                                                                                                                                                                "Option",
                                                                                                                                                                                                                                                                                                                                                                                                                                                [
                                                                                                                                                                                                                                                                                                                                                                                                                                                  "Option",
                                                                                                                                                                                                                                                                                                                                                                                                                                                  [
                                                                                                                                                                                                                                                                                                                                                                                                                                                    "Option",
                                                                                                                                                                                                                                                                                                                                                                                                                                                    [
                                                                                                                                                                                                                                                                                                                                                                                                                                                      "Option",
                                                                                                                                                                                                                                                                                                                                                                                                                                                      [
                                                                                                                                                                                                                                                                                                                                                                                                                                                        "Option",
                                                                                                                                                                                                                                                                                                                                                                                                                                                        [
                                                                                                                                                                                                                                                                                                                                                                                                                                                          "Option",
                                                                                                                                                                                                                                                                                                                                                                                                                                                          [
                                                                                                                                                                                                                                                                                                                                                                                                                                                            "Option",
                                                                                                                                                                                                                                                                                                                                                                                                                                                            [
                                                                                                                                                                                                                                                                                                                                                                                                                                                              "Option",
                                                                                                                                                                                                                                                                                                                                                                                                                                                              [
                                                                                                                                                                                                                                                                                                                                                                                                                                                                "Option",
                                                                                                                                                                                                                                                                                                                                                                                                                                                                [
                                                                                                                                                                                                                                                                                                                                                                                                                                                                  "Option",
                                                                                                                                                                                                                                                                                                                                                                                                                                                                  [
                                                                                                                                                                                                                                                                                                                                                                                                                                                                    "Option",
                                                                                                                                                                                                                                                                                                                                                                                                                                                                    [
                                                                                                                                                                                                                                                                                                                                                                                                                                                                      "Option",
                                                                                                                                                                                                                                                                                                                                                                                                                                                                      [
                                                                                                                                                                                                                                                                                                                                                                                                                                                                        "Option",
                                                                                                                                                                                                                                                                                                                                                                                                                                                                        [
                                                                                                                                                                                                                                                                                                                                                                                                                                                                          "Option",
                                                                                                                                                                                                                                                                                                                                                                                                                                                                          [
                                                                                                                                                                                                                                                                                                                                                                                                                                                                            "Option",
                                                                                                                                                                                                                                                                                                                                                                                                                                                                            [
                                                                                                                                                                                                                                                                                                                                                                                                                                                                              "Option",
                                                                                                                                                                                                                                                                                                                                                                                                                                                                              [
                                                                                                                                                                                                                                                                                                                                                                                                                                                                                "Option",
                                                                                                                                                                                                                                                                                                                                                                                                                                                                                [
                                                                                                                                                                                                                                                                                                                                                                                                                                                                                  "Option",
                                                                                                                                                                                                                                                                                                                                                                                                                                                                                  [
                                                                                                                                                                                                                                                                                                                                                                                                                                                                                    "Option",
                                                                                                                                                                                                                                                                                                                                                                                                                                                                                    [
                                                                                                                                                                                                                                                                                                                                                                                                                                                                                      "Option",
                                                                                                                                                                                                                                                                                                                                                                                                                                                                                      [
                                                                                                                                                                                                                                                                                                                                                                                                                                                                                        "Option",
                                                                                                                                                                                                                                                                                                                                                                                                                                                                                        [
                                                                                                                                                                                                                                                                                                                                                                                                                                                                                          "Option",
                                                                                                                                                                                                                                                                                                                                                                                                                                                                                          [
                                                                                                                                                                                                                                                                                                                                                                                                                                                                                            "Option",
                                                                                                                                                                                                                                                                                                                                                                                                                                                                                            [
                                                                                                                                                                                                                                                                                                                                                                                                                                                                                              "Option",
                                                                                                                                                                                                                                                                                                                                                                                                                                                                                              [
                                                                                                                                                                                                                                                                                                                                                                                                                                                                                                "Option",
                                                                                                                                                                                                                                                                                                                                                                                                                                                                                                [
                                                                                                                                                                                                                                                                                                                                                                                                                                                                                                  "Option",
                                                                                                                                                                                                                                                                                                                                                                                                                                                                                                  [
                                                                                                                                                                                                                                                                                                                                                                                                                                                                                                    "Option",
                                                                                                                                                                                                                                                                                                                                                                                                                                                                                                    [
                                                                                                                                                                                                                                                                                                                                                                                                                                                                                                      "Option",
                                                                                                                                                                                                                                                                                                                                                                                                                                                                                                      [
                                                                                                                                                                                                                                                                                                                                                                                                                                                                                                        "Option",
                                                                                                                                                                                                                                                                                                                                                                                                                                                                                                        [
                                                                                                                                                                                                                                                                                                                                                                                                                                                                                                          "Option",
                                                                                                                                                                                                                                                                                                                                                                                                                                                                                                          [
                                                                                                                                                                                                                                                                                                                                                                                                                                                                                                            "Option",
                                                                                                                                                                                                                                                                                                                                                                                                                                                                                                            [
                                                                                                                                                                                                                                                                                                                                                                                                                                                                                                              "Option",
                                                                                                                                                                                                                                                                                                                                                                                                                                                                                                              [
                                                                                                                                                                                                                                                                                                                                                                                                                                                                                                                "Option",
                                                                                                                                                                                                                                                                                                                                                                                                                                                                                                                [
                                                                                                                                                                                                                                                                                                                                                                                                                                                                                                                  "Option",
                                                                                                                                                                                                                                                                                                                                                                                                                                                                                                                  [
                                                                                                                                                                                                                                                                                                                                                                                                                                                                                                                    "Option",
                                                                                                                                                                                                                                                                                                                                                                                                                                                                                                                    [
                                                                                                                                                                                                                                                                                                                                                                                                                                                                                                                      "Option",
                                                                                                                                                                                                                                                                                                                                                                                                                                                                                                                      [
                                                                                                                                                                                                                                                                                                                                                                                                                                                                                                                        "Option",
                                                                                                                                                                                                                                                                                                                                                                                                                                                                                                                        [
                                                                                                                                                                                                                                                                                                                                                                                                                                                                                                                          "Option",
                                                                                                                                                                                                                                                                                                                                                                                                                                                                                                                          [
                                                                                                                                                                                                                                                                                                                                                                                                                                                                                                                            "Option",
                                                                                                                                                                                                                                                                                                                                                                                                                                                                                                                            [
                                                                                                                                                                                                                                                                                                                                                                                                                                                                                                                              "Option",
                                                                                                                                                                                                                                                                                                                                                                                                                                                                                                                              [
                                                                                                                                                                                                                                                                                                                                                                                                                                                                                                                                "Option",
                                                                                                                                                                                                                                                                                                                                                                                                                                                                                                                                [
                                                                                                                                                                                                                                                                                                                                                                                                                                                                                                                                  "Option",
                                                                                                                                                                                                                                                                                                                                                                                                                                                                                                                                  [
                                                                                                                                                                                                                                                                                                                                                                                                                                                                                                                                    "Option",
                                                                                                                                                                                                                                                                                                                                                                                                                                                                                                                                    [
                                                                                                                                                                                                                                                                                                                                                                                                                                                                                                                                      "Option",
                                                                                                                                                                                                                                                                                                                                                                                                                                                                                                                                      [
                                                                                                                                                                                                                                                                                                                                                                                                                                                                                                                                        "Option",
                                                                                                                                                                                                                                                                                                                                                                                                                                                                                                                                        [
                                                                                                                                                                                                                                                                                                                                                                                                                                                                                                                                          "Option",
                                                                                                                                                                                                                                                                                                                                                                                                                                                                                                                                          [
                                                                                                                                                                                                                                                                                                                                                                                                                                                                                                                                            "Option",
                                                                                                                                                                                                                                                                                                                                                                                                                                                                                                                                            [
                                                                                                                                                                                                                                                                                                                                                                                                                                                                                                                                              "Option",
                                                                                                                                                                                                                                                                                                                                                                                                                                                                                                                                              [
                                                                                                                                                                                                                                                                                                                                                                                                                                                                                                                                                "Option",
                                                                                                                                                                                                                                                                                                                                                                                                                                                                                                                                                [
                                                                                                                                                                                                                                                                                                                                                                                                                                                                                                                                                  "Option",
                                                                                                                                                                                                                                                                                                                                                                                                                                                                                                                                                  [
                                                                                                                                                                                                                                                                                                                                                                                                                                                                                                                                                    "Option",
                                                                                                                                                                                                                                                                                                                                                                                                                                                                                                                                                    [
                                                                                                                                                                                                                                                                                                                                                                                                                                                                                                                                                      "Option",
                                                                                                                                                                                                                                                                                                                                                                                                                                                                                                                                                      [
                                                                                                                                                                                                                                                                                                                                                                                                                                                                                                                                                        "Option",
                                                                                                                                                                                                                                                                                                                                                                                                                                                                                                                                                        [
                                                                                                                                                                                                                                                                                                                                                                                                                                                                                                                                                          "Option",
                                                                                                                                                                                                                                                                                                                                                                                                                                                                                                                                                          [
                                                                                                                                                                                                                                                                                                                                                                                                                                                                                                                                                            "Option",
                                                                                                                                                                                                                                                                                                                                                                                                                                                                                                                                                            [
                                                                                                                                                                                                                                                                                                                                                                                                                                                                                                                                                              "Option",
                                                                                                                                                                                                                                                                                                                                                                                                                                                                                                                                                              [
                                                                                                                                                                                                                                                                                                                                                                                                                                                                                                                                                                "Option",
                                                                                                                                                                                                                                                                                                                                                                                                                                                                                                                                                                [
                                                                                                                                                                                                                                                                                                                                                                                                                                                                                                                                                                  "Option",
                                                                                                                                                                                                                                                                                                                                                                                                                                                                                                                                                                  [
                                                                                                                                                                                                                                                                                                                                                                                                                                                                                                                                                                    "Option",
                                                                                                                                                                                                                                                                                                                                                                                                                                                                                                                                                                    [
                                                                                                                                                                                                                                                                                                                                                                                                                                                                                                                                                                      "Option",
                                                                                                                                                                                                                                                                                                                                                                                                                                                                                                                                                                      [
                                                                                                                                                                                                                                                                                                                                                                                                                                                                                                                                                                        "Option",
                                                                                                                                                                                                                                                                                                                                                                                                                                                                                                                                                                        [
                                                                                                                                                                                                                                                                                                                                                                                                                                                                                                                                                                          "Option",
                                                                                                                                                                                                                                                                                                                                                                                                                                                                                                                                                                          [
                                                                                                                                                                                                                                                                                                                                                                                                                                                                                                                                                                            "Option",
                                                                                                                                                                                                                                                                                                                                                                                                                                                                                                                                                                            [
                                                                                                                                                                                                                                                                                                                                                                                                                                                                                                                                                                              "Option",
                                                                                                                                                                                                                                                                                                                                                                                                                                                                                                                                                                              [
                                                                                                                                                                                                                                                                                                                                                                                                                                                                                                                                                                                "Option",
                                                                                                                                                                                                                                                                                                                                                                                                                                                                                                                                                                                [
                                                                                                                                                                                                                                                                                                                                                                                                                                                                                                                                                                                  "Option",
                                                                                                                                                                                                                                                                                                                                                                                                                                                                                                                                                                                  [
                                                                                                                                                                                                                                                                                                                                                                                                                                                                                                                                                                                    "Option",
                                                                                                                                                                                                                                                                                                                                                                                                                                                                                                                                                                                    [
                                                                                                                                                                                                                                                                                                                                                                                                                                                                                                                                                                                      "Option",
                                                                                                                                                                                                                                                                                                                                                                                                                                                                                                                                                                                      [
                                                                                                                                                                                                                                                                                                                                                                                                                                                                                                                                                                                        "Option",
                                                                                                                                                                                                                                                                                                                                                                                                                                                                                                                                                                                        [
                                                                                                                                                                                                                                                                                                                                                                                                                                                                                                                                                                                          "Option",
                                                                                                                                                                                                                                                                                                                                                                                                                                                                                                                                                                                          [
                                                                                                                                                                                                                                                                                                                                                                                                                                                                                                                                                                                            "Option",
                                                                                                                                                                                                                                                                                                                                                                                                                                                                                                                                                                                            [
                                                                                                                                                                                                                                                                                                                                                                                                                                                                                                                                                                                              "Option",
                                                                                                                                                                                                                                                                                                                                                                                                                                                                                                                                                                                              [
                                                                                                                                                                                                                                                                                                                                                                                                                                                                                                                                                                                                "Option",
                                                                                                                                                                                                                                                                                                                                                                                                                                                                                                                                                                                                [
                                                                                                                                                                                                                                                                                                                                                                                                                                                                                                                                                                                                  "Option",
                                                                                                                                                                                                                                                                                                                                                                                                                                                                                                                                                                                                  [
                                                                                                                                                                                                                                                                                                                                                                                                                                                                                                                                                                                                    "Option",
                                                                                                                                                                                                                                                                                                                                                                                                                                                                                                                                                                                                    [
                                                                                                                                                                                                                                                                                                                                                                                                                                                                                                                                                                                                      "Option",
                                                                                                                                                                                                                                                                                                                                                                                                                                                                                                                                                                                                      [
                                                                                                                                                                                                                                                                                                                                                                                                                                                                                                                                                                                                        "Option",
                                                                                                                                                                                                                                                                                                                                                                                                                                                                                                                                                                                                        [
                                                                                                                                                                                                                                                                                                                                                                                                                                                                                                                                                                                                          "Option",
                                                                                                                                                                                                                                                                                                                                                                                                                                                                                                                                                                                                          [
                                                                                                                                                                                                                                                                                                                                                                                                                                                                                                                                                                                                            "Option",
                                                                                                                                                                                                                                                                                                                                                                                                                                                                                                                                                                                                            [
                                                                                                                                                                                                                                                                                                                                                                                                                                                                                                                                                                                                              "Option",
                                                                                                                                                                                                                                                                                                                                                                                                                                                                                                                                                                                                              [
                                                                                                                                                                                                                                                                                                                                                                                                                                                                                                                                                                                                                "Option",
                                                                                                                                                                                                                                                                                                                                                                                                                                                                                                                                                                                                                [
                                                                                                                                                                                                                                                                                                                                                                                                                                                                                                                                                                                                                  "Option",
                                                                                                                                                                                                                                                                                                                                                                                                                                                                                                                                                                                                                  [
                                                                                                                                                                                                                                                                                                                                                                                                                                                                                                                                                                                                                    "Option",
                                                                                                                                                                                                                                                                                                                                                                                                                                                                                                                                                                                                                    [
                                                                                                                                                                                                                                                                                                                                                                                                                                                                                                                                                                                                                      "Option",
                                                                                                                                                                                                                                                                                                                                                                                                                                                                                                                                                                                                                      [
                                                                                                                                                                                                                                                                                                                                                                                                                                                                                                                                                                                                                        "Option",
                                                                                                                                                                                                                                                                                                                                                                                                                                                                                                                                                                                                                        [
                                                                                                                                                                                                                                                                                                                                                                                                                                                                                                                                                                                                                          "Option",
                                                                                                                                                                                                                                                                                                                                                                                                                                                                                                                                                                                                                          [
                                                                                                                                                                                                                                                                                                                                                                                                                                                                                                                                                                                                                            "Option",
                                                                                                                                                                                                                                                                                                                                                                                                                                                                                                                                                                                                                            [
                                                                                                                                                                                                                                                                                                                                                                                                                                                                                                                                                                                                                              "Option",
                                                                                                                                                                                                                                                                                                                                                                                                                                                                                                                                                                                                                              [
                                                                                                                                                                                                                                                                                                                                                                                                                                                                                                                                                                                                                                "Option",
                                                                                                                                                                                                                                                                                                                                                                                                                                                                                                                                                                                                                                [
                                                                                                                                                                                                                                                                                                                                                                                                                                                                                                                                                                                                                                  "Option",
                                                                                                                                                                                                                                                                                                                                                                                                                                                                                                                                                                                                                                  [
                                                                                                                                                                                                                                                                                                                                                                                                                                                                                                                                                                                                                                    "Option",
                                                                                                                                                                                                                                                                                                                                                                                                                                                                                                                                                                                                                                    [
                                                                                                                                                                                                                                                                                                                                                                                                                                                                                                                                                                                                                                      "Option",
                                                                                                                                                                                                                                                                                                                                                                                                                                                                                                                                                                                                                                      [
                                                                                                                                                                                                                                                                                                                                                                                                                                                                                                                                                                                                                                        "Option",
                                                                                                                                                                                                                                                                                                                                                                                                                                                                                                                                                                                                                                        [
                                                                                                                                                                                                                                                                                                                                                                                                                                                                                                                                                                                                                                          "Option",
                                                                                                                                                                                                                                                                                                                                                                                                                                                                                                                                                                                                                                          [
                                                                                                                                                                                                                                                                                                                                                                                                                                                                                                                                                                                                                                            "Option",
                                                                                                                                                                                                                                                                                                                                                                                                                                                                                                                                                                                                                                            [
                                                                                                                                                                                                                                                                                                                                                                                                                                                                                                                                                                                                                                              "Option",
                                                                                                                                                                                                                                                                                                                                                                                                                                                                                                                                                                                                                                              [
                                                                                                                                                                                                                                                                                                                                                                                                                                                                                                                                                                                                                                                "Option",
                                                                                                                                                                                                                                                                                                                                                                                                                                                                                                                                                                                                                                                [
                                                                                                                                                                                                                                                                                                                                                                                                                                                                                                                                                                                                                                                  "Option",
                                                                                                                                                                                                                                                                                                                                                                                                                                                                                                                                                                                                                                                  [
                                                                                                                                                                                                                                                                                                                                                                                                                                                                                                                                                                                                                                                    "Option",
                                                                                                                                                                                                                                                                                                                                                                                                                                                                                                                                                                                                                                                    [
                                                                                                                                                                                                                                                                                                                                                                                                                                                                                                                                                                                                                                                      "Option",
                                                                                                                                                                                                                                                                                                                                                                                                                                                                                                                                                                                                                                                      [
                                                                                                                                                                                                                                                                                                                                                                                                                                                                                                                                                                                                                                                        "Option",
                                                                                                                                                                                                                                                                                                                                                                                                                                                                                                                                                                                                                                                        [
                                                                                                                                                                                                                                                                                                                                                                                                                                                                                                                                                                                                                                                          "Option",
                                                                                                                                                                                                                                                                                                                                                                                                                                                                                                                                                                                                                                                          [
                                                                                                                                                                                                                                                                                                                                                                                                                                                                                                                                                                                                                                                            "Option",
                                                                                                                                                                                                                                                                                                                                                                                                                                                                                                                                                                                                                                                            [
                                                                                                                                                                                                                                                                                                                                                                                                                                                                                                                                                                                                                                                              "Option",
                                                                                                                                                                                                                                                                                                                                                                                                                                                                                                                                                                                                                                                              [
                                                                                                                                                                                                                                                                                                                                                                                                                                                                                                                                                                                                                                                                "Option",
                                                                                                                                                                                                                                                                                                                                                                                                                                                                                                                                                                                                                                                                [
                                                                                                                                                                                                                                                                                                                                                                                                                                                                                                                                                                                                                                                                  "Option",
                                                                                                                                                                                                                                                                                                                                                                                                                                                                                                                                                                                                                                                                  [
                                                                                                                                                                                                                                                                                                                                                                                                                                                                                                                                                                                                                                                                    "Option",
                                                                                                                                                                                                                                                                                                                                                                                                                                                                                                                                                                                                                                                                    [
                                                                                                                                                                                                                                                                                                                                                                                                                                                                                                                                                                                                                                                                      "Option",
                                                                                                                                                                                                                                                                                                                                                                                                                                                                                                                                                                                                                                                                      [
                                                                                                                                                                                                                                                                                                                                                                                                                                                                                                                                                                                                                                                                        "Option",
                                                                                                                                                                                                                                                                                                                                                                                                                                                                                                                                                                                                                                                                        [
                                                                                                                                                                                                                                                                                                                                                                                                                                                                                                                                                                                                                                                                          "Option",
                                                                                                                                                                                                                                                                                                                                                                                                                                                                                                                                                                                                                                                                          [
                                                                                                                                                                                                                                                                                                                                                                                                                                                                                                                                                                                                                                                                            "Option",
                                                                                                                                                                                                                                                                                                                                                                                                                                                                                                                                                                                                                                                                            [
                                                                                                                                                                                                                                                                                                                                                                                                                                                                                                                                                                                                                                                                              "Option",
                                                                                                                                                                                                                                                                                                                                                                                                                                                                                                                                                                                                                                                                              [
                                                                                                                                                                                                                                                                                                                                                                                                                                                                                                                                                                                                                                                                                "Option",
                                                                                                                                                                                                                                                                                                                                                                                                                                                                                                                                                                                                                                                                                [
                                                                                                                                                                                                                                                                                                                                                                                                                                                                                                                                                                                                                                                                                  "Option",
                                                                                                                                                                                                                                                                                                                                                                                                                                                                                                                                                                                                                                                                                  [
                                                                                                                                                                                                                                                                                                                                                                                                                                                                                                                                                                                                                                                                                    "Option",
                                                                                                                                                                                                                                                                                                                                                                                                                                                                                                                                                                                                                                                                                    [
                                                                                                                                                                                                                                                                                                                                                                                                                                                                                                                                                                                                                                                                                      "Option",
                                                                                                                                                                                                                                                                                                                                                                                                                                                                                                                                                                                                                                                                                      [
                                                                                                                                                                                                                                                                                                                                                                                                                                                                                                                                                                                                                                                                                        "Option",
                                                                                                                                                                                                                                                                                                                                                                                                                                                                                                                                                                                                                                                                                        [
                                                                                                                                                                                                                                                                                                                                                                                                                                                                                                                                                                                                                                                                                          "Option",
                                                                                                                                                                                                                                                                                                                                                                                                                                                                                                                                                                                                                                                                                          [
                                                                                                                                                                                                                                                                                                                                                                                                                                                                                                                                                                                                                                                                                            "Option",
                                                                                                                                                                                                                                                                                                                                                                                                                                                                                                                                                                                                                                                                                            [
                                                                                                                                                                                                                                                                                                                                                                                                                                                                                                                                                                                                                                                                                              "Option",
                                                                                                                                                                                                                                                                                                                                                                                                                                                                                                                                                                                                                                                                                              [
                                                                                                                                                                                                                                                                                                                                                                                                                                                                                                                                                                                                                                                                                                "Option",
                                                                                                                                                                                                                                                                                                                                                                                                                                                                                                                                                                                                                                                                                                [
                                                                                                                                                                                                                                                                                                                                                                                                                                                                                                                                                                                                                                                                                                  "Option",
                                                                                                                                                                                                                                                                                                                                                                                                                                                                                                                                                                                                                                                                                                  [
                                                                                                                                                                                                                                                                                                                                                                                                                                                                                                                                                                                                                                                                                                    "Option",
                                                                                                                                                                                                                                                                                                                                                                                                                                                                                                                                                                                                                                                                                                    [
                                                                                                                                                                                                                                                                                                                                                                                                                                                                                                                                                                                                                                                                                                      "Option",
                                                                                                                                                                                                                                                                                                                                                                                                                                                                                                                                                                                                                                                                                                      [
                                                                                                                                                                                                                                                                                                                                                                                                                                                                                                                                                                                                                                                                                                        "Option",
                                                                                                                                                                                                                                                                                                                                                                                                                                                                                                                                                                                                                                                                                                        [
                                                                                                                                                                                                                                                                                                                                                                                                                                                                                                                                                                                                                                                                                                          "Option",
                                                                                                                                                                                                                                                                                                                                                                                                                                                                                                                                                                                                                                                                                                          [
                                                                                                                                                                                                                                                                                                                                                                                                                                                                                                                                                                                                                                                                                                            "Option",
                                                                                                                                                                                                                                                                                                                                                                                                                                                                                                                                                                                                                                                                                                            [
                                                                                                                                                                                                                                                                                                                                                                                                                                                                                                                                                                                                                                                                                                              "Option",
                                                                                                                                                                                                                                                                                                                                                                                                                                                                                                                                                                                                                                                                                                              [
                                                                                                                                                                                                                                                                                                                                                                                                                                                                                                                                                                                                                                                                                                                "Option",
                                                                                                                                                                                                                                                                                                                                                                                                                                                                                                                                                                                                                                                                                                                [
                                                                                                                                                                                                                                                                                                                                                                                                                                                                                                                                                                                                                                                                                                                  "Option",
                                                                                                                                                                                                                                                                                                                                                                                                                                                                                                                                                                                                                                                                                                                  [
                                                                                                                                                                                                                                                                                                                                                                                                                                                                                                                                                                                                                                                                                                                    "Option",
                                                                                                                                                                                                                                                                                                                                                                                                                                                                                                                                                                                                                                                                                                                    [
                                                                                                                                                                                                                                                                                                                                                                                                                                                                                                                                                                                                                                                                                                                      "Option",
                                                                                                                                                                                                                                                                                                                                                                                                                                                                                                                                                                                                                                                                                                                      [
                                                                                                                                                                                                                                                                                                                                                                                                                                                                                                                                                                                                                                                                                                                        "Option",
                                                                                                                                                                                                                                                                                                                                                                                                                                                                                                                                                                                                                                                                                                                        [
                                                                                                                                                                                                                                                                                                                                                                                                                                                                                                                                                                                                                                                                                                                          "Option",
                                                                                                                                                                                                                                                                                                                                                                                                                                                                                                                                                                                                                                                                                                                          [
                                                                                                                                                                                                                                                                                                                                                                                                                                                                                                                                                                                                                                                                                                                            "Option",
                                                                                                                                                                                                                                                                                                                                                                                                                                                                                                                                                                                                                                                                                                                            [
                                                                                                                                                                                                                                                                                                                                                                                                                                                                                                                                                                                                                                                                                                                              "Option",
                                                                                                                                                                                                                                                                                                                                                                                                                                                                                                                                                                                                                                                                                                                              [
                                                                                                                                                                                                                                                                                                                                                                                                                                                                                                                                                                                                                                                                                                                                "Option",
                                                                                                                                                                                                                                                                                                                                                                                                                                                                                                                                                                                                                                                                                                                                [
                                                                                                                                                                                                                                                                                                                                                                                                                                                                                                                                                                                                                                                                                                                                  "Option",
                                                                                                                                                                                                                                                                                                                                                                                                                                                                                                                                                                                                                                                                                                                                  [
                                                                                                                                                                                                                                                                                                                                                                                                                                                                                                                                                                                                                                                                                                                                    "Option",
                                                                                                                                                                                                                                                                                                                                                                                                                                                                                                                                                                                                                                                                                                                                    [
                                                                                                                                                                                                                                                                                                                                                                                                                                                                                                                                                                                                                                                                                                                                      "Option",
                                                                                                                                                                                                                                                                                                                                                                                                                                                                                                                                                                                                                                                                                                                                      [
                                                                                                                                                                                                                                                                                                                                                                                                                                                                                                                                                                                                                                                                                                                                        "Option",
                                                                                                                                                                                                                                                                                                                                                                                                                                                                                                                                                                                                                                                                                                                                        [
                                                                                                                                                                                                                                                                                                                                                                                                                                                                                                                                                                                                                                                                                                                                          "Option",
                                                                                                                                                                                                                                                                                                                                                                                                                                                                                                                                                                                                                                                                                                                                          [
                                                                                                                                                                                                                                                                                                                                                                                                                                                                                                                                                                                                                                                                                                                                            "Option",
                                                                                                                                                                                                                                                                                                                                                                                                                                                                                                                                                                                                                                                                                                                                            [
                                                                                                                                                                                                                                                                                                                                                                                                                                                                                                                                                                                                                                                                                                                                              "Option",
                                                                                                                                                                                                                                                                                                                                                                                                                                                                                                                                                                                                                                                                                                                                              [
                                                                                                                                                                                                                                                                                                                                                                                                                                                                                                                                                                                                                                                                                                                                                "Option",
                                                                                                                                                                                                                                                                                                                                                                                                                                                                                                                                                                                                                                                                                                                                                [
                                                                                                                                                                                                                                                                                                                                                                                                                                                                                                                                                                                                                                                                                                                                                  "Option",
                                                                                                                                                                                                                                                                                                                                                                                                                                                                                                                                                                                                                                                                                                                                                  [
                                                                                                                                                                                                                                                                                                                                                                                                                                                                                                                                                                                                                                                                                                                                                    "Option",
                                                                                                                                                                                                                                                                                                                                                                                                                                                                                                                                                                                                                                                                                                                                                    [
                                                                                                                                                                                                                                                                                                                                                                                                                                                                                                                                                                                                                                                                                                                                                      "Option",
                                                                                                                                                                                                                                                                                                                                                                                                                                                                                                                                                                                                                                                                                                                                                      [
                                                                                                                                                                                                                                                                                                                                                                                                                                                                                                                                                                                                                                                                                                                                                        "Option",
                                                                                                                                                                                                                                                                                                                                                                                                                                                                                                                                                                                                                                                                                                                                                        [
                                                                                                                                                                                                                                                                                                                                                                                                                                                                                                                                                                                                                                                                                                                                                          "Option",
                                                                                                                                                                                                                                                                                                                                                                                                                                                                                                                                                                                                                                                                                                                                                          [
                                                                                                                                                                                                                                                                                                                                                                                                                                                                                                                                                                                                                                                                                                                                                            "Option",
                                                                                                                                                                                                                                                                                                                                                                                                                                                                                                                                                                                                                                                                                                                                                            [
                                                                                                                                                                                                                                                                                                                                                                                                                                                                                                                                                                                                                                                                                                                                                              "Option",
                                                                                                                                                                                                                                                                                                                                                                                                                                                                                                                                                                                                                                                                                                                                                              [
                                                                                                                                                                                                                                                                                                                                                                                                                                                                                                                                                                                                                                                                                                                                                                "Option",
                                                                                                                                                                                                                                                                                                                                                                                                                                                                                                                                                                                                                                                                                                                                                                [
                                                                                                                                                                                                                                                                                                                                                                                                                                                                                                                                                                                                                                                                                                                                                                  "Option",
                                                                                                                                                                                                                                                                                                                                                                                                                                                                                                                                                                                                                                                                                                                                                                  [
                                                                                                                                                                                                                                                                                                                                                                                                                                                                                                                                                                                                                                                                                                                                                                    "Option",
                                                                                                                                                                                                                                                                                                                                                                                                                                                                                                                                                                                                                                                                                                                                                                    [
                                                                                                                                                                                                                                                                                                                                                                                                                                                                                                                                                                                                                                                                                                                                                                      "Option",
                                                                                                                                                                                                                                                                                                                                                                                                                                                                                                                                                                                                                                                                                                                                                                      [
                                                                                                                                                                                                                                                                                                                                                                                                                                                                                                                                                                                                                                                                                                                                                                        "Option",
                                                                                                                                                                                                                                                                                                                                                                                                                                                                                                                                                                                                                                                                                                                                                                        [
                                                                                                                                                                                                                                                                                                                                                                                                                                                                                                                                                                                                                                                                                                                                                                          "Option",
                                                                                                                                                                                                                                                                                                                                                                                                                                                                                                                                                                                                                                                                                                                                                                          [
                                                                                                                                                                                                                                                                                                                                                                                                                                                                                                                                                                                                                                                                                                                                                                            "Option",
                                                                                                                                                                                                                                                                                                                                                                                                                                                                                                                                                                                                                                                                                                                                                                            [
                                                                                                                                                                                                                                                                                                                                                                                                                                                                                                                                                                                                                                                                                                                                                                              "Option",
                                                                                                                                                                                                                                                                                                                                                                                                                                                                                                                                                                                                                                                                                                                                                                              [
                                                                                                                                                                                                                                                                                                                                                                                                                                                                                                                                                                                                                                                                                                                                                                                "Option",
                                                                                                                                                                                                                                                                                                                                                                                                                                                                                                                                                                                                                                                                                                                                                                                [
                                                                                                                                                                                                                                                                                                                                                                                                                                                                                                                                                                                                                                                                                                                                                                                  "Option",
                                                                                                                                                                                                                                                                                                                                                                                                                                                                                                                                                                                                                                                                                                                                                                                  [
                                                                                                                                                                                                                                                                                                                                                                                                                                                                                                                                                                                                                                                                                                                                                                                    "Option",
                                                                                                                                                                                                                                                                                                                                                                                                                                                                                                                                                                                                                                                                                                                                                                                    [
                                                                                                                                                                                                                                                                                                                                                                                                                                                                                                                                                                                                                                                                                                                                                                                      "Option",
                                                                                                                                                                                                                                                                                                                                                                                                                                                                                                                                                                                                                                                                                                                                                                                      [
                                                                                                                                                                                                                                                                                                                                                                                                                                                                                                                                                                                                                                                                                                                                                                                        "Option",
                                                                                                                                                                                                                                                                                                                                                                                                                                                                                                                                                                                                                                                                                                                                                                                        [
                                                                                                                                                                                                                                                                                                                                                                                                                                                                                                                                                                                                                                                                                                                                                                                          "Option",
                                                                                                                                                                                                                                                                                                                                                                                                                                                                                                                                                                                                                                                                                                                                                                                          [
                                                                                                                                                                                                                                                                                                                                                                                                                                                                                                                                                                                                                                                                                                                                                                                            "Option",
                                                                                                                                                                                                                                                                                                                                                                                                                                                                                                                                                                                                                                                                                                                                                                                            [
                                                                                                                                                                                                                                                                                                                                                                                                                                                                                                                                                                                                                                                                                                                                                                                              "Option",
                                                                                                                                                                                                                                                                                                                                                                                                                                                                                                                                                                                                                                                                                                                                                                                              [
                                                                                                                                                                                                                                                                                                                                                                                                                                                                                                                                                                                                                                                                                                                                                                                                "Option",
                                                                                                                                                                                                                                                                                                                                                                                                                                                                                                                                                                                                                                                                                                                                                                                                [
                                                                                                                                                                                                                                                                                                                                                                                                                                                                                                                                                                                                                                                                                                                                                                                                  "Option",
                                                                                                                                                                                                                                                                                                                                                                                                                                                                                                                                                                                                                                                                                                                                                                                                  [
                                                                                                                                                                                                                                                                                                                                                                                                                                                                                                                                                                                                                                                                                                                                                                                                    "Option",
                                                                                                                                                                                                                                                                                                                                                                                                                                                                                                                                                                                                                                                                                                                                                                                                    [
                                                                                                                                                                                                                                                                                                                                                                                                                                                                                                                                                                                                                                                                                                                                                                                                      "Option",
                                                                                                                                                                                                                                                                                                                                                                                                                                                                                                                                                                                                                                                                                                                                                                                                      [
                                                                                                                                                                                                                                                                                                                                                                                                                                                                                                                                                                                                                                                                                                                                                                                                        "Option",
                                                                                                                                                                                                                                                                                                                                                                                                                                                                                                                                                                                                                                                                                                                                                                                                        [
                                                                                                                                                                                                                                                                                                                                                                                                                                                                                                                                                                                                                                                                                                                                                                                                          "Option",
                                                                                                                                                                                                                                                                                                                                                                                                                                                                                                                                                                                                                                                                                                                                                                                                          [
                                                                                                                                                                                                                                                                                                                                                                                                                                                                                                                                                                                                                                                                                                                                                                                                            "Option",
                                                                                                                                                                                                                                                                                                                                                                                                                                                                                                                                                                                                                                                                                                                                                                                                            [
                                                                                                                                                                                                                                                                                                                                                                                                                                                                                                                                                                                                                                                                                                                                                                                                              "Option",
                                                                                                                                                                                                                                                                                                                                                                                                                                                                                                                                                                                                                                                                                                                                                                                                              [
                                                                                                                                                                                                                                                                                                                                                                                                                                                                                                                                                                                                                                                                                                                                                                                                                "Option",
                                                                                                                                                                                                                                                                                                                                                                                                                                                                                                                                                                                                                                                                                                                                                                                                                [
                                                                                                                                                                                                                                                                                                                                                                                                                                                                                                                                                                                                                                                                                                                                                                                                                  "Option",
                                                                                                                                                                                                                                                                                                                                                                                                                                                                                                                                                                                                                                                                                                                                                                                                                  [
                                                                                                                                                                                                                                                                                                                                                                                                                                                                                                                                                                                                                                                                                                                                                                                                                    "Option",
                                                                                                                                                                                                                                                                                                                                                                                                                                                                                                                                                                                                                                                                                                                                                                                                                    [
                                                                                                                                                                                                                                                                                                                                                                                                                                                                                                                                                                                                                                                                                                                                                                                                                      "Option",
                                                                                                                                                                                                                                                                                                                                                                                                                                                                                                                                                                                                                                                                                                                                                                                                                      [
                                                                                                                                                                                                                                                                                                                                                                                                                                                                                                                                                                                                                                                                                                                                                                                                                        "Option",
                                                                                                                                                                                                                                                                                                                                                                                                                                                                                                                                                                                                                                                                                                                                                                                                                        [
                                                                                                                                                                                                                                                                                                                                                                                                                                                                                                                                                                                                                                                                                                                                                                                                                          "Option",
                                                                                                                                                                                                                                                                                                                                                                                                                                                                                                                                                                                                                                                                                                                                                                                                                          [
                                                                                                                                                                                                                                                                                                                                                                                                                                                                                                                                                                                                                                                                                                                                                                                                                            "Option",
                                                                                                                                                                                                                                                                                                                                                                                                                                                                                                                                                                                                                                                                                                                                                                                                                            [
                                                                                                                                                                                                                                                                                                                                                                                                                                                                                                                                                                                                                                                                                                                                                                                                                              "Option",
                                                                                                                                                                                                                                                                                                                                                                                                                                                                                                                                                                                                                                                                                                                                                                                                                              [
                                                                                                                                                                                                                                                                                                                                                                                                                                                                                                                                                                                                                                                                                                                                                                                                                                "Option",
                                                                                                                                                                                                                                                                                                                                                                                                                                                                                                                                                                                                                                                                                                                                                                                                                                [
                                                                                                                                                                                                                                                                                                                                                                                                                                                                                                                                                                                                                                                                                                                                                                                                                                  "Option",
                                                                                                                                                                                                                                                                                                                                                                                                                                                                                                                                                                                                                                                                                                                                                                                                                                  [
                                                                                                                                                                                                                                                                                                                                                                                                                                                                                                                                                                                                                                                                                                                                                                                                                                    "Option",
                                                                                                                                                                                                                                                                                                                                                                                                                                                                                                                                                                                                                                                                                                                                                                                                                                    [
                                                                                                                                                                                                                                                                                                                                                                                                                                                                                                                                                                                                                                                                                                                                                                                                                                      "Option",
                                                                                                                                                                                                                                                                                                                                                                                                                                                                                                                                                                                                                                                                                                                                                                                                                                      [
                                                                                                                                                                                                                                                                                                                                                                                                                                                                                                                                                                                                                                                                                                                                                                                                                                        "Option",
                                                                                                                                                                                                                                                                                                                                                                                                                                                                                                                                                                                                                                                                                                                                                                                                                                        [
                                                                                                                                                                                                                                                                                                                                                                                                                                                                                                                                                                                                                                                                                                                                                                                                                                          "Option",
                                                                                                                                                                                                                                                                                                                                                                                                                                                                                                                                                                                                                                                                                                                                                                                                                                          [
                                                                                                                                                                                                                                                                                                                                                                                                                                                                                                                                                                                                                                                                                                                                                                                                                                            "Option",
                                                                                                                                                                                                                                                                                                                                                                                                                                                                                                                                                                                                                                                                                                                                                                                                                                            [
                                                                                                                                                                                                                                                                                                                                                                                                                                                                                                                                                                                                                                                                                                                                                                                                                                              "Option",
                                                                                                                                                                                                                                                                                                                                                                                                                                                                                                                                                                                                                                                                                                                                                                                                                                              [
                                                                                                                                                                                                                                                                                                                                                                                                                                                                                                                                                                                                                                                                                                                                                                                                                                                "Option",
                                                                                                                                                                                                                                                                                                                                                                                                                                                                                                                                                                                                                                                                                                                                                                                                                                                [
                                                                                                                                                                                                                                                                                                                                                                                                                                                                                                                                                                                                                                                                                                                                                                                                                                                  "Option",
                                                                                                                                                                                                                                                                                                                                                                                                                                                                                                                                                                                                                                                                                                                                                                                                                                                  [
                                                                                                                                                                                                                                                                                                                                                                                                                                                                                                                                                                                                                                                                                                                                                                                                                                                    "Option",
                                                                                                                                                                                                                                                                                                                                                                                                                                                                                                                                                                                                                                                                                                                                                                                                                                                    [
                                                                                                                                                                                                                                                                                                                                                                                                                                                                                                                                                                                                                                                                                                                                                                                                                                                      "Option",
                                                                                                                                                                                                                                                                                                                                                                                                                                                                                                                                                                                                                                                                                                                                                                                                                                                      [
                                                                                                                                                                                                                                                                                                                                                                                                                                                                                                                                                                                                                                                                                                                                                                                                                                                        "Option",
                                                                                                                                                                                                                                                                                                                                                                                                                                                                                                                                                                                                                                                                                                                                                                                                                                                        [
                                                                                                                                                                                                                                                                                                                                                                                                                                                                                                                                                                                                                                                                                                                                                                                                                                                          "Option",
                                                                                                                                                                                                                                                                                                                                                                                                                                                                                                                                                                                                                                                                                                                                                                                                                                                          [
                                                                                                                                                                                                                                                                                                                                                                                                                                                                                                                                                                                                                                                                                                                                                                                                                                                            "Option",
                                                                                                                                                                                                                                                                                                                                                                                                                                                                                                                                                                                                                                                                                                                                                                                                                                                            [
                                                                                                                                                                                                                                                                                                                                                                                                                                                                                                                                                                                                                                                                                                                                                                                                                                                              "Option",
                                                                                                                                                                                                                                                                                                                                                                                                                                                                                                                                                                                                                                                                                                                                                                                                                                                              [
                                                                                                                                                                                                                                                                                                                                                                                                                                                                                                                                                                                                                                                                                                                                                                                                                                                                "Option",
                                                                                                                                                                                                                                                                                                                                                                                                                                                                                                                                                                                                                                                                                                                                                                                                                                                                [
                                                                                                                                                                                                                                                                                                                                                                                                                                                                                                                                                                                                                                                                                                                                                                                                                                                                  "Option",
                                                                                                                                                                                                                                                                                                                                                                                                                                                                                                                                                                                                                                                                                                                                                                                                                                                                  [
                                                                                                                                                                                                                                                                                                                                                                                                                                                                                                                                                                                                                                                                                                                                                                                                                                                                    "Option",
                                                                                                                                                                                                                                                                                                                                                                                                                                                                                                                                                                                                                                                                                                                                                                                                                                                                    [
                                                                                                                                                                                                                                                                                                                                                                                                                                                                                                                                                                                                                                                                                                                                                                                                                                                                      "Option",
                                                                                                                                                                                                                                                                                                                                                                                                                                                                                                                                                                                                                                                                                                                                                                                                                                                                      [
                                                                                                                                                                                                                                                                                                                                                                                                                                                                                                                                                                                                                                                                                                                                                                                                                                                                        "Option",
                                                                                                                                                                                                                                                                                                                                                                                                                                                                                                                                                                                                                                                                                                                                                                                                                                                                        [
                                                                                                                                                                                                                                                                                                                                                                                                                                                                                                                                                                                                                                                                                                                                                                                                                                                                          "Option",
                                                                                                                                                                                                                                                                                                                                                                                                                                                                                                                                                                                                                                                                                                                                                                                                                                                                          [
                                                                                                                                                                                                                                                                                                                                                                                                                                                                                                                                                                                                                                                                                                                                                                                                                                                                            "Option",
                                                                                                                                                                                                                                                                                                                                                                                                                                                                                                                                                                                                                                                                                                                                                                                                                                                                            [
                                                                                                                                                                                                                                                                                                                                                                                                                                                                                                                                                                                                                                                                                                                                                                                                                                                                              "Option",
                                                                                                                                                                                                                                                                                                                                                                                                                                                                                                                                                                                                                                                                                                                                                                                                                                                                              [
                                                                                                                                                                                                                                                                                                                                                                                                                                                                                                                                                                                                                                                                                                                                                                                                                                                                                "Option",
                                                                                                                                                                                                                                                                                                                                                                                                                                                                                                                                                                                                                                                                                                                                                                                                                                                                                [
                                                                                                                                                                                                                                                                                                                                                                                                                                                                                                                                                                                                                                                                                                                                                                                                                                                                                  "Option",
                                                                                                                                                                                                                                                                                                                                                                                                                                                                                                                                                                                                                                                                                                                                                                                                                                                                                  [
                                                                                                                                                                                                                                                                                                                                                                                                                                                                                                                                                                                                                                                                                                                                                                                                                                                                                    "Option",
                                                                                                                                                                                                                                                                                                                                                                                                                                                                                                                                                                                                                                                                                                                                                                                                                                                                                    [
                                                                                                                                                                                                                                                                                                                                                                                                                                                                                                                                                                                                                                                                                                                                                                                                                                                                                      "Option",
                                                                                                                                                                                                                                                                                                                                                                                                                                                                                                                                                                                                                                                                                                                                                                                                                                                                                      [
                                                                                                                                                                                                                                                                                                                                                                                                                                                                                                                                                                                                                                                                                                                                                                                                                                                                                        "Option",
                                                                                                                                                                                                                                                                                                                                                                                                                                                                                                                                                                                                                                                                                                                                                                                                                                                                                        [
                                                                                                                                                                                                                                                                                                                                                                                                                                                                                                                                                                                                                                                                                                                                                                                                                                                                                          "Option",
                                                                                                                                                                                                                                                                                                                                                                                                                                                                                                                                                                                                                                                                                                                                                                                                                                                                                          [
                                                                                                                                                                                                                                                                                                                                                                                                                                                                                                                                                                                                                                                                                                                                                                                                                                                                                            "Option",
                                                                                                                                                                                                                                                                                                                                                                                                                                                                                                                                                                                                                                                                                                                                                                                                                                                                                            [
                                                                                                                                                                                                                                                                                                                                                                                                                                                                                                                                                                                                                                                                                                                                                                                                                                                                                              "Option",
                                                                                                                                                                                                                                                                                                                                                                                                                                                                                                                                                                                                                                                                                                                                                                                                                                                                                              [
                                                                                                                                                                                                                                                                                                                                                                                                                                                                                                                                                                                                                                                                                                                                                                                                                                                                                                "Option",
                                                                                                                                                                                                                                                                                                                                                                                                                                                                                                                                                                                                                                                                                                                                                                                                                                                                                                [
                                                                                                                                                                                                                                                                                                                                                                                                                                                                                                                                                                                                                                                                                                                                                                                                                                                                                                  "Option",
                                                                                                                                                                                                                                                                                                                                                                                                                                                                                                                                                                                                                                                                                                                                                                                                                                                                                                  [
                                                                                                                                                                                                                                                                                                                                                                                                                                                                                                                                                                                                                                                                                                                                                                                                                                                                                                    "Option",
                                                                                                                                                                                                                                                                                                                                                                                                                                                                                                                                                                                                                                                                                                                                                                                                                                                                                                    [
                                                                                                                                                                                                                                                                                                                                                                                                                                                                                                                                                                                                                                                                                                                                                                                                                                                                                                      "Option",
                                                                                                                                                                                                                                                                                                                                                                                                                                                                                                                                                                                                                                                                                                                                                                                                                                                                                                      [
                                                                                                                                                                                                                                                                                                                                                                                                                                                                                                                                                                                                                                                                                                                                                                                                                                                                                                        "Option",
                                                                                                                                                                                                                                                                                                                                                                                                                                                                                                                                                                                                                                                                                                                                                                                                                                                                                                        [
                                                                                                                                                                                                                                                                                                                                                                                                                                                                                                                                                                                                                                                                                                                                                                                                                                                                                                          "Option",
                                                                                                                                                                                                                                                                                                                                                                                                                                                                                                                                                                                                                                                                                                                                                                                                                                                                                                          [
                                                                                                                                                                                                                                                                                                                                                                                                                                                                                                                                                                                                                                                                                                                                                                                                                                                                                                            "Option",
                                                                                                                                                                                                                                                                                                                                                                                                                                                                                                                                                                                                                                                                                                                                                                                                                                                                                                            [
                                                                                                                                                                                                                                                                                                                                                                                                                                                                                                                                                                                                                                                                                                                                                                                                                                                                                                              "Option",
                                                                                                                                                                                                                                                                                                                                                                                                                                                                                                                                                                                                                                                                                                                                                                                                                                                                                                              [
                                                                                                                                                                                                                                                                                                                                                                                                                                                                                                                                                                                                                                                                                                                                                                                                                                                                                                                "Option",
                                                                                                                                                                                                                                                                                                                                                                                                                                                                                                                                                                                                                                                                                                                                                                                                                                                                                                                [
                                                                                                                                                                                                                                                                                                                                                                                                                                                                                                                                                                                                                                                                                                                                                                                                                                                                                                                  "Option",
                                                                                                                                                                                                                                                                                                                                                                                                                                                                                                                                                                                                                                                                                                                                                                                                                                                                                                                  [
                                                                                                                                                                                                                                                                                                                                                                                                                                                                                                                                                                                                                                                                                                                                                                                                                                                                                                                    "Option",
                                                                                                                                                                                                                                                                                                                                                                                                                                                                                                                                                                                                                                                                                                                                                                                                                                                                                                                    [
                                                                                                                                                                                                                                                                                                                                                                                                                                                                                                                                                                                                                                                                                                                                                                                                                                                                                                                      "Option",
                                                                                                                                                                                                                                                                                                                                                                                                                                                                                                                                                                                                                                                                                                                                                                                                                                                                                                                      [
                                                                                                                                                                                                                                                                                                                                                                                                                                                                                                                                                                                                                                                                                                                                                                                                                                                                                                                        "Option",
                                                                                                                                                                                                                                                                                                                                                                                                                                                                                                                                                                                                                                                                                                                                                                                                                                                                                                                        [
                                                                                                                                                                                                                                                                                                                                                                                                                                                                                                                                                                                                                                                                                                                                                                                                                                                                                                                          "Option",
                                                                                                                                                                                                                                                                                                                                                                                                                                                                                                                                                                                                                                                                                                                                                                                                                                                                                                                          [
                                                                                                                                                                                                                                                                                                                                                                                                                                                                                                                                                                                                                                                                                                                                                                                                                                                                                                                            "Option",
                                                                                                                                                                                                                                                                                                                                                                                                                                                                                                                                                                                                                                                                                                                                                                                                                                                                                                                            [
                                                                                                                                                                                                                                                                                                                                                                                                                                                                                                                                                                                                                                                                                                                                                                                                                                                                                                                              "Option",
                                                                                                                                                                                                                                                                                                                                                                                                                                                                                                                                                                                                                                                                                                                                                                                                                                                                                                                              [
                                                                                                                                                                                                                                                                                                                                                                                                                                                                                                                                                                                                                                                                                                                                                                                                                                                                                                                                "Option",
                                                                                                                                                                                                                                                                                                                                                                                                                                                                                                                                                                                                                                                                                                                                                                                                                                                                                                                                [
                                                                                                                                                                                                                                                                                                                                                                                                                                                                                                                                                                                                                                                                                                                                                                                                                                                                                                                                  "Option",
                                                                                                                                                                                                                                                                                                                                                                                                                                                                                                                                                                                                                                                                                                                                                                                                                                                                                                                                  [
                                                                                                                                                                                                                                                                                                                                                                                                                                                                                                                                                                                                                                                                                                                                                                                                                                                                                                                                    "Option",
                                                                                                                                                                                                                                                                                                                                                                                                                                                                                                                                                                                                                                                                                                                                                                                                                                                                                                                                    [
                                                                                                                                                                                                                                                                                                                                                                                                                                                                                                                                                                                                                                                                                                                                                                                                                                                                                                                                      "Option",
                                                                                                                                                                                                                                                                                                                                                                                                                                                                                                                                                                                                                                                                                                                                                                                                                                                                                                                                      [
                                                                                                                                                                                                                                                                                                                                                                                                                                                                                                                                                                                                                                                                                                                                                                                                                                                                                                                                        "Option",
                                                                                                                                                                                                                                                                                                                                                                                                                                                                                                                                                                                                                                                                                                                                                                                                                                                                                                                                        [
                                                                                                                                                                                                                                                                                                                                                                                                                                                                                                                                                                                                                                                                                                                                                                                                                                                                                                                                          "Option",
                                                                                                                                                                                                                                                                                                                                                                                                                                                                                                                                                                                                                                                                                                                                                                                                                                                                                                                                          [
                                                                                                                                                                                                                                                                                                                                                                                                                                                                                                                                                                                                                                                                                                                                                                                                                                                                                                                                            "Option",
                                                                                                                                                                                                                                                                                                                                                                                                                                                                                                                                                                                                                                                                                                                                                                                                                                                                                                                                            [
                                                                                                                                                                                                                                                                                                                                                                                                                                                                                                                                                                                                                                                                                                                                                                                                                                                                                                                                              "Option",
                                                                                                                                                                                                                                                                                                                                                                                                                                                                                                                                                                                                                                                                                                                                                                                                                                                                                                                                              [
                                                                                                                                                                                                                                                                                                                                                                                                                                                                                                                                                                                                                                                                                                                                                                                                                                                                                                                                                "Option",
                                                                                                                                                                                                                                                                                                                                                                                                                                                                                                                                                                                                                                                                                                                                                                                                                                                                                                                                                [
                                                                                                                                                                                                                                                                                                                                                                                                                                                                                                                                                                                                                                                                                                                                                                                                                                                                                                                                                  "Option",
                                                                                                                                                                                                                                                                                                                                                                                                                                                                                                                                                                                                                                                                                                                                                                                                                                                                                                                                                  [
                                                                                                                                                                                                                                                                                                                                                                                                                                                                                                                                                                                                                                                                                                                                                                                                                                                                                                                                                    "Option",
                                                                                                                                                                                                                                                                                                                                                                                                                                                                                                                                                                                                                                                                                                                                                                                                                                                                                                                                                    [
                                                                                                                                                                                                                                                                                                                                                                                                                                                                                                                                                                                                                                                                                                                                                                                                                                                                                                                                                      "Option",
                                                                                                                                                                                                                                                                                                                                                                                                                                                                                                                                                                                                                                                                                                                                                                                                                                                                                                                                                      [
                                                                                                                                                                                                                                                                                                                                                                                                                                                                                                                                                                                                                                                                                                                                                                                                                                                                                                                                                        "Option",
                                                                                                                                                                                                                                                                                                                                                                                                                                                                                                                                                                                                                                                                                                                                                                                                                                                                                                                                                        [
                                                                                                                                                                                                                                                                                                                                                                                                                                                                                                                                                                                                                                                                                                                                                                                                                                                                                                                                                          "Option",
                                                                                                                                                                                                                                                                                                                                                                                                                                                                                                                                                                                                                                                                                                                                                                                                                                                                                                                                                          [
                                                                                                                                                                                                                                                                                                                                                                                                                                                                                                                                                                                                                                                                                                                                                                                                                                                                                                                                                            "Option",
                                                                                                                                                                                                                                                                                                                                                                                                                                                                                                                                                                                                                                                                                                                                                                                                                                                                                                                                                            [
                                                                                                                                                                                                                                                                                                                                                                                                                                                                                                                                                                                                                                                                                                                                                                                                                                                                                                                                                              "Option",
                                                                                                                                                                                                                                                                                                                                                                                                                                                                                                                                                                                                                                                                                                                                                                                                                                                                                                                                                              [
                                                                                                                                                                                                                                                                                                                                                                                                                                                                                                                                                                                                                                                                                                                                                                                                                                                                                                                                                                "Option",
                                                                                                                                                                                                                                                                                                                                                                                                                                                                                                                                                                                                                                                                                                                                                                                                                                                                                                                                                                [
                                                                                                                                                                                                                                                                                                                                                                                                                                                                                                                                                                                                                                                                                                                                                                                                                                                                                                                                                                  "Option",
                                                                                                                                                                                                                                                                                                                                                                                                                                                                                                                                                                                                                                                                                                                                                                                                                                                                                                                                                                  [
                                                                                                                                                                                                                                                                                                                                                                                                                                                                                                                                                                                                                                                                                                                                                                                                                                                                                                                                                                    "Option",
                                                                                                                                                                                                                                                                                                                                                                                                                                                                                                                                                                                                                                                                                                                                                                                                                                                                                                                                                                    [
                                                                                                                                                                                                                                                                                                                                                                                                                                                                                                                                                                                                                                                                                                                                                                                                                                                                                                                                                                      "Option",
                                                                                                                                                                                                                                                                                                                                                                                                                                                                                                                                                                                                                                                                                                                                                                                                                                                                                                                                                                      [
                                                                                                                                                                                                                                                                                                                                                                                                                                                                                                                                                                                                                                                                                                                                                                                                                                                                                                                                                                        "Option",
                                                                                                                                                                                                                                                                                                                                                                                                                                                                                                                                                                                                                                                                                                                                                                                                                                                                                                                                                                        [
                                                                                                                                                                                                                                                                                                                                                                                                                                                                                                                                                                                                                                                                                                                                                                                                                                                                                                                                                                          "Option",
                                                                                                                                                                                                                                                                                                                                                                                                                                                                                                                                                                                                                                                                                                                                                                                                                                                                                                                                                                          [
                                                                                                                                                                                                                                                                                                                                                                                                                                                                                                                                                                                                                                                                                                                                                                                                                                                                                                                                                                            "Option",
                                                                                                                                                                                                                                                                                                                                                                                                                                                                                                                                                                                                                                                                                                                                                                                                                                                                                                                                                                            [
                                                                                                                                                                                                                                                                                                                                                                                                                                                                                                                                                                                                                                                                                                                                                                                                                                                                                                                                                                              "Option",
                                                                                                                                                                                                                                                                                                                                                                                                                                                                                                                                                                                                                                                                                                                                                                                                                                                                                                                                                                              [
                                                                                                                                                                                                                                                                                                                                                                                                                                                                                                                                                                                                                                                                                                                                                                                                                                                                                                                                                                                "Option",
                                                                                                                                                                                                                                                                                                                                                                                                                                                                                                                                                                                                                                                                                                                                                                                                                                                                                                                                                                                [
                                                                                                                                                                                                                                                                                                                                                                                                                                                                                                                                                                                                                                                                                                                                                                                                                                                                                                                                                                                  "Option",
                                                                                                                                                                                                                                                                                                                                                                                                                                                                                                                                                                                                                                                                                                                                                                                                                                                                                                                                                                                  [
                                                                                                                                                                                                                                                                                                                                                                                                                                                                                                                                                                                                                                                                                                                                                                                                                                                                                                                                                                                    "Option",
                                                                                                                                                                                                                                                                                                                                                                                                                                                                                                                                                                                                                                                                                                                                                                                                                                                                                                                                                                                    [
                                                                                                                                                                                                                                                                                                                                                                                                                                                                                                                                                                                                                                                                                                                                                                                                                                                                                                                                                                                      "Option",
                                                                                                                                                                                                                                                                                                                                                                                                                                                                                                                                                                                                                                                                                                                                                                                                                                                                                                                                                                                      [
                                                                                                                                                                                                                                                                                                                                                                                                                                                                                                                                                                                                                                                                                                                                                                                                                                                                                                                                                                                        "Option",
                                                                                                                                                                                                                                                                                                                                                                                                                                                                                                                                                                                                                                                                                                                                                                                                                                                                                                                                                                                        [
                                                                                                                                                                                                                                                                                                                                                                                                                                                                                                                                                                                                                                                                                                                                                                                                                                                                                                                                                                                          "Option",
                                                                                                                                                                                                                                                                                                                                                                                                                                                                                                                                                                                                                                                                                                                                                                                                                                                                                                                                                                                          [
                                                                                                                                                                                                                                                                                                                                                                                                                                                                                                                                                                                                                                                                                                                                                                                                                                                                                                                                                                                            "Option",
                                                                                                                                                                                                                                                                                                                                                                                                                                                                                                                                                                                                                                                                                                                                                                                                                                                                                                                                                                                            [
                                                                                                                                                                                                                                                                                                                                                                                                                                                                                                                                                                                                                                                                                                                                                                                                                                                                                                                                                                                              "Option",
                                                                                                                                                                                                                                                                                                                                                                                                                                                                                                                                                                                                                                                                                                                                                                                                                                                                                                                                                                                              [
                                                                                                                                                                                                                                                                                                                                                                                                                                                                                                                                                                                                                                                                                                                                                                                                                                                                                                                                                                                                "Option",
                                                                                                                                                                                                                                                                                                                                                                                                                                                                                                                                                                                                                                                                                                                                                                                                                                                                                                                                                                                                [
                                                                                                                                                                                                                                                                                                                                                                                                                                                                                                                                                                                                                                                                                                                                                                                                                                                                                                                                                                                                  "Option",
                                                                                                                                                                                                                                                                                                                                                                                                                                                                                                                                                                                                                                                                                                                                                                                                                                                                                                                                                                                                  [
                                                                                                                                                                                                                                                                                                                                                                                                                                                                                                                                                                                                                                                                                                                                                                                                                                                                                                                                                                                                    "Option",
                                                                                                                                                                                                                                                                                                                                                                                                                                                                                                                                                                                                                                                                                                                                                                                                                                                                                                                                                                                                    [
                                                                                                                                                                                                                                                                                                                                                                                                                                                                                                                                                                                                                                                                                                                                                                                                                                                                                                                                                                                                      "Option",
                                                                                                                                                                                                                                                                                                                                                                                                                                                                                                                                                                                                                                                                                                                                                                                                                                                                                                                                                                                                      [
                                                                                                                                                                                                                                                                                                                                                                                                                                                                                                                                                                                                                                                                                                                                                                                                                                                                                                                                                                                                        "Option",
                                                                                                                                                                                                                                                                                                                                                                                                                                                                                                                                                                                                                                                                                                                                                                                                                                                                                                                                                                                                        [
                                                                                                                                                                                                                                                                                                                                                                                                                                                                                                                                                                                                                                                                                                                                                                                                                                                                                                                                                                                                          "Option",
                                                                                                                                                                                                                                                                                                                                                                                                                                                                                                                                                                                                                                                                                                                                                                                                                                                                                                                                                                                                          [
                                                                                                                                                                                                                                                                                                                                                                                                                                                                                                                                                                                                                                                                                                                                                                                                                                                                                                                                                                                                            "Option",
                                                                                                                                                                                                                                                                                                                                                                                                                                                                                                                                                                                                                                                                                                                                                                                                                                                                                                                                                                                                            [
                                                                                                                                                                                                                                                                                                                                                                                                                                                                                                                                                                                                                                                                                                                                                                                                                                                                                                                                                                                                              "Option",
                                                                                                                                                                                                                                                                                                                                                                                                                                                                                                                                                                                                                                                                                                                                                                                                                                                                                                                                                                                                              [
                                                                                                                                                                                                                                                                                                                                                                                                                                                                                                                                                                                                                                                                                                                                                                                                                                                                                                                                                                                                                "Option",
                                                                                                                                                                                                                                                                                                                                                                                                                                                                                                                                                                                                                                                                                                                                                                                                                                                                                                                                                                                                                [
                                                                                                                                                                                                                                                                                                                                                                                                                                                                                                                                                                                                                                                                                                                                                                                                                                                                                                                                                                                                                  "Option",
                                                                                                                                                                                                                                                                                                                                                                                                                                                                                                                                                                                                                                                                                                                                                                                                                                                                                                                                                                                                                  [
                                                                                                                                                                                                                                                                                                                                                                                                                                                                                                                                                                                                                                                                                                                                                                                                                                                                                                                                                                                                                    "Option",
                                                                                                                                                                                                                                                                                                                                                                                                                                                                                                                                                                                                                                                                                                                                                                                                                                                                                                                                                                                                                    [
                                                                                                                                                                                                                                                                                                                                                                                                                                                                                                                                                                                                                                                                                                                                                                                                                                                                                                                                                                                                                      "Option",
                                                                                                                                                                                                                                                                                                                                                                                                                                                                                                                                                                                                                                                                                                                                                                                                                                                                                                                                                                                                                      [
                                                                                                                                                                                                                                                                                                                                                                                                                                                                                                                                                                                                                                                                                                                                                                                                                                                                                                                                                                                                                        "Option",
                                                                                                                                                                                                                                                                                                                                                                                                                                                                                                                                                                                                                                                                                                                                                                                                                                                                                                                                                                                                                        [
                                                                                                                                                                                                                                                                                                                                                                                                                                                                                                                                                                                                                                                                                                                                                                                                                                                                                                                                                                                                                          "Option",
                                                                                                                                                                                                                                                                                                                                                                                                                                                                                                                                                                                                                                                                                                                                                                                                                                                                                                                                                                                                                          [
                                                                                                                                                                                                                                                                                                                                                                                                                                                                                                                                                                                                                                                                                                                                                                                                                                                                                                                                                                                                                            "Option",
                                                                                                                                                                                                                                                                                                                                                                                                                                                                                                                                                                                                                                                                                                                                                                                                                                                                                                                                                                                                                            [
                                                                                                                                                                                                                                                                                                                                                                                                                                                                                                                                                                                                                                                                                                                                                                                                                                                                                                                                                                                                                              "Option",
                                                                                                                                                                                                                                                                                                                                                                                                                                                                                                                                                                                                                                                                                                                                                                                                                                                                                                                                                                                                                              [
                                                                                                                                                                                                                                                                                                                                                                                                                                                                                                                                                                                                                                                                                                                                                                                                                                                                                                                                                                                                                                "Option",
                                                                                                                                                                                                                                                                                                                                                                                                                                                                                                                                                                                                                                                                                                                                                                                                                                                                                                                                                                                                                                [
                                                                                                                                                                                                                                                                                                                                                                                                                                                                                                                                                                                                                                                                                                                                                                                                                                                                                                                                                                                                                                  "Option",
                                                                                                                                                                                                                                                                                                                                                                                                                                                                                                                                                                                                                                                                                                                                                                                                                                                                                                                                                                                                                                  [
                                                                                                                                                                                                                                                                                                                                                                                                                                                                                                                                                                                                                                                                                                                                                                                                                                                                                                                                                                                                                                    "Option",
                                                                                                                                                                                                                                                                                                                                                                                                                                                                                                                                                                                                                                                                                                                                                                                                                                                                                                                                                                                                                                    [
                                                                                                                                                                                                                                                                                                                                                                                                                                                                                                                                                                                                                                                                                                                                                                                                                                                                                                                                                                                                                                      "Option",
                                                                                                                                                                                                                                                                                                                                                                                                                                                                                                                                                                                                                                                                                                                                                                                                                                                                                                                                                                                                                                      [
                                                                                                                                                                                                                                                                                                                                                                                                                                                                                                                                                                                                                                                                                                                                                                                                                                                                                                                                                                                                                                        "Option",
                                                                                                                                                                                                                                                                                                                                                                                                                                                                                                                                                                                                                                                                                                                                                                                                                                                                                                                                                                                                                                        [
                                                                                                                                                                                                                                                                                                                                                                                                                                                                                                                                                                                                                                                                                                                                                                                                                                                                                                                                                                                                                                          "Option",
                                                                                                                                                                                                                                                                                                                                                                                                                                                                                                                                                                                                                                                                                                                                                                                                                                                                                                                                                                                                                                          [
                                                                                                                                                                                                                                                                                                                                                                                                                                                                                                                                                                                                                                                                                                                                                                                                                                                                                                                                                                                                                                            "Option",
                                                                                                                                                                                                                                                                                                                                                                                                                                                                                                                                                                                                                                                                                                                                                                                                                                                                                                                                                                                                                                            [
                                                                                                                                                                                                                                                                                                                                                                                                                                                                                                                                                                                                                                                                                                                                                                                                                                                                                                                                                                                                                                              "Option",
                                                                                                                                                                                                                                                                                                                                                                                                                                                                                                                                                                                                                                                                                                                                                                                                                                                                                                                                                                                                                                              [
                                                                                                                                                                                                                                                                                                                                                                                                                                                                                                                                                                                                                                                                                                                                                                                                                                                                                                                                                                                                                                                "Option",
                                                                                                                                                                                                                                                                                                                                                                                                                                                                                                                                                                                                                                                                                                                                                                                                                                                                                                                                                                                                                                                [
                                                                                                                                                                                                                                                                                                                                                                                                                                                                                                                                                                                                                                                                                                                                                                                                                                                                                                                                                                                                                                                  "Option",
                                                                                                                                                                                                                                                                                                                                                                                                                                                                                                                                                                                                                                                                                                                                                                                                                                                                                                                                                                                                                                                  [
                                                                                                                                                                                                                                                                                                                                                                                                                                                                                                                                                                                                                                                                                                                                                                                                                                                                                                                                                                                                                                                    "Option",
                                                                                                                                                                                                                                                                                                                                                                                                                                                                                                                                                                                                                                                                                                                                                                                                                                                                                                                                                                                                                                                    [
                                                                                                                                                                                                                                                                                                                                                                                                                                                                                                                                                                                                                                                                                                                                                                                                                                                                                                                                                                                                                                                      "Option",
                                                                                                                                                                                                                                                                                                                                                                                                                                                                                                                                                                                                                                                                                                                                                                                                                                                                                                                                                                                                                                                      [
                                                                                                                                                                                                                                                                                                                                                                                                                                                                                                                                                                                                                                                                                                                                                                                                                                                                                                                                                                                                                                                        "Option",
                                                                                                                                                                                                                                                                                                                                                                                                                                                                                                                                                                                                                                                                                                                                                                                                                                                                                                                                                                                                                                                        [
                                                                                                                                                                                                                                                                                                                                                                                                                                                                                                                                                                                                                                                                                                                                                                                                                                                                                                                                                                                                                                                          "Option",
                                                                                                                                                                                                                                                                                                                                                                                                                                                                                                                                                                                                                                                                                                                                                                                                                                                                                                                                                                                                                                                          [
                                                                                                                                                                                                                                                                                                                                                                                                                                                                                                                                                                                                                                                                                                                                                                                                                                                                                                                                                                                                                                                            "Option",
                                                                                                                                                                                                                                                                                                                                                                                                                                                                                                                                                                                                                                                                                                                                                                                                                                                                                                                                                                                                                                                            [
                                                                                                                                                                                                                                                                                                                                                                                                                                                                                                                                                                                                                                                                                                                                                                                                                                                                                                                                                                                                                                                              "Option",
                                                                                                                                                                                                                                                                                                                                                                                                                                                                                                                                                                                                                                                                                                                                                                                                                                                                                                                                                                                                                                                              [
                                                                                                                                                                                                                                                                                                                                                                                                                                                                                                                                                                                                                                                                                                                                                                                                                                                                                                                                                                                                                                                                "Option",
                                                                                                                                                                                                                                                                                                                                                                                                                                                                                                                                                                                                                                                                                                                                                                                                                                                                                                                                                                                                                                                                [
                                                                                                                                                                                                                                                                                                                                                                                                                                                                                                                                                                                                                                                                                                                                                                                                                                                                                                                                                                                                                                                                  "Bool"
                                                                                                                                                                                                                                                                                                                                                                                                                                                                                                                                                                                                                                                                                                                                                                                                                                                                                                                                                                                                                                                                ]
                                                                                                                                                                                                                                                                                                                                                                                                                                                                                                                                                                                                                                                                                                                                                                                                                                                                                                                                                                                                                                                              ]
                                                                                                                                                                                                                                                                                                                                                                                                                                                                                                                                                                                                                                                                                                                                                                                                                                                                                                                                                                                                                                                            ]
                                                                                                                                                                                                                                                                                                                                                                                                                                                                                                                                                                                                                                                                                                                                                                                                                                                                                                                                                                                                                                                          ]
                                                                                                                                                                                                                                                                                                                                                                                                                                                                                                                                                                                                                                                                                                                                                                                                                                                                                                                                                                                                                                                        ]
                                                                                                                                                                                                                                                                                                                                                                                                                                                                                                                                                                                                                                                                                                                                                                                                                                                                                                                                                                                                                                                      ]
                                                                                                                                                                                                                                                                                                                                                                                                                                                                                                                                                                                                                                                                                                                                                                                                                                                                                                                                                                                                                                                    ]
                                                                                                                                                                                                                                                                                                                                                                                                                                                                                                                                                                                                                                                                                                                                                                                                                                                                                                                                                                                                                                                  ]
                                                                                                                                                                                                                                                                                                                                                                                                                                                                                                                                                                                                                                                                                                                                                                                                                                                                                                                                                                                                                                                ]
                                                                                                                                                                                                                                                                                                                                                                                                                                                                                                                                                                                                                                                                                                                                                                                                                                                                                                                                                                                                                                              ]
                                                                                                                                                                                                                                                                                                                                                                                                                                                                                                                                                                                                                                                                                                                                                                                                                                                                                                                                                                                                                                            ]
                                                                                                                                                                                                                                                                                                                                                                                                                                                                                                                                                                                                                                                                                                                                                                                                                                                                                                                                                                                                                                          ]
                                                                                                                                                                                                                                                                                                                                                                                                                                                                                                                                                                                                                                                                                                                                                                                                                                                                                                                                                                                                                                        ]
                                                                                                                                                                                                                                                                                                                                                                                                                                                                                                                                                                                                                                                                                                                                                                                                                                                                                                                                                                                                                                      ]
                                                                                                                                                                                                                                                                                                                                                                                                                                                                                                                                                                                                                                                                                                                                                                                                                                                                                                                                                                                                                                    ]
                                                                                                                                                                                                                                                                                                                                                                                                                                                                                                                                                                                                                                                                                                                                                                                                                                                                                                                                                                                                                                  ]
                                                                                                                                                                                                                                                                                                                                                                                                                                                                                                                                                                                                                                                                                                                                                                                                                                                                                                                                                                                                                                ]
                                                                                                                                                                                                                                                                                                                                                                                                                                                                                                                                                                                                                                                                                                                                                                                                                                                                                                                                                                                                                              ]
                                                                                                                                                                                                                                                                                                                                                                                                                                                                                                                                                                                                                                                                                                                                                                                                                                                                                                                                                                                                                            ]
                                                                                                                                                                                                                                                                                                                                                                                                                                                                                                                                                                                                                                                                                                                                                                                                                                                                                                                                                                                                                          ]
                                                                                                                                                                                                                                                                                                                                                                                                                                                                                                                                                                                                                                                                                                                                                                                                                                                                                                                                                                                                                        ]
                                                                                                                                                                                                                                                                                                                                                                                                                                                                                                                                                                                                                                                                                                                                                                                                                                                                                                                                                                                                                      ]
                                                                                                                                                                                                                                                                                                                                                                                                                                                                                                                                                                                                                                                                                                                                                                                                                                                                                                                                                                                                                    ]
                                                                                                                                                                                                                                                                                                                                                                                                                                                                                                                                                                                                                                                                                                                                                                                                                                                                                                                                                                                                                  ]
                                                                                                                                                                                                                                                                                                                                                                                                                                                                                                                                                                                                                                                                                                                                                                                                                                                                                                                                                                                                                ]
                                                                                                                                                                                                                                                                                                                                                                                                                                                                                                                                                                                                                                                                                                                                                                                                                                                                                                                                                                                                              ]
                                                                                                                                                                                                                                                                                                                                                                                                                                                                                                                                                                                                                                                                                                                                                                                                                                                                                                                                                                                                            ]
                                                                                                                                                                                                                                                                                                                                                                                                                                                                                                                                                                                                                                                                                                                                                                                                                                                                                                                                                                                                          ]
                                                                                                                                                                                                                                                                                                                                                                                                                                                                                                                                                                                                                                                                                                                                                                                                                                                                                                                                                                                                        ]
                                                                                                                                                                                                                                                                                                                                                                                                                                                                                                                                                                                                                                                                                                                                                                                                                                                                                                                                                                                                      ]
                                                                                                                                                                                                                                                                                                                                                                                                                                                                                                                                                                                                                                                                                                                                                                                                                                                                                                                                                                                                    ]
                                                                                                                                                                                                                                                                                                                                                                                                                                                                                                                                                                                                                                                                                                                                                                                                                                                                                                                                                                                                  ]
                                                                                                                                                                                                                                                                                                                                                                                                                                                                                                                                                                                                                                                                                                                                                                                                                                                                                                                                                                                                ]
                                                                                                                                                                                                                                                                                                                                                                                                                                                                                                                                                                                                                                                                                                                                                                                                                                                                                                                                                                                              ]
                                                                                                                                                                                                                                                                                                                                                                                                                                                                                                                                                                                                                                                                                                                                                                                                                                                                                                                                                                                            ]
                                                                                                                                                                                                                                                                                                                                                                                                                                                                                                                                                                                                                                                                                                                                                                                                                                                                                                                                                                                          ]
                                                                                                                                                                                                                                                                                                                                                                                                                                                                                                                                                                                                                                                                                                                                                                                                                                                                                                                                                                                        ]
                                                                                                                                                                                                                                                                                                                                                                                                                                                                                                                                                                                                                                                                                                                                                                                                                                                                                                                                                                                      ]
                                                                                                                                                                                                                                                                                                                                                                                                                                                                                                                                                                                                                                                                                                                                                                                                                                                                                                                                                                                    ]
                                                                                                                                                                                                                                                                                                                                                                                                                                                                                                                                                                                                                                                                                                                                                                                                                                                                                                                                                                                  ]
                                                                                                                                                                                                                                                                                                                                                                                                                                                                                                                                                                                                                                                                                                                                                                                                                                                                                                                                                                                ]
                                                                                                                                                                                                                                                                                                                                                                                                                                                                                                                                                                                                                                                                                                                                                                                                                                                                                                                                                                              ]
                                                                                                                                                                                                                                                                                                                                                                                                                                                                                                                                                                                                                                                                                                                                                                                                                                                                                                                                                                            ]
                                                                                                                                                                                                                                                                                                                                                                                                                                                                                                                                                                                                                                                                                                                                                                                                                                                                                                                                                                          ]
                                                                                                                                                                                                                                                                                                                                                                                                                                                                                                                                                                                                                                                                                                                                                                                                                                                                                                                                                                        ]
                                                                                                                                                                                                                                                                                                                                                                                                                                                                                                                                                                                                                                                                                                                                                                                                                                                                                                                                                                      ]
                                                                                                                                                                                                                                                                                                                                                                                                                                                                                                                                                                                                                                                                                                                                                                                                                                                                                                                                                                    ]
                                                                                                                                                                                                                                                                                                                                                                                                                                                                                                                                                                                                                                                                                                                                                                                                                                                                                                                                                                  ]
                                                                                                                                                                                                                                                                                                                                                                                                                                                                                                                                                                                                                                                                                                                                                                                                                                                                                                                                                                ]
                                                                                                                                                                                                                                                                                                                                                                                                                                                                                                                                                                                                                                                                                                                                                                                                                                                                                                                                                              ]
                                                                                                                                                                                                                                                                                                                                                                                                                                                                                                                                                                                                                                                                                                                                                                                                                                                                                                                                                            ]
                                                                                                                                                                                                                                                                                                                                                                                                                                                                                                                                                                                                                                                                                                                                                                                                                                                                                                                                                          ]
                                                                                                                                                                                                                                                                                                                                                                                                                                                                                                                                                                                                                                                                                                                                                                                                                                                                                                                                                        ]
                                                                                                                                                                                                                                                                                                                                                                                                                                                                                                                                                                                                                                                                                                                                                                                                                                                                                                                                                      ]
                                                                                                                                                                                                                                                                                                                                                                                                                                                                                                                                                                                                                                                                                                                                                                                                                                                                                                                                                    ]
                                                                                                                                                                                                                                                                                                                                                                                                                                                                                                                                                                                                                                                                                                                                                                                                                                                                                                                                                  ]
                                                                                                                                                                                                                                                                                                                                                                                                                                                                                                                                                                                                                                                                                                                                                                                                                                                                                                                                                ]
                                                                                                                                                                                                                                                                                                                                                                                                                                                                                                                                                                                                                                                                                                                                                                                                                                                                                                                                              ]
                                                                                                                                                                                                                                                                                                                                                                                                                                                                                                                                                                                                                                                                                                                                                                                                                                                                                                                                            ]
                                                                                                                                                                                                                                                                                                                                                                                                                                                                                                                                                                                                                                                                                                                                                                                                                                                                                                                                          ]
                                                                                                                                                                                                                                                                                                                                                                                                                                                                                                                                                                                                                                                                                                                                                                                                                                                                                                                                        ]
                                                                                                                                                                                                                                                                                                                                                                                                                                                                                                                                                                                                                                                                                                                                                                                                                                                                                                                                      ]
                                                                                                                                                                                                                                                                                                                                                                                                                                                                                                                                                                                                                                                                                                                                                                                                                                                                                                                                    ]
                                                                                                                                                                                                                                                                                                                                                                                                                                                                                                                                                                                                                                                                                                                                                                                                                                                                                                                                  ]
                                                                                                                                                                                                                                                                                                                                                                                                                                                                                                                                                                                                                                                                                                                                                                                                                                                                                                                                ]
                                                                                                                                                                                                                                                                                                                                                                                                                                                                                                                                                                                                                                                                                                                                                                                                                                                                                                                              ]
                                                                                                                                                                                                                                                                                                                                                                                                                                                                                                                                                                                                                                                                                                                                                                                                                                                                                                                            ]
                                                                                                                                                                                                                                                                                                                                                                                                                                                                                                                                                                                                                                                                                                                                                                                                                                                                                                                          ]
                                                                                                                                                                                                                                                                                                                                                                                                                                                                                                                                                                                                                                                                                                                                                                                                                                                                                                                        ]
                                                                                                                                                                                                                                                                                                                                                                                                                                                                                                                                                                                                                                                                                                                                                                                                                                                                                                                      ]
                                                                                                                                                                                                                                                                                                                                                                                                                                                                                                                                                                                                                                                                                                                                                                                                                                                                                                                    ]
                                                                                                                                                                                                                                                                                                                                                                                                                                                                                                                                                                                                                                                                                                                                                                                                                                                                                                                  ]
                                                                                                                                                                                                                                                                                                                                                                                                                                                                                                                                                                                                                                                                                                                                                                                                                                                                                                                ]
                                                                                                                                                                                                                                                                                                                                                                                                                                                                                                                                                                                                                                                                                                                                                                                                                                                                                                              ]
                                                                                                                                                                                                                                                                                                                                                                                                                                                                                                                                                                                                                                                                                                                                                                                                                                                                                                            ]
                                                                                                                                                                                                                                                                                                                                                                                                                                                                                                                                                                                                                                                                                                                                                                                                                                                                                                          ]
                                                                                                                                                                                                                                                                                                                                                                                                                                                                                                                                                                                                                                                                                                                                                                                                                                                                                                        ]
                                                                                                                                                                                                                                                                                                                                                                                                                                                                                                                                                                                                                                                                                                                                                                                                                                                                                                      ]
                                                                                                                                                                                                                                                                                                                                                                                                                                                                                                                                                                                                                                                                                                                                                                                                                                                                                                    ]
                                                                                                                                                                                                                                                                                                                                                                                                                                                                                                                                                                                                                                                                                                                                                                                                                                                                                                  ]
                                                                                                                                                                                                                                                                                                                                                                                                                                                                                                                                                                                                                                                                                                                                                                                                                                                                                                ]
                                                                                                                                                                                                                                                                                                                                                                                                                                                                                                                                                                                                                                                                                                                                                                                                                                                                                              ]
                                                                                                                                                                                                                                                                                                                                                                                                                                                                                                                                                                                                                                                                                                                                                                                                                                                                                            ]
                                                                                                                                                                                                                                                                                                                                                                                                                                                                                                                                                                                                                                                                                                                                                                                                                                                                                          ]
                                                                                                                                                                                                                                                                                                                                                                                                                                                                                                                                                                                                                                                                                                                                                                                                                                                                                        ]
                                                                                                                                                                                                                                                                                                                                                                                                                                                                                                                                                                                                                                                                                                                                                                                                                                                                                      ]
                                                                                                                                                                                                                                                                                                                                                                                                                                                                                                                                                                                                                                                                                                                                                                                                                                                                                    ]
                                                                                                                                                                                                                                                                                                                                                                                                                                                                                                                                                                                                                                                                                                                                                                                                                                                                                  ]
                                                                                                                                                                                                                                                                                                                                                                                                                                                                                                                                                                                                                                                                                                                                                                                                                                                                                ]
                                                                                                                                                                                                                                                                                                                                                                                                                                                                                                                                                                                                                                                                                                                                                                                                                                                                              ]
                                                                                                                                                                                                                                                                                                                                                                                                                                                                                                                                                                                                                                                                                                                                                                                                                                                                            ]
                                                                                                                                                                                                                                                                                                                                                                                                                                                                                                                                                                                                                                                                                                                                                                                                                                                                          ]
                                                                                                                                                                                                                                                                                                                                                                                                                                                                                                                                                                                                                                                                                                                                                                                                                                                                        ]
                                                                                                                                                                                                                                                                                                                                                                                                                                                                                                                                                                                                                                                                                                                                                                                                                                                                      ]
                                                                                                                                                                                                                                                                                                                                                                                                                                                                                                                                                                                                                                                                                                                                                                                                                                                                    ]
                                                                                                                                                                                                                                                                                                                                                                                                                                                                                                                                                                                                                                                                                                                                                                                                                                                                  ]
                                                                                                                                                                                                                                                                                                                                                                                                                                                                                                                                                                                                                                                                                                                                                                                                                                                                ]
                                                                                                                                                                                                                                                                                                                                                                                                                                                                                                                                                                                                                                                                                                                                                                                                                                                              ]
                                                                                                                                                                                                                                                                                                                                                                                                                                                                                                                                                                                                                                                                                                                                                                                                                                                            ]
                                                                                                                                                                                                                                                                                                                                                                                                                                                                                                                                                                                                                                                                                                                                                                                                                                                          ]
                                                                                                                                                                                                                                                                                                                                                                                                                                                                                                                                                                                                                                                                                                                                                                                                                                                        ]
                                                                                                                                                                                                                                                                                                                                                                                                                                                                                                                                                                                                                                                                                                                                                                                                                                                      ]
                                                                                                                                                                                                                                                                                                                                                                                                                                                                                                                                                                                                                                                                                                                                                                                                                                                    ]
                                                                                                                                                                                                                                                                                                                                                                                                                                                                                                                                                                                                                                                                                                                                                                                                                                                  ]
                                                                                                                                                                                                                                                                                                                                                                                                                                                                                                                                                                                                                                                                                                                                                                                                                                                ]
                                                                                                                                                                                                                                                                                                                                                                                                                                                                                                                                                                                                                                                                                                                                                                                                                                              ]
                                                                                                                                                                                                                                                                                                                                                                                                                                                                                                                                                                                                                                                                                                                                                                                                                                            ]
                                                                                                                                                                                                                                                                                                                                                                                                                                                                                                                                                                                                                                                                                                                                                                                                                                          ]
                                                                                                                                                                                                                                                                                                                                                                                                                                                                                                                                                                                                                                                                                                                                                                                                                                        ]
                                                                                                                                                                                                                                                                                                                                                                                                                                                                                                                                                                                                                                                                                                                                                                                                                                      ]
                                                                                                                                                                                                                                                                                                                                                                                                                                                                                                                                                                                                                                                                                                                                                                                                                                    ]
                                                                                                                                                                                                                                                                                                                                                                                                                                                                                                                                                                                                                                                                                                                                                                                                                                  ]
                                                                                                                                                                                                                                                                                                                                                                                                                                                                                                                                                                                                                                                                                                                                                                                                                                ]
                                                                                                                                                                                                                                                                                                                                                                                                                                                                                                                                                                                                                                                                                                                                                                                                                              ]
                                                                                                                                                                                                                                                                                                                                                                                                                                                                                                                                                                                                                                                                                                                                                                                                                            ]
                                                                                                                                                                                                                                                                                                                                                                                                                                                                                                                                                                                                                                                                                                                                                                                                                          ]
                                                                                                                                                                                                                                                                                                                                                                                                                                                                                                                                                                                                                                                                                                                                                                                                                        ]
                                                                                                                                                                                                                                                                                                                                                                                                                                                                                                                                                                                                                                                                                                                                                                                                                      ]
                                                                                                                                                                                                                                                                                                                                                                                                                                                                                                                                                                                                                                                                                                                                                                                                                    ]
                                                                                                                                                                                                                                                                                                                                                                                                                                                                                                                                                                                                                                                                                                                                                                                                                  ]
                                                                                                                                                                                                                                                                                                                                                                                                                                                                                                                                                                                                                                                                                                                                                                                                                ]
                                                                                                                                                                                                                                                                                                                                                                                                                                                                                                                                                                                                                                                                                                                                                                                                              ]
                                                                                                                                                                                                                                                                                                                                                                                                                                                                                                                                                                                                                                                                                                                                                                                                            ]
                                                                                                                                                                                                                                                                                                                                                                                                                                                                                                                                                                                                                                                                                                                                                                                                          ]
                                                                                                                                                                                                                                                                                                                                                                                                                                                                                                                                                                                                                                                                                                                                                                                                        ]
                                                                                                                                                                                                                                                                                                                                                                                                                                                                                                                                                                                                                                                                                                                                                                                                      ]
                                                                                                                                                                                                                                                                                                                                                                                                                                                                                                                                                                                                                                                                                                                                                                                                    ]
                                                                                                                                                                                                                                                                                                                                                                                                                                                                                                                                                                                                                                                                                                                                                                                                  ]
                                                                                                                                                                                                                                                                                                                                                                                                                                                                                                                                                                                                                                                                                                                                                                                                ]
                                                                                                                                                                                                                                                                                                                                                                                                                                                                                                                                                                                                                                                                                                                                                                                              ]
                                                                                                                                                                                                                                                                                                                                                                                                                                                                                                                                                                                                                                                                                                                                                                                            ]
                                                                                                                                                                                                                                                                                                                                                                                                                                                                                                                                                                                                                                                                                                                                                                                          ]
                                                                                                                                                                                                                                                                                                                                                                                                                                                                                                                                                                                                                                                                                                                                                                                        ]
                                                                                                                                                                                                                                                                                                                                                                                                                                                                                                                                                                                                                                                                                                                                                                                      ]
                                                                                                                                                                                                                                                                                                                                                                                                                                                                                                                                                                                                                                                                                                                                                                                    ]
                                                                                                                                                                                                                                                                                                                                                                                                                                                                                                                                                                                                                                                                                                                                                                                  ]
                                                                                                                                                                                                                                                                                                                                                                                                                                                                                                                                                                                                                                                                                                                                                                                ]
                                                                                                                                                                                                                                                                                                                                                                                                                                                                                                                                                                                                                                                                                                                                                                              ]
                                                                                                                                                                                                                                                                                                                                                                                                                                                                                                                                                                                                                                                                                                                                                                            ]
                                                                                                                                                                                                                                                                                                                                                                                                                                                                                                                                                                                                                                                                                                                                                                          ]
                                                                                                                                                                                                                                                                                                                                                                                                                                                                                                                                                                                                                                                                                                                                                                        ]
                                                                                                                                                                                                                                                                                                                                                                                                                                                                                                                                                                                                                                                                                                                                                                      ]
                                                                                                                                                                                                                                                                                                                                                                                                                                                                                                                                                                                                                                                                                                                                                                    ]
                                                                                                                                                                                                                                                                                                                                                                                                                                                                                                                                                                                                                                                                                                                                                                  ]
                                                                                                                                                                                                                                                                                                                                                                                                                                                                                                                                                                                                                                                                                                                                                                ]
                                                                                                                                                                                                                                                                                                                                                                                                                                                                                                                                                                                                                                                                                                                                                              ]
                                                                                                                                                                                                                                                                                                                                                                                                                                                                                                                                                                                                                                                                                                                                                            ]
                                                                                                                                                                                                                                                                                                                                                                                                                                                                                                                                                                                                                                                                                                                                                          ]
                                                                                                                                                                                                                                                                                                                                                                                                                                                                                                                                                                                                                                                                                                                                                        ]
                                                                                                                                                                                                                                                                                                                                                                                                                                                                                                                                                                                                                                                                                                                                                      ]
                                                                                                                                                                                                                                                                                                                                                                                                                                                                                                                                                                                                                                                                                                                                                    ]
                                                                                                                                                                                                                                                                                                                                                                                                                                                                                                                                                                                                                                                                                                                                                  ]
                                                                                                                                                                                                                                                                                                                                                                                                                                                                                                                                                                                                                                                                                                                                                ]
                                                                                                                                                                                                                                                                                                                                                                                                                                                                                                                                                                                                                                                                                                                                              ]
                                                                                                                                                                                                                                                                                                                                                                                                                                                                                                                                                                                                                                                                                                                                            ]
                                                                                                                                                                                                                                                                                                                                                                                                                                                                                                                                                                                                                                                                                                                                          ]
                                                                                                                                                                                                                                                                                                                                                                                                                                                                                                                                                                                                                                                                                                                                        ]
                                                                                                                                                                                                                                                                                                                                                                                                                                                                                                                                                                                                                                                                                                                                      ]
                                                                                                                                                                                                                                                                                                                                                                                                                                                                                                                                                                                                                                                                                                                                    ]
                                                                                                                                                                                                                                                                                                                                                                                                                                                                                                                                                                                                                                                                                                                                  ]
                                                                                                                                                                                                                                                                                                                                                                                                                                                                                                                                                                                                                                                                                                                                ]
                                                                                                                                                                                                                                                                                                                                                                                                                                                                                                                                                                                                                                                                                                                              ]
                                                                                                                                                                                                                                                                                                                                                                                                                                                                                                                                                                                                                                                                                                                            ]
                                                                                                                                                                                                                                                                                                                                                                                                                                                                                                                                                                                                                                                                                                                          ]
                                                                                                                                                                                                                                                                                                                                                                                                                                                                                                                                                                                                                                                                                                                        ]
                                                                                                                                                                                                                                                                                                                                                                                                                                                                                                                                                                                                                                                                                                                      ]
                                                                                                                                                                                                                                                                                                                                                                                                                                                                                                                                                                                                                                                                                                                    ]
                                                                                                                                                                                                                                                                                                                                                                                                                                                                                                                                                                                                                                                                                                                  ]
                                                                                                                                                                                                                                                                                                                                                                                                                                                                                                                                                                                                                                                                                                                ]
                                                                                                                                                                                                                                                                                                                                                                                                                                                                                                                                                                                                                                                                                                              ]
                                                                                                                                                                                                                                                                                                                                                                                                                                                                                                                                                                                                                                                                                                            ]
                                                                                                                                                                                                                                                                                                                                                                                                                                                                                                                                                                                                                                                                                                          ]
                                                                                                                                                                                                                                                                                                                                                                                                                                                                                                                                                                                                                                                                                                        ]
                                                                                                                                                                                                                                                                                                                                                                                                                                                                                                                                                                                                                                                                                                      ]
                                                                                                                                                                                                                                                                                                                                                                                                                                                                                                                                                                                                                                                                                                    ]
                                                                                                                                                                                                                                                                                                                                                                                                                                                                                                                                                                                                                                                                                                  ]
                                                                                                                                                                                                                                                                                                                                                                                                                                                                                                                                                                                                                                                                                                ]
                                                                                                                                                                                                                                                                                                                                                                                                                                                                                                                                                                                                                                                                                              ]
                                                                                                                                                                                                                                                                                                                                                                                                                                                                                                                                                                                                                                                                                            ]
                                                                                                                                                                                                                                                                                                                                                                                                                                                                                                                                                                                                                                                                                          ]
                                                                                                                                                                                                                                                                                                                                                                                                                                                                                                                                                                                                                                                                                        ]
                                                                                                                                                                                                                                                                                                                                                                                                                                                                                                                                                                                                                                                                                      ]
                                                                                                                                                                                                                                                                                                                                                                                                                                                                                                                                                                                                                                                                                    ]
                                                                                                                                                                                                                                                                                                                                                                                                                                                                                                                                                                                                                                                                                  ]
                                                                                                                                                                                                                                                                                                                                                                                                                                                                                                                                                                                                                                                                                ]
                                                                                                                                                                                                                                                                                                                                                                                                                                                                                                                                                                                                                                                                              ]
                                                                                                                                                                                                                                                                                                                                                                                                                                                                                                                                                                                                                                                                            ]
                                                                                                                                                                                                                                                                                                                                                                                                                                                                                                                                                                                                                                                                          ]
                                                                                                                                                                                                                                                                                                                                                                                                                                                                                                                                                                                                                                                                        ]
                                                                                                                                                                                                                                                                                                                                                                                                                                                                                                                                                                                                                                                                      ]
                                                                                                                                                                                                                                                                                                                                                                                                                                                                                                                                                                                                                                                                    ]
                                                                                                                                                                                                                                                                                                                                                                                                                                                                                                                                                                                                                                                                  ]
                                                                                                                                                                                                                                                                                                                                                                                                                                                                                                                                                                                                                                                                ]
                                                                                                                                                                                                                                                                                                                                                                                                                                                                                                                                                                                                                                                              ]
                                                                                                                                                                                                                                                                                                                                                                                                                                                                                                                                                                                                                                                            ]
                                                                                                                                                                                                                                                                                                                                                                                                                                                                                                                                                                                                                                                          ]
                                                                                                                                                                                                                                                                                                                                                                                                                                                                                                                                                                                                                                                        ]
                                                                                                                                                                                                                                                                                                                                                                                                                                                                                                                                                                                                                                                      ]
                                                                                                                                                                                                                                                                                                                                                                                                                                                                                                                                                                                                                                                    ]
                                                                                                                                                                                                                                                                                                                                                                                                                                                                                                                                                                                                                                                  ]
                                                                                                                                                                                                                                                                                                                                                                                                                                                                                                                                                                                                                                                ]
                                                                                                                                                                                                                                                                                                                                                                                                                                                                                                                                                                                                                                              ]
                                                                                                                                                                                                                                                                                                                                                                                                                                                                                                                                                                                                                                            ]
                                                                                                                                                                                                                                                                                                                                                                                                                                                                                                                                                                                                                                          ]
                                                                                                                                                                                                                                                                                                                                                                                                                                                                                                                                                                                                                                        ]
                                                                                                                                                                                                                                                                                                                                                                                                                                                                                                                                                                                                                                      ]
                                                                                                                                                                                                                                                                                                                                                                                                                                                                                                                                                                                                                                    ]
                                                                                                                                                                                                                                                                                                                                                                                                                                                                                                                                                                                                                                  ]
                                                                                                                                                                                                                                                                                                                                                                                                                                                                                                                                                                                                                                ]
                                                                                                                                                                                                                                                                                                                                                                                                                                                                                                                                                                                                                              ]
                                                                                                                                                                                                                                                                                                                                                                                                                                                                                                                                                                                                                            ]
                                                                                                                                                                                                                                                                                                                                                                                                                                                                                                                                                                                                                          ]
                                                                                                                                                                                                                                                                                                                                                                                                                                                                                                                                                                                                                        ]
                                                                                                                                                                                                                                                                                                                                                                                                                                                                                                                                                                                                                      ]
                                                                                                                                                                                                                                                                                                                                                                                                                                                                                                                                                                                                                    ]
                                                                                                                                                                                                                                                                                                                                                                                                                                                                                                                                                                                                                  ]
                                                                                                                                                                                                                                                                                                                                                                                                                                                                                                                                                                                                                ]
                                                                                                                                                                                                                                                                                                                                                                                                                                                                                                                                                                                                              ]
                                                                                                                                                                                                                                                                                                                                                                                                                                                                                                                                                                                                            ]
                                                                                                                                                                                                                                                                                                                                                                                                                                                                                                                                                                                                          ]
                                                                                                                                                                                                                                                                                                                                                                                                                                                                                                                                                                                                        ]
                                                                                                                                                                                                                                                                                                                                                                                                                                                                                                                                                                                                      ]
                                                                                                                                                                                                                                                                                                                                                                                                                                                                                                                                                                                                    ]
                                                                                                                                                                                                                                                                                                                                                                                                                                                                                                                                                                                                  ]
                                                                                                                                                                                                                                                                                                                                                                                                                                                                                                                                                                                                ]
                                                                                                                                                                                                                                                                                                                                                                                                                                                                                                                                                                                              ]
                                                                                                                                                                                                                                                                                                                                                                                                                                                                                                                                                                                            ]
                                                                                                                                                                                                                                                                                                                                                                                                                                                                                                                                                                                          ]
                                                                                                                                                                                                                                                                                                                                                                                                                                                                                                                                                                                        ]
                                                                                                                                                                                                                                                                                                                                                                                                                                                                                                                                                                                      ]
                                                                                                                                                                                                                                                                                                                                                                                                                                                                                                                                                                                    ]
                                                                                                                                                                                                                                                                                                                                                                                                                                                                                                                                                                                  ]
                                                                                                                                                                                                                                                                                                                                                                                                                                                                                                                                                                                ]
                                                                                                                                                                                                                                                                                                                                                                                                                                                                                                                                                                              ]
                                                                                                                                                                                                                                                                                                                                                                                                                                                                                                                                                                            ]
                                                                                                                                                                                                                                                                                                                                                                                                                                                                                                                                                                          ]
                                                                                                                                                                                                                                                                                                                                                                                                                                                                                                                                                                        ]
                                                                                                                                                                                                                                                                                                                                                                                                                                                                                                                                                                      ]
                                                                                                                                                                                                                                                                                                                                                                                                                                                                                                                                                                    ]
                                                                                                                                                                                                                                                                                                                                                                                                                                                                                                                                                                  ]
                                                                                                                                                                                                                                                                                                                                                                                                                                                                                                                                                                ]
                                                                                                                                                                                                                                                                                                                                                                                                                                                                                                                                                              ]
                                                                                                                                                                                                                                                                                                                                                                                                                                                                                                                                                            ]
                                                                                                                                                                                                                                                                                                                                                                                                                                                                                                                                                          ]
                                                                                                                                                                                                                                                                                                                                                                                                                                                                                                                                                        ]
                                                                                                                                                                                                                                                                                                                                                                                                                                                                                                                                                      ]
                                                                                                                                                                                                                                                                                                                                                                                                                                                                                                                                                    ]
                                                                                                                                                                                                                                                                                                                                                                                                                                                                                                                                                  ]
                                                                                                                                                                                                                                                                                                                                                                                                                                                                                                                                                ]
                                                                                                                                                                                                                                                                                                                                                                                                                                                                                                                                              ]
                                                                                                                                                                                                                                                                                                                                                                                                                                                                                                                                            ]
                                                                                                                                                                                                                                                                                                                                                                                                                                                                                                                                          ]
                                                                                                                                                                                                                                                                                                                                                                                                                                                                                                                                        ]
                                                                                                                                                                                                                                                                                                                                                                                                                                                                                                                                      ]
                                                                                                                                                                                                                                                                                                                                                                                                                                                                                                                                    ]
                                                                                                                                                                                                                                                                                                                                                                                                                                                                                                                                  ]
                                                                                                                                                                                                                                                                                                                                                                                                                                                                                                                                ]
                                                                                                                                                                                                                                                                                                                                                                                                                                                                                                                              ]
                                                                                                                                                                                                                                                                                                                                                                                                                                                                                                                            ]
                                                                                                                                                                                                                                                                                                                                                                                                                                                                                                                          ]
                                                                                                                                                                                                                                                                                                                                                                                                                                                                                                                        ]
                                                                                                                                                                                                                                                                                                                                                                                                                                                                                                                      ]
                                                                                                                                                                                                                                                                                                                                                                                                                                                                                                                    ]
                                                                                                                                                                                                                                                                                                                                                                                                                                                                                                                  ]
                                                                                                                                                                                                                                                                                                                                                                                                                                                                                                                ]
                                                                                                                                                                                                                                                                                                                                                                                                                                                                                                              ]
                                                                                                                                                                                                                                                                                                                                                                                                                                                                                                            ]
                                                                                                                                                                                                                                                                                                                                                                                                                                                                                                          ]
                                                                                                                                                                                                                                                                                                                                                                                                                                                                                                        ]
                                                                                                                                                                                                                                                                                                                                                                                                                                                                                                      ]
                                                                                                                                                                                                                                                                                                                                                                                                                                                                                                    ]
                                                                                                                                                                                                                                                                                                                                                                                                                                                                                                  ]
                                                                                                                                                                                                                                                                                                                                                                                                                                                                                                ]
                                                                                                                                                                                                                                                                                                                                                                                                                                                                                              ]
                                                                                                                                                                                                                                                                                                                                                                                                                                                                                            ]
                                                                                                                                                                                                                                                                                                                                                                                                                                                                                          ]
                                                                                                                                                                                                                                                                                                                                                                                                                                                                                        ]
                                                                                                                                                                                                                                                                                                                                                                                                                                                                                      ]
                                                                                                                                                                                                                                                                                                                                                                                                                                                                                    ]
                                                                                                                                                                                                                                                                                                                                                                                                                                                                                  ]
                                                                                                                                                                                                                                                                                                                                                                                                                                                                                ]
                                                                                                                                                                                                                                                                                                                                                                                                                                                                              ]
                                                                                                                                                                                                                                                                                                                                                                                                                                                                            ]
                                                                                                                                                                                                                                                                                                                                                                                                                                                                          ]
                                                                                                                                                                                                                                                                                                                                                                                                                                                                        ]
                                                                                                                                                                                                                                                                                                                                                                                                                                                                      ]
                                                                                                                                                                                                                                                                                                                                                                                                                                                                    ]
                                                                                                                                                                                                                                                                                                                                                                                                                                                                  ]
                                                                                                                                                                                                                                                                                                                                                                                                                                                                ]
                                                                                                                                                                                                                                                                                                                                                                                                                                                              ]
                                                                                                                                                                                                                                                                                                                                                                                                                                                            ]
                                                                                                                                                                                                                                                                                                                                                                                                                                                          ]
                                                                                                                                                                                                                                                                                                                                                                                                                                                        ]
                                                                                                                                                                                                                                                                                                                                                                                                                                                      ]
                                                                                                                                                                                                                                                                                                                                                                                                                                                    ]
                                                                                                                                                                                                                                                                                                                                                                                                                                                  ]
                                                                                                                                                                                                                                                                                                                                                                                                                                                ]
                                                                                                                                                                                                                                                                                                                                                                                                                                              ]
                                                                                                                                                                                                                                                                                                                                                                                                                                            ]
                                                                                                                                                                                                                                                                                                                                                                                                                                          ]
                                                                                                                                                                                                                                                                                                                                                                                                                                        ]
                                                                                                                                                                                                                                                                                                                                                                                                                                      ]
                                                                                                                                                                                                                                                                                                                                                                                                                                    ]
                                                                                                                                                                                                                                                                                                                                                                                                                                  ]
                                                                                                                                                                                                                                                                                                                                                                                                                                ]
                                                                                                                                                                                                                                                                                                                                                                                                                              ]
                                                                                                                                                                                                                                                                                                                                                                                                                            ]
                                                                                                                                                                                                                                                                                                                                                                                                                          ]
                                                                                                                                                                                                                                                                                                                                                                                                                        ]
                                                                                                                                                                                                                                                                                                                                                                                                                      ]
                                                                                                                                                                                                                                                                                                                                                                                                                    ]
                                                                                                                                                                                                                                                                                                                                                                                                                  ]
                                                                                                                                                                                                                                                                                                                                                                                                                ]
                                                                                                                                                                                                                                                                                                                                                                                                              ]
                                                                                                                                                                                                                                                                                                                                                                                                            ]
                                                                                                                                                                                                                                                                                                                                                                                                          ]
                                                                                                                                                                                                                                                                                                                                                                                                        ]
                                                                                                                                                                                                                                                                                                                                                                                                      ]
                                                                                                                                                                                                                                                                                                                                                                                                    ]
                                                                                                                                                                                                                                                                                                                                                                                                  ]
                                                                                                                                                                                                                                                                                                                                                                                                ]
                                                                                                                                                                                                                                                                                                                                                                                              ]
                                                                                                                                                                                                                                                                                                                                                                                            ]
                                                                                                                                                                                                                                                                                                                                                                                          ]
                                                                                                                                                                                                                                                                                                                                                                                        ]
                                                                                                                                                                                                                                                                                                                                                                                      ]
                                                                                                                                                                                                                                                                                                                                                                                    ]
                                                                                                                                                                                                                                                                                                                                                                                  ]
                                                                                                                                                                                                                                                                                                                                                                                ]
                                                                                                                                                                                                                                                                                                                                                                              ]
                                                                                                                                                                                                                                                                                                                                                                            ]
                                                                                                                                                                                                                                                                                                                                                                          ]
                                                                                                                                                                                                                                                                                                                                                                        ]
                                                                                                                                                                                                                                                                                                                                                                      ]
                                                                                                                                                                                                                                                                                                                                                                    ]
                                                                                                                                                                                                                                                                                                                                                                  ]
                                                                                                                                                                                                                                                                                                                                                                ]
                                                                                                                                                                                                                                                                                                                                                              ]
                                                                                                                                                                                                                                                                                                                                                            ]
                                                                                                                                                                                                                                                                                                                                                          ]
                                                                                                                                                                                                                                                                                                                                                        ]
                                                                                                                                                                                                                                                                                                                                                      ]
                                                                                                                                                                                                                                                                                                                                                    ]
                                                                                                                                                                                                                                                                                                                                                  ]
                                                                                                                                                                                                                                                                                                                                                ]
                                                                                                                                                                                                                                                                                                                                              ]
                                                                                                                                                                                                                                                                                                                                            ]
                                                                                                                                                                                                                                                                                                                                          ]
                                                                                                                                                                                                                                                                                                                                        ]
                                                                                                                                                                                                                                                                                                                                      ]
                                                                                                                                                                                                                                                                                                                                    ]
                                                                                                                                                                                                                                                                                                                                  ]
                                                                                                                                                                                                                                                                                                                                ]
                                                                                                                                                                                                                                                                                                                              ]
                                                                                                                                                                                                                                                                                                                            ]
                                                                                                                                                                                                                                                                                                                          ]
                                                                                                                                                                                                                                                                                                                        ]
                                                                                                                                                                                                                                                                                                                      ]
                                                                                                                                                                                                                                                                                                                    ]
                                                                                                                                                                                                                                                                                                                  ]
                                                                                                                                                                                                                                                                                                                ]
                                                                                                                                                                                                                                                                                                              ]
                                                                                                                                                                                                                                                                                                            ]
                                                                                                                                                                                                                                                                                                          ]
                                                                                                                                                                                                                                                                                                        ]
                                                                                                                                                                                                                                                                                                      ]
                                                                                                                                                                                                                                                                                                    ]
                                                                                                                                                                                                                                                                                                  ]
                                                                                                                                                                                                                                                                                                ]
                                                                                                                                                                                                                                                                                              ]
                                                                                                                                                                                                                                                                                            ]
                                                                                                                                                                                                                                                                                          ]
                                                                                                                                                                                                                                                                                        ]
                                                                                                                                                                                                                                                                                      ]
                                                                                                                                                                                                                                                                                    ]
                                                                                                                                                                                                                                                                                  ]
                                                                                                                                                                                                                                                                                ]
                                                                                                                                                                                                                                                                              ]
                                                                                                                                                                                                                                                                            ]
                                                                                                                                                                                                                                                                          ]
                                                                                                                                                                                                                                                                        ]
                                                                                                                                                                                                                                                                      ]
                                                                                                                                                                                                                                                                    ]
                                                                                                                                                                                                                                                                  ]
                                                                                                                                                                                                                                                                ]
                                                                                                                                                                                                                                                              ]
                                                                                                                                                                                                                                                            ]
                                                                                                                                                                                                                                                          ]
                                                                                                                                                                                                                                                        ]
                                                                                                                                                                                                                                                      ]
                                                                                                                                                                                                                                                    ]
                                                                                                                                                                                                                                                  ]
                                                                                                                                                                                                                                                ]
                                                                                                                                                                                                                                              ]
                                                                                                                                                                                                                                            ]
                                                                                                                                                                                                                                          ]
                                                                                                                                                                                                                                        ]
                                                                                                                                                                                                                                      ]
                                                                                                                                                                                                                                    ]
                                                                                                                                                                                                                                  ]
                                                                                                                                                                                                                                ]
                                                                                                                                                                                                                              ]
                                                                                                                                                                                                                            ]
                                                                                                                                                                                                                          ]
                                                                                                                                                                                                                        ]
                                                                                                                                                                                                                      ]
                                                                                                                                                                                                                    ]
                                                                                                                                                                                                                  ]
                                                                                                                                                                                                                ]
                                                                                                                                                                                                              ]
                                                                                                                                                                                                            ]
                                                                                                                                                                                                          ]
                                                                                                                                                                                                        ]
                                                                                                                                                                                                      ]
                                                                                                                                                                                                    ]
                                                                                                                                                                                                  ]
                                                                                                                                                                                                ]
                                                                                                                                                                                              ]
                                                                                                                                                                                            ]
                                                                                                                                                                                          ]
                                                                                                                                                                                        ]
                                                                                                                                                                                      ]
                                                                                                                                                                                    ]
                                                                                                                                                                                  ]
                                                                                                                                                                                ]
                                                                                                                                                                              ]
                                                                                                                                                                            ]
                                                                                                                                                                          ]
                                                                                                                                                                        ]
                                                                                                                                                                      ]
                                                                                                                                                                    ]
                                                                                                                                                                  ]
                                                                                                                                                                ]
                                                                                                                                                              ]
                                                                                                                                                            ]
                                                                                                                                                          ]
                                                                                                                                                        ]
                                                                                                                                                      ]
                                                                                                                                                    ]
                                                                                                                                                  ]
                                                                                                                                                ]
                                                                                                                                              ]
                                                                                                                                            ]
                                                                                                                                          ]
                                                                                                                                        ]
                                                                                                                                      ]
                                                                                                                                    ]
                                                                                                                                  ]
                                                                                                                                ]
                                                                                                                              ]
                                                                                                                            ]
                                                                                                                          ]
                                                                                                                        ]
                                                                                                                      ]
                                                                                                                    ]
                                                                                                                  ]
                                                                                                                ]
                                                                                                              ]
                                                                                                            ]
                                                                                                          ]
                                                                                                        ]
                                                                                                      ]
                                                                                                    ]
                                                                                                  ]
                                                                                                ]
                                                                                              ]
                                                                                            ]
                                                                                          ]
                                                                                        ]
                                                                                      ]
                                                                                    ]
                                                                                  ]
                                                                                ]
                                                                              ]
                                                                            ]
                                                                          ]
                                                                        ]
                                                                      ]
                                                                    ]
                                                                  ]
                                                                ]
                                                              ]
                                                            ]
                                                          ]
                                                        ]
                                                      ]
                                                    ]
                                                  ]
                                                ]
                                              ]
                                            ]
                                          ]
                                        ]
                                      ]
                                    ]
                                  ]
                                ]
                              ]
                            ]
                          ]
                        ]
                      ]
                    ]
                  ]
                ]
              ]
            ]
          ]
        ]
      ]
    ],
    "value": [],
    "workRemaining": "0"
  }
}
