{
  "status": "AuthoringChecked",
  "sourceHash": "f5d73ba07a0549a4c1dff5d54c35f705a4dd9fb1ca346f62029598d38b0cf27d",
  "diagnostics": [],
  "agreement": "CrossStakeBridge",
  "agreementSpan": {
    "start": 729,
    "end": 745
  },
  "declarations": [
    {
      "kind": "domain",
      "name": "HomeRail",
      "span": {
        "start": 750,
        "end": 831
      },
      "nameSpan": {
        "start": 757,
        "end": 765
      }
    },
    {
      "kind": "domain",
      "name": "ForeignClaim",
      "span": {
        "start": 834,
        "end": 922
      },
      "nameSpan": {
        "start": 841,
        "end": 853
      }
    },
    {
      "kind": "account",
      "name": "Staker",
      "span": {
        "start": 925,
        "end": 984
      },
      "nameSpan": {
        "start": 933,
        "end": 939
      }
    },
    {
      "kind": "account",
      "name": "Custodian",
      "span": {
        "start": 987,
        "end": 1048
      },
      "nameSpan": {
        "start": 995,
        "end": 1004
      }
    },
    {
      "kind": "account",
      "name": "RewardDesk",
      "span": {
        "start": 1051,
        "end": 1113
      },
      "nameSpan": {
        "start": 1059,
        "end": 1069
      }
    },
    {
      "kind": "account",
      "name": "Holder",
      "span": {
        "start": 1116,
        "end": 1175
      },
      "nameSpan": {
        "start": 1124,
        "end": 1130
      }
    },
    {
      "kind": "account",
      "name": "ForeignDesk",
      "span": {
        "start": 1178,
        "end": 1247
      },
      "nameSpan": {
        "start": 1186,
        "end": 1197
      }
    },
    {
      "kind": "account",
      "name": "ForeignRewards",
      "span": {
        "start": 1250,
        "end": 1323
      },
      "nameSpan": {
        "start": 1258,
        "end": 1272
      }
    },
    {
      "kind": "asset",
      "name": "RailUSD",
      "span": {
        "start": 1326,
        "end": 1439
      },
      "nameSpan": {
        "start": 1332,
        "end": 1339
      }
    },
    {
      "kind": "asset",
      "name": "ClaimUSD",
      "span": {
        "start": 1442,
        "end": 1562
      },
      "nameSpan": {
        "start": 1448,
        "end": 1456
      }
    },
    {
      "kind": "share_class",
      "name": "HomeShares",
      "span": {
        "start": 1565,
        "end": 1649
      },
      "nameSpan": {
        "start": 1577,
        "end": 1587
      }
    },
    {
      "kind": "share_class",
      "name": "ForeignShares",
      "span": {
        "start": 1652,
        "end": 1745
      },
      "nameSpan": {
        "start": 1664,
        "end": 1677
      }
    },
    {
      "kind": "const",
      "name": "window_open",
      "span": {
        "start": 1748,
        "end": 1779
      },
      "nameSpan": {
        "start": 1754,
        "end": 1765
      }
    },
    {
      "kind": "const",
      "name": "window_close",
      "span": {
        "start": 1782,
        "end": 1814
      },
      "nameSpan": {
        "start": 1788,
        "end": 1800
      }
    },
    {
      "kind": "const",
      "name": "full_share_atoms",
      "span": {
        "start": 1817,
        "end": 1857
      },
      "nameSpan": {
        "start": 1823,
        "end": 1839
      }
    },
    {
      "kind": "const",
      "name": "partial_share_atoms",
      "span": {
        "start": 1860,
        "end": 1903
      },
      "nameSpan": {
        "start": 1866,
        "end": 1885
      }
    },
    {
      "kind": "const",
      "name": "share_ratio_left",
      "span": {
        "start": 1974,
        "end": 2023
      },
      "nameSpan": {
        "start": 1980,
        "end": 1996
      }
    },
    {
      "kind": "const",
      "name": "share_ratio_right",
      "span": {
        "start": 2026,
        "end": 2073
      },
      "nameSpan": {
        "start": 2032,
        "end": 2049
      }
    },
    {
      "kind": "const",
      "name": "share_ratio_gap",
      "span": {
        "start": 2076,
        "end": 2137
      },
      "nameSpan": {
        "start": 2082,
        "end": 2097
      }
    },
    {
      "kind": "const",
      "name": "rail_face_atom_count",
      "span": {
        "start": 2140,
        "end": 2184
      },
      "nameSpan": {
        "start": 2146,
        "end": 2166
      }
    },
    {
      "kind": "const",
      "name": "claim_face_atom_count",
      "span": {
        "start": 2187,
        "end": 2237
      },
      "nameSpan": {
        "start": 2193,
        "end": 2214
      }
    },
    {
      "kind": "const",
      "name": "unchecked_atom_count_gap",
      "span": {
        "start": 2299,
        "end": 2377
      },
      "nameSpan": {
        "start": 2305,
        "end": 2329
      }
    },
    {
      "kind": "const",
      "name": "escrow_face",
      "span": {
        "start": 2380,
        "end": 2429
      },
      "nameSpan": {
        "start": 2386,
        "end": 2397
      }
    },
    {
      "kind": "const",
      "name": "home_face_atoms",
      "span": {
        "start": 2432,
        "end": 2507
      },
      "nameSpan": {
        "start": 2438,
        "end": 2453
      }
    },
    {
      "kind": "const",
      "name": "home_face_gap",
      "span": {
        "start": 2510,
        "end": 2562
      },
      "nameSpan": {
        "start": 2516,
        "end": 2529
      }
    },
    {
      "kind": "const",
      "name": "reward_slice",
      "span": {
        "start": 2565,
        "end": 2613
      },
      "nameSpan": {
        "start": 2571,
        "end": 2583
      }
    },
    {
      "kind": "const",
      "name": "slash_slice",
      "span": {
        "start": 2616,
        "end": 2663
      },
      "nameSpan": {
        "start": 2622,
        "end": 2633
      }
    },
    {
      "kind": "const",
      "name": "reward_and_slash",
      "span": {
        "start": 2666,
        "end": 2718
      },
      "nameSpan": {
        "start": 2672,
        "end": 2688
      }
    },
    {
      "kind": "const",
      "name": "reward_stated",
      "span": {
        "start": 2721,
        "end": 2770
      },
      "nameSpan": {
        "start": 2727,
        "end": 2740
      }
    },
    {
      "kind": "const",
      "name": "reward_gap",
      "span": {
        "start": 2773,
        "end": 2825
      },
      "nameSpan": {
        "start": 2779,
        "end": 2789
      }
    },
    {
      "kind": "const",
      "name": "proportional_slice",
      "span": {
        "start": 2828,
        "end": 2884
      },
      "nameSpan": {
        "start": 2834,
        "end": 2852
      }
    },
    {
      "kind": "const",
      "name": "withdraw_floor",
      "span": {
        "start": 2887,
        "end": 2938
      },
      "nameSpan": {
        "start": 2893,
        "end": 2907
      }
    },
    {
      "kind": "const",
      "name": "floor_gap",
      "span": {
        "start": 2941,
        "end": 2995
      },
      "nameSpan": {
        "start": 2947,
        "end": 2956
      }
    },
    {
      "kind": "const",
      "name": "home_two_fifths",
      "span": {
        "start": 2998,
        "end": 3038
      },
      "nameSpan": {
        "start": 3004,
        "end": 3019
      }
    },
    {
      "kind": "const",
      "name": "home_five_slices",
      "span": {
        "start": 3041,
        "end": 3089
      },
      "nameSpan": {
        "start": 3047,
        "end": 3063
      }
    },
    {
      "kind": "const",
      "name": "home_proportion_gap",
      "span": {
        "start": 3092,
        "end": 3155
      },
      "nameSpan": {
        "start": 3098,
        "end": 3117
      }
    },
    {
      "kind": "const",
      "name": "tighter_home_floor",
      "span": {
        "start": 3158,
        "end": 3231
      },
      "nameSpan": {
        "start": 3164,
        "end": 3182
      }
    },
    {
      "kind": "const",
      "name": "tighter_gap",
      "span": {
        "start": 3234,
        "end": 3290
      },
      "nameSpan": {
        "start": 3240,
        "end": 3251
      }
    },
    {
      "kind": "const",
      "name": "claim_face",
      "span": {
        "start": 3293,
        "end": 3347
      },
      "nameSpan": {
        "start": 3299,
        "end": 3309
      }
    },
    {
      "kind": "const",
      "name": "claim_atoms",
      "span": {
        "start": 3350,
        "end": 3428
      },
      "nameSpan": {
        "start": 3356,
        "end": 3367
      }
    },
    {
      "kind": "const",
      "name": "claim_gap",
      "span": {
        "start": 3431,
        "end": 3474
      },
      "nameSpan": {
        "start": 3437,
        "end": 3446
      }
    },
    {
      "kind": "const",
      "name": "foreign_reward",
      "span": {
        "start": 3477,
        "end": 3533
      },
      "nameSpan": {
        "start": 3483,
        "end": 3497
      }
    },
    {
      "kind": "const",
      "name": "foreign_slash",
      "span": {
        "start": 3536,
        "end": 3591
      },
      "nameSpan": {
        "start": 3542,
        "end": 3555
      }
    },
    {
      "kind": "const",
      "name": "foreign_reward_and_slash",
      "span": {
        "start": 3594,
        "end": 3658
      },
      "nameSpan": {
        "start": 3600,
        "end": 3624
      }
    },
    {
      "kind": "const",
      "name": "foreign_reward_stated",
      "span": {
        "start": 3661,
        "end": 3724
      },
      "nameSpan": {
        "start": 3667,
        "end": 3688
      }
    },
    {
      "kind": "const",
      "name": "foreign_reward_gap",
      "span": {
        "start": 3727,
        "end": 3803
      },
      "nameSpan": {
        "start": 3733,
        "end": 3751
      }
    },
    {
      "kind": "const",
      "name": "foreign_slice",
      "span": {
        "start": 3806,
        "end": 3863
      },
      "nameSpan": {
        "start": 3812,
        "end": 3825
      }
    },
    {
      "kind": "const",
      "name": "foreign_floor",
      "span": {
        "start": 3866,
        "end": 3922
      },
      "nameSpan": {
        "start": 3872,
        "end": 3885
      }
    },
    {
      "kind": "const",
      "name": "foreign_floor_gap",
      "span": {
        "start": 3925,
        "end": 3981
      },
      "nameSpan": {
        "start": 3931,
        "end": 3948
      }
    },
    {
      "kind": "const",
      "name": "foreign_two_fifths",
      "span": {
        "start": 3984,
        "end": 4026
      },
      "nameSpan": {
        "start": 3990,
        "end": 4008
      }
    },
    {
      "kind": "const",
      "name": "foreign_five_slices",
      "span": {
        "start": 4029,
        "end": 4075
      },
      "nameSpan": {
        "start": 4035,
        "end": 4054
      }
    },
    {
      "kind": "const",
      "name": "foreign_proportion_gap",
      "span": {
        "start": 4078,
        "end": 4150
      },
      "nameSpan": {
        "start": 4084,
        "end": 4106
      }
    },
    {
      "kind": "policy",
      "name": "DutyTerms",
      "span": {
        "start": 4153,
        "end": 4289
      },
      "nameSpan": {
        "start": 4160,
        "end": 4169
      }
    },
    {
      "kind": "grant",
      "name": "EscrowAuthority",
      "span": {
        "start": 4292,
        "end": 4511
      },
      "nameSpan": {
        "start": 4298,
        "end": 4313
      }
    },
    {
      "kind": "party",
      "name": "StakerParty",
      "span": {
        "start": 4514,
        "end": 4572
      },
      "nameSpan": {
        "start": 4520,
        "end": 4531
      }
    },
    {
      "kind": "party",
      "name": "HolderParty",
      "span": {
        "start": 4575,
        "end": 4633
      },
      "nameSpan": {
        "start": 4581,
        "end": 4592
      }
    },
    {
      "kind": "observation",
      "name": "ClaimFix",
      "span": {
        "start": 4636,
        "end": 4867
      },
      "nameSpan": {
        "start": 4648,
        "end": 4656
      }
    },
    {
      "kind": "stage",
      "name": "EscrowLock",
      "span": {
        "start": 4870,
        "end": 5417
      },
      "nameSpan": {
        "start": 4876,
        "end": 4886
      }
    },
    {
      "kind": "stage",
      "name": "ClaimDuty",
      "span": {
        "start": 5420,
        "end": 5971
      },
      "nameSpan": {
        "start": 5426,
        "end": 5435
      }
    },
    {
      "kind": "stage",
      "name": "HomeUnbondDuty",
      "span": {
        "start": 5974,
        "end": 6524
      },
      "nameSpan": {
        "start": 5980,
        "end": 5994
      }
    },
    {
      "kind": "stage",
      "name": "ForeignUnbondDuty",
      "span": {
        "start": 6527,
        "end": 7098
      },
      "nameSpan": {
        "start": 6533,
        "end": 6550
      }
    },
    {
      "kind": "episode",
      "name": "BridgeThenStake",
      "span": {
        "start": 7101,
        "end": 7610
      },
      "nameSpan": {
        "start": 7109,
        "end": 7124
      }
    },
    {
      "kind": "intent",
      "name": "LockRail",
      "span": {
        "start": 7613,
        "end": 8385
      },
      "nameSpan": {
        "start": 7620,
        "end": 7628
      }
    },
    {
      "kind": "intent",
      "name": "TakeClaim",
      "span": {
        "start": 8388,
        "end": 9199
      },
      "nameSpan": {
        "start": 8395,
        "end": 8404
      }
    },
    {
      "kind": "intent",
      "name": "RecoverRail",
      "span": {
        "start": 9202,
        "end": 9929
      },
      "nameSpan": {
        "start": 9209,
        "end": 9220
      }
    },
    {
      "kind": "intent",
      "name": "StakeHome",
      "span": {
        "start": 9932,
        "end": 10589
      },
      "nameSpan": {
        "start": 9939,
        "end": 9948
      }
    },
    {
      "kind": "intent",
      "name": "RewardHome",
      "span": {
        "start": 10592,
        "end": 11124
      },
      "nameSpan": {
        "start": 10599,
        "end": 10609
      }
    },
    {
      "kind": "intent",
      "name": "SlashHome",
      "span": {
        "start": 11127,
        "end": 11666
      },
      "nameSpan": {
        "start": 11134,
        "end": 11143
      }
    },
    {
      "kind": "intent",
      "name": "UnbondHome",
      "span": {
        "start": 11669,
        "end": 12195
      },
      "nameSpan": {
        "start": 11676,
        "end": 11686
      }
    },
    {
      "kind": "intent",
      "name": "WithdrawHome",
      "span": {
        "start": 12198,
        "end": 12861
      },
      "nameSpan": {
        "start": 12205,
        "end": 12217
      }
    },
    {
      "kind": "intent",
      "name": "StakeForeign",
      "span": {
        "start": 12864,
        "end": 13571
      },
      "nameSpan": {
        "start": 12871,
        "end": 12883
      }
    },
    {
      "kind": "intent",
      "name": "RewardForeign",
      "span": {
        "start": 13574,
        "end": 14196
      },
      "nameSpan": {
        "start": 13581,
        "end": 13594
      }
    },
    {
      "kind": "intent",
      "name": "SlashForeign",
      "span": {
        "start": 14199,
        "end": 14729
      },
      "nameSpan": {
        "start": 14206,
        "end": 14218
      }
    },
    {
      "kind": "intent",
      "name": "UnbondForeign",
      "span": {
        "start": 14732,
        "end": 15282
      },
      "nameSpan": {
        "start": 14739,
        "end": 14752
      }
    },
    {
      "kind": "intent",
      "name": "WithdrawForeign",
      "span": {
        "start": 15285,
        "end": 15979
      },
      "nameSpan": {
        "start": 15292,
        "end": 15307
      }
    }
  ],
  "actions": [
    {
      "name": "escrow_home",
      "intent": "LockRail",
      "span": {
        "start": 15982,
        "end": 16015
      },
      "nameSpan": {
        "start": 15989,
        "end": 16000
      },
      "support": "SpecifiedOnly",
      "coverage": {
        "syntax": "Checked",
        "names": "Checked",
        "quantities": "Checked",
        "financialRelations": "Open",
        "localPreparation": "Unsupported"
      }
    },
    {
      "name": "claim_foreign",
      "intent": "TakeClaim",
      "span": {
        "start": 16018,
        "end": 16054
      },
      "nameSpan": {
        "start": 16025,
        "end": 16038
      },
      "support": "SpecifiedOnly",
      "coverage": {
        "syntax": "Checked",
        "names": "Checked",
        "quantities": "Checked",
        "financialRelations": "Open",
        "localPreparation": "Unsupported"
      }
    },
    {
      "name": "recover_home",
      "intent": "RecoverRail",
      "span": {
        "start": 16057,
        "end": 16094
      },
      "nameSpan": {
        "start": 16064,
        "end": 16076
      },
      "support": "SpecifiedOnly",
      "coverage": {
        "syntax": "Checked",
        "names": "Checked",
        "quantities": "Checked",
        "financialRelations": "Open",
        "localPreparation": "Unsupported"
      }
    },
    {
      "name": "deposit_home",
      "intent": "StakeHome",
      "span": {
        "start": 16097,
        "end": 16132
      },
      "nameSpan": {
        "start": 16104,
        "end": 16116
      },
      "support": "SpecifiedOnly",
      "coverage": {
        "syntax": "Checked",
        "names": "Checked",
        "quantities": "Checked",
        "financialRelations": "Open",
        "localPreparation": "Unsupported"
      }
    },
    {
      "name": "reward_home",
      "intent": "RewardHome",
      "span": {
        "start": 16135,
        "end": 16170
      },
      "nameSpan": {
        "start": 16142,
        "end": 16153
      },
      "support": "SpecifiedOnly",
      "coverage": {
        "syntax": "Checked",
        "names": "Checked",
        "quantities": "Checked",
        "financialRelations": "Open",
        "localPreparation": "Unsupported"
      }
    },
    {
      "name": "slash_home",
      "intent": "SlashHome",
      "span": {
        "start": 16173,
        "end": 16206
      },
      "nameSpan": {
        "start": 16180,
        "end": 16190
      },
      "support": "SpecifiedOnly",
      "coverage": {
        "syntax": "Checked",
        "names": "Checked",
        "quantities": "Checked",
        "financialRelations": "Open",
        "localPreparation": "Unsupported"
      }
    },
    {
      "name": "unbond_home",
      "intent": "UnbondHome",
      "span": {
        "start": 16209,
        "end": 16244
      },
      "nameSpan": {
        "start": 16216,
        "end": 16227
      },
      "support": "SpecifiedOnly",
      "coverage": {
        "syntax": "Checked",
        "names": "Checked",
        "quantities": "Checked",
        "financialRelations": "Open",
        "localPreparation": "Unsupported"
      }
    },
    {
      "name": "withdraw_home",
      "intent": "WithdrawHome",
      "span": {
        "start": 16247,
        "end": 16286
      },
      "nameSpan": {
        "start": 16254,
        "end": 16267
      },
      "support": "SpecifiedOnly",
      "coverage": {
        "syntax": "Checked",
        "names": "Checked",
        "quantities": "Checked",
        "financialRelations": "Open",
        "localPreparation": "Unsupported"
      }
    },
    {
      "name": "deposit_foreign",
      "intent": "StakeForeign",
      "span": {
        "start": 16289,
        "end": 16330
      },
      "nameSpan": {
        "start": 16296,
        "end": 16311
      },
      "support": "SpecifiedOnly",
      "coverage": {
        "syntax": "Checked",
        "names": "Checked",
        "quantities": "Checked",
        "financialRelations": "Open",
        "localPreparation": "Unsupported"
      }
    },
    {
      "name": "reward_foreign",
      "intent": "RewardForeign",
      "span": {
        "start": 16333,
        "end": 16374
      },
      "nameSpan": {
        "start": 16340,
        "end": 16354
      },
      "support": "SpecifiedOnly",
      "coverage": {
        "syntax": "Checked",
        "names": "Checked",
        "quantities": "Checked",
        "financialRelations": "Open",
        "localPreparation": "Unsupported"
      }
    },
    {
      "name": "slash_foreign",
      "intent": "SlashForeign",
      "span": {
        "start": 16377,
        "end": 16416
      },
      "nameSpan": {
        "start": 16384,
        "end": 16397
      },
      "support": "SpecifiedOnly",
      "coverage": {
        "syntax": "Checked",
        "names": "Checked",
        "quantities": "Checked",
        "financialRelations": "Open",
        "localPreparation": "Unsupported"
      }
    },
    {
      "name": "unbond_foreign",
      "intent": "UnbondForeign",
      "span": {
        "start": 16419,
        "end": 16460
      },
      "nameSpan": {
        "start": 16426,
        "end": 16440
      },
      "support": "SpecifiedOnly",
      "coverage": {
        "syntax": "Checked",
        "names": "Checked",
        "quantities": "Checked",
        "financialRelations": "Open",
        "localPreparation": "Unsupported"
      }
    },
    {
      "name": "withdraw_foreign",
      "intent": "WithdrawForeign",
      "span": {
        "start": 16463,
        "end": 16508
      },
      "nameSpan": {
        "start": 16470,
        "end": 16486
      },
      "support": "SpecifiedOnly",
      "coverage": {
        "syntax": "Checked",
        "names": "Checked",
        "quantities": "Checked",
        "financialRelations": "Open",
        "localPreparation": "Unsupported"
      }
    }
  ],
  "references": [
    {
      "name": "HomeRail",
      "useSpan": {
        "start": 951,
        "end": 959
      },
      "declarationSpan": {
        "start": 750,
        "end": 831
      }
    },
    {
      "name": "HomeRail",
      "useSpan": {
        "start": 1016,
        "end": 1024
      },
      "declarationSpan": {
        "start": 750,
        "end": 831
      }
    },
    {
      "name": "HomeRail",
      "useSpan": {
        "start": 1081,
        "end": 1089
      },
      "declarationSpan": {
        "start": 750,
        "end": 831
      }
    },
    {
      "name": "ForeignClaim",
      "useSpan": {
        "start": 1142,
        "end": 1154
      },
      "declarationSpan": {
        "start": 834,
        "end": 922
      }
    },
    {
      "name": "ForeignClaim",
      "useSpan": {
        "start": 1209,
        "end": 1221
      },
      "declarationSpan": {
        "start": 834,
        "end": 922
      }
    },
    {
      "name": "ForeignClaim",
      "useSpan": {
        "start": 1284,
        "end": 1296
      },
      "declarationSpan": {
        "start": 834,
        "end": 922
      }
    },
    {
      "name": "HomeRail",
      "useSpan": {
        "start": 1351,
        "end": 1359
      },
      "declarationSpan": {
        "start": 750,
        "end": 831
      }
    },
    {
      "name": "ForeignClaim",
      "useSpan": {
        "start": 1468,
        "end": 1480
      },
      "declarationSpan": {
        "start": 834,
        "end": 922
      }
    },
    {
      "name": "HomeRail",
      "useSpan": {
        "start": 1599,
        "end": 1607
      },
      "declarationSpan": {
        "start": 750,
        "end": 831
      }
    },
    {
      "name": "RailUSD",
      "useSpan": {
        "start": 1640,
        "end": 1647
      },
      "declarationSpan": {
        "start": 1326,
        "end": 1439
      }
    },
    {
      "name": "ForeignClaim",
      "useSpan": {
        "start": 1689,
        "end": 1701
      },
      "declarationSpan": {
        "start": 834,
        "end": 922
      }
    },
    {
      "name": "ClaimUSD",
      "useSpan": {
        "start": 1735,
        "end": 1743
      },
      "declarationSpan": {
        "start": 1442,
        "end": 1562
      }
    },
    {
      "name": "partial_share_atoms",
      "useSpan": {
        "start": 1999,
        "end": 2018
      },
      "declarationSpan": {
        "start": 1860,
        "end": 1903
      }
    },
    {
      "name": "full_share_atoms",
      "useSpan": {
        "start": 2052,
        "end": 2068
      },
      "declarationSpan": {
        "start": 1817,
        "end": 1857
      }
    },
    {
      "name": "share_ratio_right",
      "useSpan": {
        "start": 2100,
        "end": 2117
      },
      "declarationSpan": {
        "start": 2026,
        "end": 2073
      }
    },
    {
      "name": "share_ratio_left",
      "useSpan": {
        "start": 2120,
        "end": 2136
      },
      "declarationSpan": {
        "start": 1974,
        "end": 2023
      }
    },
    {
      "name": "claim_face_atom_count",
      "useSpan": {
        "start": 2332,
        "end": 2353
      },
      "declarationSpan": {
        "start": 2187,
        "end": 2237
      }
    },
    {
      "name": "rail_face_atom_count",
      "useSpan": {
        "start": 2356,
        "end": 2376
      },
      "declarationSpan": {
        "start": 2140,
        "end": 2184
      }
    },
    {
      "name": "RailUSD",
      "useSpan": {
        "start": 2421,
        "end": 2428
      },
      "declarationSpan": {
        "start": 1326,
        "end": 1439
      }
    },
    {
      "name": "RailUSD",
      "useSpan": {
        "start": 2403,
        "end": 2410
      },
      "declarationSpan": {
        "start": 1326,
        "end": 1439
      }
    },
    {
      "name": "RailUSD",
      "useSpan": {
        "start": 2483,
        "end": 2490
      },
      "declarationSpan": {
        "start": 1326,
        "end": 1439
      }
    },
    {
      "name": "RailUSD",
      "useSpan": {
        "start": 2459,
        "end": 2466
      },
      "declarationSpan": {
        "start": 1326,
        "end": 1439
      }
    },
    {
      "name": "escrow_face",
      "useSpan": {
        "start": 2532,
        "end": 2543
      },
      "declarationSpan": {
        "start": 2380,
        "end": 2429
      }
    },
    {
      "name": "home_face_atoms",
      "useSpan": {
        "start": 2546,
        "end": 2561
      },
      "declarationSpan": {
        "start": 2432,
        "end": 2507
      }
    },
    {
      "name": "RailUSD",
      "useSpan": {
        "start": 2605,
        "end": 2612
      },
      "declarationSpan": {
        "start": 1326,
        "end": 1439
      }
    },
    {
      "name": "RailUSD",
      "useSpan": {
        "start": 2589,
        "end": 2596
      },
      "declarationSpan": {
        "start": 1326,
        "end": 1439
      }
    },
    {
      "name": "RailUSD",
      "useSpan": {
        "start": 2655,
        "end": 2662
      },
      "declarationSpan": {
        "start": 1326,
        "end": 1439
      }
    },
    {
      "name": "RailUSD",
      "useSpan": {
        "start": 2639,
        "end": 2646
      },
      "declarationSpan": {
        "start": 1326,
        "end": 1439
      }
    },
    {
      "name": "reward_slice",
      "useSpan": {
        "start": 2691,
        "end": 2703
      },
      "declarationSpan": {
        "start": 2565,
        "end": 2613
      }
    },
    {
      "name": "slash_slice",
      "useSpan": {
        "start": 2706,
        "end": 2717
      },
      "declarationSpan": {
        "start": 2616,
        "end": 2663
      }
    },
    {
      "name": "RailUSD",
      "useSpan": {
        "start": 2762,
        "end": 2769
      },
      "declarationSpan": {
        "start": 1326,
        "end": 1439
      }
    },
    {
      "name": "RailUSD",
      "useSpan": {
        "start": 2746,
        "end": 2753
      },
      "declarationSpan": {
        "start": 1326,
        "end": 1439
      }
    },
    {
      "name": "reward_stated",
      "useSpan": {
        "start": 2792,
        "end": 2805
      },
      "declarationSpan": {
        "start": 2721,
        "end": 2770
      }
    },
    {
      "name": "reward_and_slash",
      "useSpan": {
        "start": 2808,
        "end": 2824
      },
      "declarationSpan": {
        "start": 2666,
        "end": 2718
      }
    },
    {
      "name": "RailUSD",
      "useSpan": {
        "start": 2876,
        "end": 2883
      },
      "declarationSpan": {
        "start": 1326,
        "end": 1439
      }
    },
    {
      "name": "RailUSD",
      "useSpan": {
        "start": 2858,
        "end": 2865
      },
      "declarationSpan": {
        "start": 1326,
        "end": 1439
      }
    },
    {
      "name": "RailUSD",
      "useSpan": {
        "start": 2930,
        "end": 2937
      },
      "declarationSpan": {
        "start": 1326,
        "end": 1439
      }
    },
    {
      "name": "RailUSD",
      "useSpan": {
        "start": 2913,
        "end": 2920
      },
      "declarationSpan": {
        "start": 1326,
        "end": 1439
      }
    },
    {
      "name": "proportional_slice",
      "useSpan": {
        "start": 2959,
        "end": 2977
      },
      "declarationSpan": {
        "start": 2828,
        "end": 2884
      }
    },
    {
      "name": "withdraw_floor",
      "useSpan": {
        "start": 2980,
        "end": 2994
      },
      "declarationSpan": {
        "start": 2887,
        "end": 2938
      }
    },
    {
      "name": "escrow_face",
      "useSpan": {
        "start": 3022,
        "end": 3033
      },
      "declarationSpan": {
        "start": 2380,
        "end": 2429
      }
    },
    {
      "name": "proportional_slice",
      "useSpan": {
        "start": 3066,
        "end": 3084
      },
      "declarationSpan": {
        "start": 2828,
        "end": 2884
      }
    },
    {
      "name": "home_five_slices",
      "useSpan": {
        "start": 3120,
        "end": 3136
      },
      "declarationSpan": {
        "start": 3041,
        "end": 3089
      }
    },
    {
      "name": "home_two_fifths",
      "useSpan": {
        "start": 3139,
        "end": 3154
      },
      "declarationSpan": {
        "start": 2998,
        "end": 3038
      }
    },
    {
      "name": "withdraw_floor",
      "useSpan": {
        "start": 3192,
        "end": 3206
      },
      "declarationSpan": {
        "start": 2887,
        "end": 2938
      }
    },
    {
      "name": "proportional_slice",
      "useSpan": {
        "start": 3211,
        "end": 3229
      },
      "declarationSpan": {
        "start": 2828,
        "end": 2884
      }
    },
    {
      "name": "tighter_home_floor",
      "useSpan": {
        "start": 3254,
        "end": 3272
      },
      "declarationSpan": {
        "start": 3158,
        "end": 3231
      }
    },
    {
      "name": "withdraw_floor",
      "useSpan": {
        "start": 3275,
        "end": 3289
      },
      "declarationSpan": {
        "start": 2887,
        "end": 2938
      }
    },
    {
      "name": "ClaimUSD",
      "useSpan": {
        "start": 3338,
        "end": 3346
      },
      "declarationSpan": {
        "start": 1442,
        "end": 1562
      }
    },
    {
      "name": "ClaimUSD",
      "useSpan": {
        "start": 3315,
        "end": 3323
      },
      "declarationSpan": {
        "start": 1442,
        "end": 1562
      }
    },
    {
      "name": "ClaimUSD",
      "useSpan": {
        "start": 3398,
        "end": 3406
      },
      "declarationSpan": {
        "start": 1442,
        "end": 1562
      }
    },
    {
      "name": "ClaimUSD",
      "useSpan": {
        "start": 3373,
        "end": 3381
      },
      "declarationSpan": {
        "start": 1442,
        "end": 1562
      }
    },
    {
      "name": "claim_face",
      "useSpan": {
        "start": 3449,
        "end": 3459
      },
      "declarationSpan": {
        "start": 3293,
        "end": 3347
      }
    },
    {
      "name": "claim_atoms",
      "useSpan": {
        "start": 3462,
        "end": 3473
      },
      "declarationSpan": {
        "start": 3350,
        "end": 3428
      }
    },
    {
      "name": "ClaimUSD",
      "useSpan": {
        "start": 3524,
        "end": 3532
      },
      "declarationSpan": {
        "start": 1442,
        "end": 1562
      }
    },
    {
      "name": "ClaimUSD",
      "useSpan": {
        "start": 3503,
        "end": 3511
      },
      "declarationSpan": {
        "start": 1442,
        "end": 1562
      }
    },
    {
      "name": "ClaimUSD",
      "useSpan": {
        "start": 3582,
        "end": 3590
      },
      "declarationSpan": {
        "start": 1442,
        "end": 1562
      }
    },
    {
      "name": "ClaimUSD",
      "useSpan": {
        "start": 3561,
        "end": 3569
      },
      "declarationSpan": {
        "start": 1442,
        "end": 1562
      }
    },
    {
      "name": "foreign_reward",
      "useSpan": {
        "start": 3627,
        "end": 3641
      },
      "declarationSpan": {
        "start": 3477,
        "end": 3533
      }
    },
    {
      "name": "foreign_slash",
      "useSpan": {
        "start": 3644,
        "end": 3657
      },
      "declarationSpan": {
        "start": 3536,
        "end": 3591
      }
    },
    {
      "name": "ClaimUSD",
      "useSpan": {
        "start": 3715,
        "end": 3723
      },
      "declarationSpan": {
        "start": 1442,
        "end": 1562
      }
    },
    {
      "name": "ClaimUSD",
      "useSpan": {
        "start": 3694,
        "end": 3702
      },
      "declarationSpan": {
        "start": 1442,
        "end": 1562
      }
    },
    {
      "name": "foreign_reward_stated",
      "useSpan": {
        "start": 3754,
        "end": 3775
      },
      "declarationSpan": {
        "start": 3661,
        "end": 3724
      }
    },
    {
      "name": "foreign_reward_and_slash",
      "useSpan": {
        "start": 3778,
        "end": 3802
      },
      "declarationSpan": {
        "start": 3594,
        "end": 3658
      }
    },
    {
      "name": "ClaimUSD",
      "useSpan": {
        "start": 3854,
        "end": 3862
      },
      "declarationSpan": {
        "start": 1442,
        "end": 1562
      }
    },
    {
      "name": "ClaimUSD",
      "useSpan": {
        "start": 3831,
        "end": 3839
      },
      "declarationSpan": {
        "start": 1442,
        "end": 1562
      }
    },
    {
      "name": "ClaimUSD",
      "useSpan": {
        "start": 3913,
        "end": 3921
      },
      "declarationSpan": {
        "start": 1442,
        "end": 1562
      }
    },
    {
      "name": "ClaimUSD",
      "useSpan": {
        "start": 3891,
        "end": 3899
      },
      "declarationSpan": {
        "start": 1442,
        "end": 1562
      }
    },
    {
      "name": "foreign_slice",
      "useSpan": {
        "start": 3951,
        "end": 3964
      },
      "declarationSpan": {
        "start": 3806,
        "end": 3863
      }
    },
    {
      "name": "foreign_floor",
      "useSpan": {
        "start": 3967,
        "end": 3980
      },
      "declarationSpan": {
        "start": 3866,
        "end": 3922
      }
    },
    {
      "name": "claim_face",
      "useSpan": {
        "start": 4011,
        "end": 4021
      },
      "declarationSpan": {
        "start": 3293,
        "end": 3347
      }
    },
    {
      "name": "foreign_slice",
      "useSpan": {
        "start": 4057,
        "end": 4070
      },
      "declarationSpan": {
        "start": 3806,
        "end": 3863
      }
    },
    {
      "name": "foreign_five_slices",
      "useSpan": {
        "start": 4109,
        "end": 4128
      },
      "declarationSpan": {
        "start": 4029,
        "end": 4075
      }
    },
    {
      "name": "foreign_two_fifths",
      "useSpan": {
        "start": 4131,
        "end": 4149
      },
      "declarationSpan": {
        "start": 3984,
        "end": 4026
      }
    },
    {
      "name": "Custodian",
      "useSpan": {
        "start": 4325,
        "end": 4334
      },
      "declarationSpan": {
        "start": 987,
        "end": 1048
      }
    },
    {
      "name": "window_close",
      "useSpan": {
        "start": 4373,
        "end": 4385
      },
      "declarationSpan": {
        "start": 1782,
        "end": 1814
      }
    },
    {
      "name": "escrow_face",
      "useSpan": {
        "start": 4421,
        "end": 4432
      },
      "declarationSpan": {
        "start": 2380,
        "end": 2429
      }
    },
    {
      "name": "Staker",
      "useSpan": {
        "start": 4459,
        "end": 4465
      },
      "declarationSpan": {
        "start": 925,
        "end": 984
      }
    },
    {
      "name": "Staker",
      "useSpan": {
        "start": 4564,
        "end": 4570
      },
      "declarationSpan": {
        "start": 925,
        "end": 984
      }
    },
    {
      "name": "Holder",
      "useSpan": {
        "start": 4625,
        "end": 4631
      },
      "declarationSpan": {
        "start": 1116,
        "end": 1175
      }
    },
    {
      "name": "ForeignClaim",
      "useSpan": {
        "start": 4668,
        "end": 4680
      },
      "declarationSpan": {
        "start": 834,
        "end": 922
      }
    },
    {
      "name": "window_open",
      "useSpan": {
        "start": 4775,
        "end": 4786
      },
      "declarationSpan": {
        "start": 1748,
        "end": 1779
      }
    },
    {
      "name": "HomeRail",
      "useSpan": {
        "start": 4898,
        "end": 4906
      },
      "declarationSpan": {
        "start": 750,
        "end": 831
      }
    },
    {
      "name": "escrow_face",
      "useSpan": {
        "start": 5045,
        "end": 5056
      },
      "declarationSpan": {
        "start": 2380,
        "end": 2429
      }
    },
    {
      "name": "ForeignClaim",
      "useSpan": {
        "start": 5447,
        "end": 5459
      },
      "declarationSpan": {
        "start": 834,
        "end": 922
      }
    },
    {
      "name": "claim_face",
      "useSpan": {
        "start": 5588,
        "end": 5598
      },
      "declarationSpan": {
        "start": 3293,
        "end": 3347
      }
    },
    {
      "name": "HomeRail",
      "useSpan": {
        "start": 6006,
        "end": 6014
      },
      "declarationSpan": {
        "start": 750,
        "end": 831
      }
    },
    {
      "name": "proportional_slice",
      "useSpan": {
        "start": 6150,
        "end": 6168
      },
      "declarationSpan": {
        "start": 2828,
        "end": 2884
      }
    },
    {
      "name": "ForeignClaim",
      "useSpan": {
        "start": 6562,
        "end": 6574
      },
      "declarationSpan": {
        "start": 834,
        "end": 922
      }
    },
    {
      "name": "foreign_slice",
      "useSpan": {
        "start": 6705,
        "end": 6718
      },
      "declarationSpan": {
        "start": 3806,
        "end": 3863
      }
    },
    {
      "name": "EscrowLock",
      "useSpan": {
        "start": 7162,
        "end": 7172
      },
      "declarationSpan": {
        "start": 4870,
        "end": 5417
      }
    },
    {
      "name": "ClaimDuty",
      "useSpan": {
        "start": 7174,
        "end": 7183
      },
      "declarationSpan": {
        "start": 5420,
        "end": 5971
      }
    },
    {
      "name": "HomeUnbondDuty",
      "useSpan": {
        "start": 7185,
        "end": 7199
      },
      "declarationSpan": {
        "start": 5974,
        "end": 6524
      }
    },
    {
      "name": "ForeignUnbondDuty",
      "useSpan": {
        "start": 7201,
        "end": 7218
      },
      "declarationSpan": {
        "start": 6527,
        "end": 7098
      }
    },
    {
      "name": "EscrowAuthority",
      "useSpan": {
        "start": 7593,
        "end": 7608
      },
      "declarationSpan": {
        "start": 4292,
        "end": 4511
      }
    },
    {
      "name": "HomeRail",
      "useSpan": {
        "start": 7640,
        "end": 7648
      },
      "declarationSpan": {
        "start": 750,
        "end": 831
      }
    },
    {
      "name": "RailUSD",
      "useSpan": {
        "start": 7657,
        "end": 7664
      },
      "declarationSpan": {
        "start": 1326,
        "end": 1439
      }
    },
    {
      "name": "Staker",
      "useSpan": {
        "start": 7674,
        "end": 7680
      },
      "declarationSpan": {
        "start": 925,
        "end": 984
      }
    },
    {
      "name": "DutyTerms",
      "useSpan": {
        "start": 7690,
        "end": 7699
      },
      "declarationSpan": {
        "start": 4153,
        "end": 4289
      }
    },
    {
      "name": "EscrowAuthority",
      "useSpan": {
        "start": 7712,
        "end": 7727
      },
      "declarationSpan": {
        "start": 4292,
        "end": 4511
      }
    },
    {
      "name": "HomeRail",
      "useSpan": {
        "start": 7751,
        "end": 7759
      },
      "declarationSpan": {
        "start": 750,
        "end": 831
      }
    },
    {
      "name": "window_open",
      "useSpan": {
        "start": 7767,
        "end": 7778
      },
      "declarationSpan": {
        "start": 1748,
        "end": 1779
      }
    },
    {
      "name": "window_close",
      "useSpan": {
        "start": 7784,
        "end": 7796
      },
      "declarationSpan": {
        "start": 1782,
        "end": 1814
      }
    },
    {
      "name": "escrow_face",
      "useSpan": {
        "start": 7810,
        "end": 7821
      },
      "declarationSpan": {
        "start": 2380,
        "end": 2429
      }
    },
    {
      "name": "home_face_gap",
      "useSpan": {
        "start": 7832,
        "end": 7845
      },
      "declarationSpan": {
        "start": 2510,
        "end": 2562
      }
    },
    {
      "name": "escrow_face",
      "useSpan": {
        "start": 7858,
        "end": 7869
      },
      "declarationSpan": {
        "start": 2380,
        "end": 2429
      }
    },
    {
      "name": "Staker",
      "useSpan": {
        "start": 8300,
        "end": 8306
      },
      "declarationSpan": {
        "start": 925,
        "end": 984
      }
    },
    {
      "name": "escrow_face",
      "useSpan": {
        "start": 8316,
        "end": 8327
      },
      "declarationSpan": {
        "start": 2380,
        "end": 2429
      }
    },
    {
      "name": "ForeignClaim",
      "useSpan": {
        "start": 8342,
        "end": 8354
      },
      "declarationSpan": {
        "start": 834,
        "end": 922
      }
    },
    {
      "name": "ForeignClaim",
      "useSpan": {
        "start": 8416,
        "end": 8428
      },
      "declarationSpan": {
        "start": 834,
        "end": 922
      }
    },
    {
      "name": "ClaimUSD",
      "useSpan": {
        "start": 8437,
        "end": 8445
      },
      "declarationSpan": {
        "start": 1442,
        "end": 1562
      }
    },
    {
      "name": "Holder",
      "useSpan": {
        "start": 8455,
        "end": 8461
      },
      "declarationSpan": {
        "start": 1116,
        "end": 1175
      }
    },
    {
      "name": "DutyTerms",
      "useSpan": {
        "start": 8471,
        "end": 8480
      },
      "declarationSpan": {
        "start": 4153,
        "end": 4289
      }
    },
    {
      "name": "ForeignClaim",
      "useSpan": {
        "start": 8544,
        "end": 8556
      },
      "declarationSpan": {
        "start": 834,
        "end": 922
      }
    },
    {
      "name": "window_open",
      "useSpan": {
        "start": 8564,
        "end": 8575
      },
      "declarationSpan": {
        "start": 1748,
        "end": 1779
      }
    },
    {
      "name": "window_close",
      "useSpan": {
        "start": 8581,
        "end": 8593
      },
      "declarationSpan": {
        "start": 1782,
        "end": 1814
      }
    },
    {
      "name": "claim_face",
      "useSpan": {
        "start": 8607,
        "end": 8617
      },
      "declarationSpan": {
        "start": 3293,
        "end": 3347
      }
    },
    {
      "name": "claim_gap",
      "useSpan": {
        "start": 8628,
        "end": 8637
      },
      "declarationSpan": {
        "start": 3431,
        "end": 3474
      }
    },
    {
      "name": "claim_face",
      "useSpan": {
        "start": 8650,
        "end": 8660
      },
      "declarationSpan": {
        "start": 3293,
        "end": 3347
      }
    },
    {
      "name": "Holder",
      "useSpan": {
        "start": 9124,
        "end": 9130
      },
      "declarationSpan": {
        "start": 1116,
        "end": 1175
      }
    },
    {
      "name": "claim_face",
      "useSpan": {
        "start": 9140,
        "end": 9150
      },
      "declarationSpan": {
        "start": 3293,
        "end": 3347
      }
    },
    {
      "name": "HomeRail",
      "useSpan": {
        "start": 9160,
        "end": 9168
      },
      "declarationSpan": {
        "start": 750,
        "end": 831
      }
    },
    {
      "name": "HomeRail",
      "useSpan": {
        "start": 9232,
        "end": 9240
      },
      "declarationSpan": {
        "start": 750,
        "end": 831
      }
    },
    {
      "name": "RailUSD",
      "useSpan": {
        "start": 9249,
        "end": 9256
      },
      "declarationSpan": {
        "start": 1326,
        "end": 1439
      }
    },
    {
      "name": "Staker",
      "useSpan": {
        "start": 9266,
        "end": 9272
      },
      "declarationSpan": {
        "start": 925,
        "end": 984
      }
    },
    {
      "name": "DutyTerms",
      "useSpan": {
        "start": 9282,
        "end": 9291
      },
      "declarationSpan": {
        "start": 4153,
        "end": 4289
      }
    },
    {
      "name": "EscrowAuthority",
      "useSpan": {
        "start": 9304,
        "end": 9319
      },
      "declarationSpan": {
        "start": 4292,
        "end": 4511
      }
    },
    {
      "name": "HomeRail",
      "useSpan": {
        "start": 9343,
        "end": 9351
      },
      "declarationSpan": {
        "start": 750,
        "end": 831
      }
    },
    {
      "name": "window_open",
      "useSpan": {
        "start": 9359,
        "end": 9370
      },
      "declarationSpan": {
        "start": 1748,
        "end": 1779
      }
    },
    {
      "name": "window_close",
      "useSpan": {
        "start": 9376,
        "end": 9388
      },
      "declarationSpan": {
        "start": 1782,
        "end": 1814
      }
    },
    {
      "name": "window_close",
      "useSpan": {
        "start": 9407,
        "end": 9419
      },
      "declarationSpan": {
        "start": 1782,
        "end": 1814
      }
    },
    {
      "name": "escrow_face",
      "useSpan": {
        "start": 9432,
        "end": 9443
      },
      "declarationSpan": {
        "start": 2380,
        "end": 2429
      }
    },
    {
      "name": "RailUSD",
      "useSpan": {
        "start": 9459,
        "end": 9466
      },
      "declarationSpan": {
        "start": 1326,
        "end": 1439
      }
    },
    {
      "name": "escrow_face",
      "useSpan": {
        "start": 9479,
        "end": 9490
      },
      "declarationSpan": {
        "start": 2380,
        "end": 2429
      }
    },
    {
      "name": "Staker",
      "useSpan": {
        "start": 9871,
        "end": 9877
      },
      "declarationSpan": {
        "start": 925,
        "end": 984
      }
    },
    {
      "name": "escrow_face",
      "useSpan": {
        "start": 9887,
        "end": 9898
      },
      "declarationSpan": {
        "start": 2380,
        "end": 2429
      }
    },
    {
      "name": "HomeRail",
      "useSpan": {
        "start": 9960,
        "end": 9968
      },
      "declarationSpan": {
        "start": 750,
        "end": 831
      }
    },
    {
      "name": "RailUSD",
      "useSpan": {
        "start": 9977,
        "end": 9984
      },
      "declarationSpan": {
        "start": 1326,
        "end": 1439
      }
    },
    {
      "name": "Staker",
      "useSpan": {
        "start": 9994,
        "end": 10000
      },
      "declarationSpan": {
        "start": 925,
        "end": 984
      }
    },
    {
      "name": "DutyTerms",
      "useSpan": {
        "start": 10010,
        "end": 10019
      },
      "declarationSpan": {
        "start": 4153,
        "end": 4289
      }
    },
    {
      "name": "HomeRail",
      "useSpan": {
        "start": 10043,
        "end": 10051
      },
      "declarationSpan": {
        "start": 750,
        "end": 831
      }
    },
    {
      "name": "window_open",
      "useSpan": {
        "start": 10059,
        "end": 10070
      },
      "declarationSpan": {
        "start": 1748,
        "end": 1779
      }
    },
    {
      "name": "window_close",
      "useSpan": {
        "start": 10076,
        "end": 10088
      },
      "declarationSpan": {
        "start": 1782,
        "end": 1814
      }
    },
    {
      "name": "escrow_face",
      "useSpan": {
        "start": 10102,
        "end": 10113
      },
      "declarationSpan": {
        "start": 2380,
        "end": 2429
      }
    },
    {
      "name": "RailUSD",
      "useSpan": {
        "start": 10129,
        "end": 10136
      },
      "declarationSpan": {
        "start": 1326,
        "end": 1439
      }
    },
    {
      "name": "escrow_face",
      "useSpan": {
        "start": 10149,
        "end": 10160
      },
      "declarationSpan": {
        "start": 2380,
        "end": 2429
      }
    },
    {
      "name": "Staker",
      "useSpan": {
        "start": 10538,
        "end": 10544
      },
      "declarationSpan": {
        "start": 925,
        "end": 984
      }
    },
    {
      "name": "HomeShares",
      "useSpan": {
        "start": 10554,
        "end": 10564
      },
      "declarationSpan": {
        "start": 1565,
        "end": 1649
      }
    },
    {
      "name": "escrow_face",
      "useSpan": {
        "start": 10575,
        "end": 10586
      },
      "declarationSpan": {
        "start": 2380,
        "end": 2429
      }
    },
    {
      "name": "HomeRail",
      "useSpan": {
        "start": 10621,
        "end": 10629
      },
      "declarationSpan": {
        "start": 750,
        "end": 831
      }
    },
    {
      "name": "RailUSD",
      "useSpan": {
        "start": 10638,
        "end": 10645
      },
      "declarationSpan": {
        "start": 1326,
        "end": 1439
      }
    },
    {
      "name": "DutyTerms",
      "useSpan": {
        "start": 10655,
        "end": 10664
      },
      "declarationSpan": {
        "start": 4153,
        "end": 4289
      }
    },
    {
      "name": "reward_stated",
      "useSpan": {
        "start": 10677,
        "end": 10690
      },
      "declarationSpan": {
        "start": 2721,
        "end": 2770
      }
    },
    {
      "name": "reward_gap",
      "useSpan": {
        "start": 10701,
        "end": 10711
      },
      "declarationSpan": {
        "start": 2773,
        "end": 2825
      }
    },
    {
      "name": "reward_slice",
      "useSpan": {
        "start": 10724,
        "end": 10736
      },
      "declarationSpan": {
        "start": 2565,
        "end": 2613
      }
    },
    {
      "name": "HomeShares",
      "useSpan": {
        "start": 11085,
        "end": 11095
      },
      "declarationSpan": {
        "start": 1565,
        "end": 1649
      }
    },
    {
      "name": "reward_and_slash",
      "useSpan": {
        "start": 11105,
        "end": 11121
      },
      "declarationSpan": {
        "start": 2666,
        "end": 2718
      }
    },
    {
      "name": "HomeRail",
      "useSpan": {
        "start": 11155,
        "end": 11163
      },
      "declarationSpan": {
        "start": 750,
        "end": 831
      }
    },
    {
      "name": "RailUSD",
      "useSpan": {
        "start": 11172,
        "end": 11179
      },
      "declarationSpan": {
        "start": 1326,
        "end": 1439
      }
    },
    {
      "name": "DutyTerms",
      "useSpan": {
        "start": 11189,
        "end": 11198
      },
      "declarationSpan": {
        "start": 4153,
        "end": 4289
      }
    },
    {
      "name": "slash_slice",
      "useSpan": {
        "start": 11211,
        "end": 11222
      },
      "declarationSpan": {
        "start": 2616,
        "end": 2663
      }
    },
    {
      "name": "slash_slice",
      "useSpan": {
        "start": 11235,
        "end": 11246
      },
      "declarationSpan": {
        "start": 2616,
        "end": 2663
      }
    },
    {
      "name": "HomeShares",
      "useSpan": {
        "start": 11632,
        "end": 11642
      },
      "declarationSpan": {
        "start": 1565,
        "end": 1649
      }
    },
    {
      "name": "slash_slice",
      "useSpan": {
        "start": 11652,
        "end": 11663
      },
      "declarationSpan": {
        "start": 2616,
        "end": 2663
      }
    },
    {
      "name": "HomeRail",
      "useSpan": {
        "start": 11698,
        "end": 11706
      },
      "declarationSpan": {
        "start": 750,
        "end": 831
      }
    },
    {
      "name": "RailUSD",
      "useSpan": {
        "start": 11715,
        "end": 11722
      },
      "declarationSpan": {
        "start": 1326,
        "end": 1439
      }
    },
    {
      "name": "Staker",
      "useSpan": {
        "start": 11732,
        "end": 11738
      },
      "declarationSpan": {
        "start": 925,
        "end": 984
      }
    },
    {
      "name": "DutyTerms",
      "useSpan": {
        "start": 11748,
        "end": 11757
      },
      "declarationSpan": {
        "start": 4153,
        "end": 4289
      }
    },
    {
      "name": "Staker",
      "useSpan": {
        "start": 12132,
        "end": 12138
      },
      "declarationSpan": {
        "start": 925,
        "end": 984
      }
    },
    {
      "name": "HomeShares",
      "useSpan": {
        "start": 12148,
        "end": 12158
      },
      "declarationSpan": {
        "start": 1565,
        "end": 1649
      }
    },
    {
      "name": "partial_share_atoms",
      "useSpan": {
        "start": 12173,
        "end": 12192
      },
      "declarationSpan": {
        "start": 1860,
        "end": 1903
      }
    },
    {
      "name": "HomeRail",
      "useSpan": {
        "start": 12229,
        "end": 12237
      },
      "declarationSpan": {
        "start": 750,
        "end": 831
      }
    },
    {
      "name": "RailUSD",
      "useSpan": {
        "start": 12246,
        "end": 12253
      },
      "declarationSpan": {
        "start": 1326,
        "end": 1439
      }
    },
    {
      "name": "Staker",
      "useSpan": {
        "start": 12263,
        "end": 12269
      },
      "declarationSpan": {
        "start": 925,
        "end": 984
      }
    },
    {
      "name": "DutyTerms",
      "useSpan": {
        "start": 12279,
        "end": 12288
      },
      "declarationSpan": {
        "start": 4153,
        "end": 4289
      }
    },
    {
      "name": "proportional_slice",
      "useSpan": {
        "start": 12301,
        "end": 12319
      },
      "declarationSpan": {
        "start": 2828,
        "end": 2884
      }
    },
    {
      "name": "floor_gap",
      "useSpan": {
        "start": 12330,
        "end": 12339
      },
      "declarationSpan": {
        "start": 2941,
        "end": 2995
      }
    },
    {
      "name": "withdraw_floor",
      "useSpan": {
        "start": 12352,
        "end": 12366
      },
      "declarationSpan": {
        "start": 2887,
        "end": 2938
      }
    },
    {
      "name": "Staker",
      "useSpan": {
        "start": 12761,
        "end": 12767
      },
      "declarationSpan": {
        "start": 925,
        "end": 984
      }
    },
    {
      "name": "HomeShares",
      "useSpan": {
        "start": 12777,
        "end": 12787
      },
      "declarationSpan": {
        "start": 1565,
        "end": 1649
      }
    },
    {
      "name": "partial_share_atoms",
      "useSpan": {
        "start": 12802,
        "end": 12821
      },
      "declarationSpan": {
        "start": 1860,
        "end": 1903
      }
    },
    {
      "name": "tighter_home_floor",
      "useSpan": {
        "start": 12840,
        "end": 12858
      },
      "declarationSpan": {
        "start": 3158,
        "end": 3231
      }
    },
    {
      "name": "ForeignClaim",
      "useSpan": {
        "start": 12895,
        "end": 12907
      },
      "declarationSpan": {
        "start": 834,
        "end": 922
      }
    },
    {
      "name": "ClaimUSD",
      "useSpan": {
        "start": 12916,
        "end": 12924
      },
      "declarationSpan": {
        "start": 1442,
        "end": 1562
      }
    },
    {
      "name": "Holder",
      "useSpan": {
        "start": 12934,
        "end": 12940
      },
      "declarationSpan": {
        "start": 1116,
        "end": 1175
      }
    },
    {
      "name": "DutyTerms",
      "useSpan": {
        "start": 12950,
        "end": 12959
      },
      "declarationSpan": {
        "start": 4153,
        "end": 4289
      }
    },
    {
      "name": "ForeignClaim",
      "useSpan": {
        "start": 13023,
        "end": 13035
      },
      "declarationSpan": {
        "start": 834,
        "end": 922
      }
    },
    {
      "name": "window_open",
      "useSpan": {
        "start": 13043,
        "end": 13054
      },
      "declarationSpan": {
        "start": 1748,
        "end": 1779
      }
    },
    {
      "name": "window_close",
      "useSpan": {
        "start": 13060,
        "end": 13072
      },
      "declarationSpan": {
        "start": 1782,
        "end": 1814
      }
    },
    {
      "name": "claim_face",
      "useSpan": {
        "start": 13086,
        "end": 13096
      },
      "declarationSpan": {
        "start": 3293,
        "end": 3347
      }
    },
    {
      "name": "ClaimUSD",
      "useSpan": {
        "start": 13116,
        "end": 13124
      },
      "declarationSpan": {
        "start": 1442,
        "end": 1562
      }
    },
    {
      "name": "claim_face",
      "useSpan": {
        "start": 13137,
        "end": 13147
      },
      "declarationSpan": {
        "start": 3293,
        "end": 3347
      }
    },
    {
      "name": "Holder",
      "useSpan": {
        "start": 13518,
        "end": 13524
      },
      "declarationSpan": {
        "start": 1116,
        "end": 1175
      }
    },
    {
      "name": "ForeignShares",
      "useSpan": {
        "start": 13534,
        "end": 13547
      },
      "declarationSpan": {
        "start": 1652,
        "end": 1745
      }
    },
    {
      "name": "claim_face",
      "useSpan": {
        "start": 13558,
        "end": 13568
      },
      "declarationSpan": {
        "start": 3293,
        "end": 3347
      }
    },
    {
      "name": "ForeignClaim",
      "useSpan": {
        "start": 13606,
        "end": 13618
      },
      "declarationSpan": {
        "start": 834,
        "end": 922
      }
    },
    {
      "name": "ClaimUSD",
      "useSpan": {
        "start": 13627,
        "end": 13635
      },
      "declarationSpan": {
        "start": 1442,
        "end": 1562
      }
    },
    {
      "name": "DutyTerms",
      "useSpan": {
        "start": 13645,
        "end": 13654
      },
      "declarationSpan": {
        "start": 4153,
        "end": 4289
      }
    },
    {
      "name": "foreign_reward_stated",
      "useSpan": {
        "start": 13667,
        "end": 13688
      },
      "declarationSpan": {
        "start": 3661,
        "end": 3724
      }
    },
    {
      "name": "foreign_reward_gap",
      "useSpan": {
        "start": 13699,
        "end": 13717
      },
      "declarationSpan": {
        "start": 3727,
        "end": 3803
      }
    },
    {
      "name": "foreign_reward",
      "useSpan": {
        "start": 13730,
        "end": 13744
      },
      "declarationSpan": {
        "start": 3477,
        "end": 3533
      }
    },
    {
      "name": "ForeignShares",
      "useSpan": {
        "start": 14146,
        "end": 14159
      },
      "declarationSpan": {
        "start": 1652,
        "end": 1745
      }
    },
    {
      "name": "foreign_reward_and_slash",
      "useSpan": {
        "start": 14169,
        "end": 14193
      },
      "declarationSpan": {
        "start": 3594,
        "end": 3658
      }
    },
    {
      "name": "ForeignClaim",
      "useSpan": {
        "start": 14230,
        "end": 14242
      },
      "declarationSpan": {
        "start": 834,
        "end": 922
      }
    },
    {
      "name": "ClaimUSD",
      "useSpan": {
        "start": 14251,
        "end": 14259
      },
      "declarationSpan": {
        "start": 1442,
        "end": 1562
      }
    },
    {
      "name": "DutyTerms",
      "useSpan": {
        "start": 14269,
        "end": 14278
      },
      "declarationSpan": {
        "start": 4153,
        "end": 4289
      }
    },
    {
      "name": "foreign_slash",
      "useSpan": {
        "start": 14291,
        "end": 14304
      },
      "declarationSpan": {
        "start": 3536,
        "end": 3591
      }
    },
    {
      "name": "foreign_slash",
      "useSpan": {
        "start": 14317,
        "end": 14330
      },
      "declarationSpan": {
        "start": 3536,
        "end": 3591
      }
    },
    {
      "name": "ForeignShares",
      "useSpan": {
        "start": 14690,
        "end": 14703
      },
      "declarationSpan": {
        "start": 1652,
        "end": 1745
      }
    },
    {
      "name": "foreign_slash",
      "useSpan": {
        "start": 14713,
        "end": 14726
      },
      "declarationSpan": {
        "start": 3536,
        "end": 3591
      }
    },
    {
      "name": "ForeignClaim",
      "useSpan": {
        "start": 14764,
        "end": 14776
      },
      "declarationSpan": {
        "start": 834,
        "end": 922
      }
    },
    {
      "name": "ClaimUSD",
      "useSpan": {
        "start": 14785,
        "end": 14793
      },
      "declarationSpan": {
        "start": 1442,
        "end": 1562
      }
    },
    {
      "name": "Holder",
      "useSpan": {
        "start": 14803,
        "end": 14809
      },
      "declarationSpan": {
        "start": 1116,
        "end": 1175
      }
    },
    {
      "name": "DutyTerms",
      "useSpan": {
        "start": 14819,
        "end": 14828
      },
      "declarationSpan": {
        "start": 4153,
        "end": 4289
      }
    },
    {
      "name": "Holder",
      "useSpan": {
        "start": 15216,
        "end": 15222
      },
      "declarationSpan": {
        "start": 1116,
        "end": 1175
      }
    },
    {
      "name": "ForeignShares",
      "useSpan": {
        "start": 15232,
        "end": 15245
      },
      "declarationSpan": {
        "start": 1652,
        "end": 1745
      }
    },
    {
      "name": "partial_share_atoms",
      "useSpan": {
        "start": 15260,
        "end": 15279
      },
      "declarationSpan": {
        "start": 1860,
        "end": 1903
      }
    },
    {
      "name": "ForeignClaim",
      "useSpan": {
        "start": 15319,
        "end": 15331
      },
      "declarationSpan": {
        "start": 834,
        "end": 922
      }
    },
    {
      "name": "ClaimUSD",
      "useSpan": {
        "start": 15340,
        "end": 15348
      },
      "declarationSpan": {
        "start": 1442,
        "end": 1562
      }
    },
    {
      "name": "Holder",
      "useSpan": {
        "start": 15358,
        "end": 15364
      },
      "declarationSpan": {
        "start": 1116,
        "end": 1175
      }
    },
    {
      "name": "DutyTerms",
      "useSpan": {
        "start": 15374,
        "end": 15383
      },
      "declarationSpan": {
        "start": 4153,
        "end": 4289
      }
    },
    {
      "name": "foreign_slice",
      "useSpan": {
        "start": 15396,
        "end": 15409
      },
      "declarationSpan": {
        "start": 3806,
        "end": 3863
      }
    },
    {
      "name": "foreign_floor_gap",
      "useSpan": {
        "start": 15420,
        "end": 15437
      },
      "declarationSpan": {
        "start": 3925,
        "end": 3981
      }
    },
    {
      "name": "foreign_floor",
      "useSpan": {
        "start": 15450,
        "end": 15463
      },
      "declarationSpan": {
        "start": 3866,
        "end": 3922
      }
    },
    {
      "name": "Holder",
      "useSpan": {
        "start": 15881,
        "end": 15887
      },
      "declarationSpan": {
        "start": 1116,
        "end": 1175
      }
    },
    {
      "name": "ForeignShares",
      "useSpan": {
        "start": 15897,
        "end": 15910
      },
      "declarationSpan": {
        "start": 1652,
        "end": 1745
      }
    },
    {
      "name": "partial_share_atoms",
      "useSpan": {
        "start": 15925,
        "end": 15944
      },
      "declarationSpan": {
        "start": 1860,
        "end": 1903
      }
    },
    {
      "name": "foreign_floor",
      "useSpan": {
        "start": 15963,
        "end": 15976
      },
      "declarationSpan": {
        "start": 3866,
        "end": 3922
      }
    },
    {
      "name": "LockRail",
      "useSpan": {
        "start": 16006,
        "end": 16014
      },
      "declarationSpan": {
        "start": 7613,
        "end": 8385
      }
    },
    {
      "name": "TakeClaim",
      "useSpan": {
        "start": 16044,
        "end": 16053
      },
      "declarationSpan": {
        "start": 8388,
        "end": 9199
      }
    },
    {
      "name": "RecoverRail",
      "useSpan": {
        "start": 16082,
        "end": 16093
      },
      "declarationSpan": {
        "start": 9202,
        "end": 9929
      }
    },
    {
      "name": "StakeHome",
      "useSpan": {
        "start": 16122,
        "end": 16131
      },
      "declarationSpan": {
        "start": 9932,
        "end": 10589
      }
    },
    {
      "name": "RewardHome",
      "useSpan": {
        "start": 16159,
        "end": 16169
      },
      "declarationSpan": {
        "start": 10592,
        "end": 11124
      }
    },
    {
      "name": "SlashHome",
      "useSpan": {
        "start": 16196,
        "end": 16205
      },
      "declarationSpan": {
        "start": 11127,
        "end": 11666
      }
    },
    {
      "name": "UnbondHome",
      "useSpan": {
        "start": 16233,
        "end": 16243
      },
      "declarationSpan": {
        "start": 11669,
        "end": 12195
      }
    },
    {
      "name": "WithdrawHome",
      "useSpan": {
        "start": 16273,
        "end": 16285
      },
      "declarationSpan": {
        "start": 12198,
        "end": 12861
      }
    },
    {
      "name": "StakeForeign",
      "useSpan": {
        "start": 16317,
        "end": 16329
      },
      "declarationSpan": {
        "start": 12864,
        "end": 13571
      }
    },
    {
      "name": "RewardForeign",
      "useSpan": {
        "start": 16360,
        "end": 16373
      },
      "declarationSpan": {
        "start": 13574,
        "end": 14196
      }
    },
    {
      "name": "SlashForeign",
      "useSpan": {
        "start": 16403,
        "end": 16415
      },
      "declarationSpan": {
        "start": 14199,
        "end": 14729
      }
    },
    {
      "name": "UnbondForeign",
      "useSpan": {
        "start": 16446,
        "end": 16459
      },
      "declarationSpan": {
        "start": 14732,
        "end": 15282
      }
    },
    {
      "name": "WithdrawForeign",
      "useSpan": {
        "start": 16492,
        "end": 16507
      },
      "declarationSpan": {
        "start": 15285,
        "end": 15979
      }
    }
  ],
  "fieldUses": [
    {
      "containerSpan": {
        "start": 768,
        "end": 830
      },
      "key": "id",
      "span": {
        "start": 773,
        "end": 783
      }
    },
    {
      "containerSpan": {
        "start": 768,
        "end": 830
      },
      "key": "chain",
      "span": {
        "start": 792,
        "end": 803
      }
    },
    {
      "containerSpan": {
        "start": 768,
        "end": 830
      },
      "key": "network",
      "span": {
        "start": 814,
        "end": 829
      }
    },
    {
      "containerSpan": {
        "start": 856,
        "end": 921
      },
      "key": "id",
      "span": {
        "start": 861,
        "end": 875
      }
    },
    {
      "containerSpan": {
        "start": 856,
        "end": 921
      },
      "key": "chain",
      "span": {
        "start": 884,
        "end": 895
      }
    },
    {
      "containerSpan": {
        "start": 856,
        "end": 921
      },
      "key": "network",
      "span": {
        "start": 906,
        "end": 920
      }
    },
    {
      "containerSpan": {
        "start": 942,
        "end": 983
      },
      "key": "domain",
      "span": {
        "start": 951,
        "end": 959
      }
    },
    {
      "containerSpan": {
        "start": 942,
        "end": 983
      },
      "key": "id",
      "span": {
        "start": 965,
        "end": 982
      }
    },
    {
      "containerSpan": {
        "start": 1007,
        "end": 1047
      },
      "key": "domain",
      "span": {
        "start": 1016,
        "end": 1024
      }
    },
    {
      "containerSpan": {
        "start": 1007,
        "end": 1047
      },
      "key": "id",
      "span": {
        "start": 1030,
        "end": 1046
      }
    },
    {
      "containerSpan": {
        "start": 1072,
        "end": 1112
      },
      "key": "domain",
      "span": {
        "start": 1081,
        "end": 1089
      }
    },
    {
      "containerSpan": {
        "start": 1072,
        "end": 1112
      },
      "key": "id",
      "span": {
        "start": 1095,
        "end": 1111
      }
    },
    {
      "containerSpan": {
        "start": 1133,
        "end": 1174
      },
      "key": "domain",
      "span": {
        "start": 1142,
        "end": 1154
      }
    },
    {
      "containerSpan": {
        "start": 1133,
        "end": 1174
      },
      "key": "id",
      "span": {
        "start": 1160,
        "end": 1173
      }
    },
    {
      "containerSpan": {
        "start": 1200,
        "end": 1246
      },
      "key": "domain",
      "span": {
        "start": 1209,
        "end": 1221
      }
    },
    {
      "containerSpan": {
        "start": 1200,
        "end": 1246
      },
      "key": "id",
      "span": {
        "start": 1227,
        "end": 1245
      }
    },
    {
      "containerSpan": {
        "start": 1275,
        "end": 1322
      },
      "key": "domain",
      "span": {
        "start": 1284,
        "end": 1296
      }
    },
    {
      "containerSpan": {
        "start": 1275,
        "end": 1322
      },
      "key": "id",
      "span": {
        "start": 1302,
        "end": 1321
      }
    },
    {
      "containerSpan": {
        "start": 1342,
        "end": 1438
      },
      "key": "domain",
      "span": {
        "start": 1351,
        "end": 1359
      }
    },
    {
      "containerSpan": {
        "start": 1342,
        "end": 1438
      },
      "key": "id",
      "span": {
        "start": 1365,
        "end": 1383
      }
    },
    {
      "containerSpan": {
        "start": 1342,
        "end": 1438
      },
      "key": "scale",
      "span": {
        "start": 1392,
        "end": 1393
      }
    },
    {
      "containerSpan": {
        "start": 1342,
        "end": 1438
      },
      "key": "representation",
      "span": {
        "start": 1411,
        "end": 1422
      }
    },
    {
      "containerSpan": {
        "start": 1342,
        "end": 1438
      },
      "key": "symbol",
      "span": {
        "start": 1432,
        "end": 1437
      }
    },
    {
      "containerSpan": {
        "start": 1459,
        "end": 1561
      },
      "key": "domain",
      "span": {
        "start": 1468,
        "end": 1480
      }
    },
    {
      "containerSpan": {
        "start": 1459,
        "end": 1561
      },
      "key": "id",
      "span": {
        "start": 1486,
        "end": 1503
      }
    },
    {
      "containerSpan": {
        "start": 1459,
        "end": 1561
      },
      "key": "scale",
      "span": {
        "start": 1512,
        "end": 1513
      }
    },
    {
      "containerSpan": {
        "start": 1459,
        "end": 1561
      },
      "key": "representation",
      "span": {
        "start": 1531,
        "end": 1545
      }
    },
    {
      "containerSpan": {
        "start": 1459,
        "end": 1561
      },
      "key": "symbol",
      "span": {
        "start": 1555,
        "end": 1560
      }
    },
    {
      "containerSpan": {
        "start": 1590,
        "end": 1648
      },
      "key": "domain",
      "span": {
        "start": 1599,
        "end": 1607
      }
    },
    {
      "containerSpan": {
        "start": 1590,
        "end": 1648
      },
      "key": "id",
      "span": {
        "start": 1613,
        "end": 1629
      }
    },
    {
      "containerSpan": {
        "start": 1590,
        "end": 1648
      },
      "key": "backing",
      "span": {
        "start": 1640,
        "end": 1647
      }
    },
    {
      "containerSpan": {
        "start": 1680,
        "end": 1744
      },
      "key": "domain",
      "span": {
        "start": 1689,
        "end": 1701
      }
    },
    {
      "containerSpan": {
        "start": 1680,
        "end": 1744
      },
      "key": "id",
      "span": {
        "start": 1707,
        "end": 1724
      }
    },
    {
      "containerSpan": {
        "start": 1680,
        "end": 1744
      },
      "key": "backing",
      "span": {
        "start": 1735,
        "end": 1743
      }
    },
    {
      "containerSpan": {
        "start": 2470,
        "end": 2506
      },
      "key": "asset",
      "span": {
        "start": 2483,
        "end": 2490
      }
    },
    {
      "containerSpan": {
        "start": 2470,
        "end": 2506
      },
      "key": "value",
      "span": {
        "start": 2499,
        "end": 2505
      }
    },
    {
      "containerSpan": {
        "start": 3185,
        "end": 3230
      },
      "key": "a",
      "span": {
        "start": 3192,
        "end": 3206
      }
    },
    {
      "containerSpan": {
        "start": 3185,
        "end": 3230
      },
      "key": "b",
      "span": {
        "start": 3211,
        "end": 3229
      }
    },
    {
      "containerSpan": {
        "start": 3385,
        "end": 3427
      },
      "key": "asset",
      "span": {
        "start": 3398,
        "end": 3406
      }
    },
    {
      "containerSpan": {
        "start": 3385,
        "end": 3427
      },
      "key": "value",
      "span": {
        "start": 3415,
        "end": 3426
      }
    },
    {
      "containerSpan": {
        "start": 4172,
        "end": 4288
      },
      "key": "id",
      "span": {
        "start": 4177,
        "end": 4195
      }
    },
    {
      "containerSpan": {
        "start": 4172,
        "end": 4288
      },
      "key": "epoch",
      "span": {
        "start": 4204,
        "end": 4205
      }
    },
    {
      "containerSpan": {
        "start": 4172,
        "end": 4288
      },
      "key": "source_hash",
      "span": {
        "start": 4220,
        "end": 4242
      }
    },
    {
      "containerSpan": {
        "start": 4172,
        "end": 4288
      },
      "key": "duty_preservation",
      "span": {
        "start": 4263,
        "end": 4287
      }
    },
    {
      "containerSpan": {
        "start": 4316,
        "end": 4510
      },
      "key": "issuer",
      "span": {
        "start": 4325,
        "end": 4334
      }
    },
    {
      "containerSpan": {
        "start": 4316,
        "end": 4510
      },
      "key": "scope",
      "span": {
        "start": 4343,
        "end": 4363
      }
    },
    {
      "containerSpan": {
        "start": 4316,
        "end": 4510
      },
      "key": "expiry",
      "span": {
        "start": 4373,
        "end": 4385
      }
    },
    {
      "containerSpan": {
        "start": 4316,
        "end": 4510
      },
      "key": "revocation_epoch",
      "span": {
        "start": 4405,
        "end": 4406
      }
    },
    {
      "containerSpan": {
        "start": 4316,
        "end": 4510
      },
      "key": "gross_limit",
      "span": {
        "start": 4421,
        "end": 4432
      }
    },
    {
      "containerSpan": {
        "start": 4316,
        "end": 4510
      },
      "key": "work_limit",
      "span": {
        "start": 4446,
        "end": 4447
      }
    },
    {
      "containerSpan": {
        "start": 4316,
        "end": 4510
      },
      "key": "signers",
      "span": {
        "start": 4458,
        "end": 4466
      }
    },
    {
      "containerSpan": {
        "start": 4316,
        "end": 4510
      },
      "key": "evidence",
      "span": {
        "start": 4478,
        "end": 4509
      }
    },
    {
      "containerSpan": {
        "start": 4534,
        "end": 4571
      },
      "key": "id",
      "span": {
        "start": 4539,
        "end": 4553
      }
    },
    {
      "containerSpan": {
        "start": 4534,
        "end": 4571
      },
      "key": "account",
      "span": {
        "start": 4564,
        "end": 4570
      }
    },
    {
      "containerSpan": {
        "start": 4595,
        "end": 4632
      },
      "key": "id",
      "span": {
        "start": 4600,
        "end": 4614
      }
    },
    {
      "containerSpan": {
        "start": 4595,
        "end": 4632
      },
      "key": "account",
      "span": {
        "start": 4625,
        "end": 4631
      }
    },
    {
      "containerSpan": {
        "start": 4659,
        "end": 4866
      },
      "key": "domain",
      "span": {
        "start": 4668,
        "end": 4680
      }
    },
    {
      "containerSpan": {
        "start": 4659,
        "end": 4866
      },
      "key": "id",
      "span": {
        "start": 4686,
        "end": 4696
      }
    },
    {
      "containerSpan": {
        "start": 4659,
        "end": 4866
      },
      "key": "unit",
      "span": {
        "start": 4704,
        "end": 4726
      }
    },
    {
      "containerSpan": {
        "start": 4659,
        "end": 4866
      },
      "key": "source",
      "span": {
        "start": 4736,
        "end": 4757
      }
    },
    {
      "containerSpan": {
        "start": 4659,
        "end": 4866
      },
      "key": "observed_round",
      "span": {
        "start": 4775,
        "end": 4786
      }
    },
    {
      "containerSpan": {
        "start": 4659,
        "end": 4866
      },
      "key": "maximum_age",
      "span": {
        "start": 4801,
        "end": 4802
      }
    },
    {
      "containerSpan": {
        "start": 4659,
        "end": 4866
      },
      "key": "finality",
      "span": {
        "start": 4814,
        "end": 4828
      }
    },
    {
      "containerSpan": {
        "start": 4659,
        "end": 4866
      },
      "key": "provenance",
      "span": {
        "start": 4842,
        "end": 4865
      }
    },
    {
      "containerSpan": {
        "start": 4889,
        "end": 5416
      },
      "key": "domain",
      "span": {
        "start": 4898,
        "end": 4906
      }
    },
    {
      "containerSpan": {
        "start": 4889,
        "end": 5416
      },
      "key": "id",
      "span": {
        "start": 4912,
        "end": 4925
      }
    },
    {
      "containerSpan": {
        "start": 4889,
        "end": 5416
      },
      "key": "duty",
      "span": {
        "start": 4933,
        "end": 5016
      }
    },
    {
      "containerSpan": {
        "start": 4889,
        "end": 5416
      },
      "key": "status",
      "span": {
        "start": 5026,
        "end": 5035
      }
    },
    {
      "containerSpan": {
        "start": 4889,
        "end": 5416
      },
      "key": "amount",
      "span": {
        "start": 5045,
        "end": 5056
      }
    },
    {
      "containerSpan": {
        "start": 4889,
        "end": 5416
      },
      "key": "evidence",
      "span": {
        "start": 5068,
        "end": 5127
      }
    },
    {
      "containerSpan": {
        "start": 4889,
        "end": 5416
      },
      "key": "relation",
      "span": {
        "start": 5139,
        "end": 5177
      }
    },
    {
      "containerSpan": {
        "start": 4889,
        "end": 5416
      },
      "key": "paired_claim",
      "span": {
        "start": 5193,
        "end": 5209
      }
    },
    {
      "containerSpan": {
        "start": 4889,
        "end": 5416
      },
      "key": "failure",
      "span": {
        "start": 5220,
        "end": 5278
      }
    },
    {
      "containerSpan": {
        "start": 4889,
        "end": 5416
      },
      "key": "retained_duties",
      "span": {
        "start": 5297,
        "end": 5347
      }
    },
    {
      "containerSpan": {
        "start": 4889,
        "end": 5416
      },
      "key": "trigger",
      "span": {
        "start": 5358,
        "end": 5371
      }
    },
    {
      "containerSpan": {
        "start": 4889,
        "end": 5416
      },
      "key": "completion",
      "span": {
        "start": 5385,
        "end": 5415
      }
    },
    {
      "containerSpan": {
        "start": 5438,
        "end": 5970
      },
      "key": "domain",
      "span": {
        "start": 5447,
        "end": 5459
      }
    },
    {
      "containerSpan": {
        "start": 5438,
        "end": 5970
      },
      "key": "id",
      "span": {
        "start": 5465,
        "end": 5480
      }
    },
    {
      "containerSpan": {
        "start": 5438,
        "end": 5970
      },
      "key": "duty",
      "span": {
        "start": 5488,
        "end": 5550
      }
    },
    {
      "containerSpan": {
        "start": 5438,
        "end": 5970
      },
      "key": "status",
      "span": {
        "start": 5560,
        "end": 5578
      }
    },
    {
      "containerSpan": {
        "start": 5438,
        "end": 5970
      },
      "key": "amount",
      "span": {
        "start": 5588,
        "end": 5598
      }
    },
    {
      "containerSpan": {
        "start": 5438,
        "end": 5970
      },
      "key": "evidence",
      "span": {
        "start": 5610,
        "end": 5662
      }
    },
    {
      "containerSpan": {
        "start": 5438,
        "end": 5970
      },
      "key": "relation",
      "span": {
        "start": 5674,
        "end": 5745
      }
    },
    {
      "containerSpan": {
        "start": 5438,
        "end": 5970
      },
      "key": "paired_claim",
      "span": {
        "start": 5761,
        "end": 5777
      }
    },
    {
      "containerSpan": {
        "start": 5438,
        "end": 5970
      },
      "key": "failure",
      "span": {
        "start": 5788,
        "end": 5838
      }
    },
    {
      "containerSpan": {
        "start": 5438,
        "end": 5970
      },
      "key": "retained_duties",
      "span": {
        "start": 5857,
        "end": 5900
      }
    },
    {
      "containerSpan": {
        "start": 5438,
        "end": 5970
      },
      "key": "trigger",
      "span": {
        "start": 5911,
        "end": 5926
      }
    },
    {
      "containerSpan": {
        "start": 5438,
        "end": 5970
      },
      "key": "completion",
      "span": {
        "start": 5940,
        "end": 5969
      }
    },
    {
      "containerSpan": {
        "start": 5997,
        "end": 6523
      },
      "key": "domain",
      "span": {
        "start": 6006,
        "end": 6014
      }
    },
    {
      "containerSpan": {
        "start": 5997,
        "end": 6523
      },
      "key": "id",
      "span": {
        "start": 6020,
        "end": 6033
      }
    },
    {
      "containerSpan": {
        "start": 5997,
        "end": 6523
      },
      "key": "duty",
      "span": {
        "start": 6041,
        "end": 6110
      }
    },
    {
      "containerSpan": {
        "start": 5997,
        "end": 6523
      },
      "key": "status",
      "span": {
        "start": 6120,
        "end": 6140
      }
    },
    {
      "containerSpan": {
        "start": 5997,
        "end": 6523
      },
      "key": "amount",
      "span": {
        "start": 6150,
        "end": 6168
      }
    },
    {
      "containerSpan": {
        "start": 5997,
        "end": 6523
      },
      "key": "evidence",
      "span": {
        "start": 6180,
        "end": 6231
      }
    },
    {
      "containerSpan": {
        "start": 5997,
        "end": 6523
      },
      "key": "relation",
      "span": {
        "start": 6243,
        "end": 6315
      }
    },
    {
      "containerSpan": {
        "start": 5997,
        "end": 6523
      },
      "key": "paired_claim",
      "span": {
        "start": 6331,
        "end": 6347
      }
    },
    {
      "containerSpan": {
        "start": 5997,
        "end": 6523
      },
      "key": "failure",
      "span": {
        "start": 6358,
        "end": 6387
      }
    },
    {
      "containerSpan": {
        "start": 5997,
        "end": 6523
      },
      "key": "retained_duties",
      "span": {
        "start": 6406,
        "end": 6448
      }
    },
    {
      "containerSpan": {
        "start": 5997,
        "end": 6523
      },
      "key": "trigger",
      "span": {
        "start": 6459,
        "end": 6472
      }
    },
    {
      "containerSpan": {
        "start": 5997,
        "end": 6523
      },
      "key": "completion",
      "span": {
        "start": 6486,
        "end": 6522
      }
    },
    {
      "containerSpan": {
        "start": 6553,
        "end": 7097
      },
      "key": "domain",
      "span": {
        "start": 6562,
        "end": 6574
      }
    },
    {
      "containerSpan": {
        "start": 6553,
        "end": 7097
      },
      "key": "id",
      "span": {
        "start": 6580,
        "end": 6596
      }
    },
    {
      "containerSpan": {
        "start": 6553,
        "end": 7097
      },
      "key": "duty",
      "span": {
        "start": 6604,
        "end": 6665
      }
    },
    {
      "containerSpan": {
        "start": 6553,
        "end": 7097
      },
      "key": "status",
      "span": {
        "start": 6675,
        "end": 6695
      }
    },
    {
      "containerSpan": {
        "start": 6553,
        "end": 7097
      },
      "key": "amount",
      "span": {
        "start": 6705,
        "end": 6718
      }
    },
    {
      "containerSpan": {
        "start": 6553,
        "end": 7097
      },
      "key": "evidence",
      "span": {
        "start": 6730,
        "end": 6787
      }
    },
    {
      "containerSpan": {
        "start": 6553,
        "end": 7097
      },
      "key": "relation",
      "span": {
        "start": 6799,
        "end": 6867
      }
    },
    {
      "containerSpan": {
        "start": 6553,
        "end": 7097
      },
      "key": "paired_claim",
      "span": {
        "start": 6883,
        "end": 6899
      }
    },
    {
      "containerSpan": {
        "start": 6553,
        "end": 7097
      },
      "key": "failure",
      "span": {
        "start": 6910,
        "end": 6950
      }
    },
    {
      "containerSpan": {
        "start": 6553,
        "end": 7097
      },
      "key": "retained_duties",
      "span": {
        "start": 6969,
        "end": 7022
      }
    },
    {
      "containerSpan": {
        "start": 6553,
        "end": 7097
      },
      "key": "trigger",
      "span": {
        "start": 7033,
        "end": 7049
      }
    },
    {
      "containerSpan": {
        "start": 6553,
        "end": 7097
      },
      "key": "completion",
      "span": {
        "start": 7063,
        "end": 7096
      }
    },
    {
      "containerSpan": {
        "start": 7127,
        "end": 7609
      },
      "key": "id",
      "span": {
        "start": 7132,
        "end": 7151
      }
    },
    {
      "containerSpan": {
        "start": 7127,
        "end": 7609
      },
      "key": "stages",
      "span": {
        "start": 7161,
        "end": 7219
      }
    },
    {
      "containerSpan": {
        "start": 7127,
        "end": 7609
      },
      "key": "pending",
      "span": {
        "start": 7230,
        "end": 7318
      }
    },
    {
      "containerSpan": {
        "start": 7127,
        "end": 7609
      },
      "key": "timeout",
      "span": {
        "start": 7329,
        "end": 7378
      }
    },
    {
      "containerSpan": {
        "start": 7127,
        "end": 7609
      },
      "key": "recovery",
      "span": {
        "start": 7390,
        "end": 7437
      }
    },
    {
      "containerSpan": {
        "start": 7127,
        "end": 7609
      },
      "key": "failure",
      "span": {
        "start": 7448,
        "end": 7511
      }
    },
    {
      "containerSpan": {
        "start": 7127,
        "end": 7609
      },
      "key": "duty",
      "span": {
        "start": 7519,
        "end": 7580
      }
    },
    {
      "containerSpan": {
        "start": 7127,
        "end": 7609
      },
      "key": "authority",
      "span": {
        "start": 7593,
        "end": 7608
      }
    },
    {
      "containerSpan": {
        "start": 7736,
        "end": 7797
      },
      "key": "domain",
      "span": {
        "start": 7751,
        "end": 7759
      }
    },
    {
      "containerSpan": {
        "start": 7736,
        "end": 7797
      },
      "key": "from",
      "span": {
        "start": 7767,
        "end": 7778
      }
    },
    {
      "containerSpan": {
        "start": 7736,
        "end": 7797
      },
      "key": "to",
      "span": {
        "start": 7784,
        "end": 7796
      }
    },
    {
      "containerSpan": {
        "start": 8279,
        "end": 8383
      },
      "key": "owner",
      "span": {
        "start": 8300,
        "end": 8306
      }
    },
    {
      "containerSpan": {
        "start": 8279,
        "end": 8383
      },
      "key": "amount",
      "span": {
        "start": 8316,
        "end": 8327
      }
    },
    {
      "containerSpan": {
        "start": 8279,
        "end": 8383
      },
      "key": "destination",
      "span": {
        "start": 8342,
        "end": 8354
      }
    },
    {
      "containerSpan": {
        "start": 8279,
        "end": 8383
      },
      "key": "claim_id",
      "span": {
        "start": 8366,
        "end": 8382
      }
    },
    {
      "containerSpan": {
        "start": 7631,
        "end": 8384
      },
      "key": "domain",
      "span": {
        "start": 7640,
        "end": 7648
      }
    },
    {
      "containerSpan": {
        "start": 7631,
        "end": 8384
      },
      "key": "asset",
      "span": {
        "start": 7657,
        "end": 7664
      }
    },
    {
      "containerSpan": {
        "start": 7631,
        "end": 8384
      },
      "key": "signer",
      "span": {
        "start": 7674,
        "end": 7680
      }
    },
    {
      "containerSpan": {
        "start": 7631,
        "end": 8384
      },
      "key": "policy",
      "span": {
        "start": 7690,
        "end": 7699
      }
    },
    {
      "containerSpan": {
        "start": 7631,
        "end": 8384
      },
      "key": "authority",
      "span": {
        "start": 7712,
        "end": 7727
      }
    },
    {
      "containerSpan": {
        "start": 7631,
        "end": 8384
      },
      "key": "valid",
      "span": {
        "start": 7736,
        "end": 7797
      }
    },
    {
      "containerSpan": {
        "start": 7631,
        "end": 8384
      },
      "key": "gross_cap",
      "span": {
        "start": 7810,
        "end": 7821
      }
    },
    {
      "containerSpan": {
        "start": 7631,
        "end": 8384
      },
      "key": "fee_cap",
      "span": {
        "start": 7832,
        "end": 7845
      }
    },
    {
      "containerSpan": {
        "start": 7631,
        "end": 8384
      },
      "key": "net_floor",
      "span": {
        "start": 7858,
        "end": 7869
      }
    },
    {
      "containerSpan": {
        "start": 7631,
        "end": 8384
      },
      "key": "reads",
      "span": {
        "start": 7878,
        "end": 7893
      }
    },
    {
      "containerSpan": {
        "start": 7631,
        "end": 8384
      },
      "key": "writes",
      "span": {
        "start": 7903,
        "end": 7922
      }
    },
    {
      "containerSpan": {
        "start": 7631,
        "end": 8384
      },
      "key": "relation",
      "span": {
        "start": 7934,
        "end": 8004
      }
    },
    {
      "containerSpan": {
        "start": 7631,
        "end": 8384
      },
      "key": "failure",
      "span": {
        "start": 8015,
        "end": 8065
      }
    },
    {
      "containerSpan": {
        "start": 7631,
        "end": 8384
      },
      "key": "continuation",
      "span": {
        "start": 8081,
        "end": 8136
      }
    },
    {
      "containerSpan": {
        "start": 7631,
        "end": 8384
      },
      "key": "status",
      "span": {
        "start": 8146,
        "end": 8155
      }
    },
    {
      "containerSpan": {
        "start": 7631,
        "end": 8384
      },
      "key": "retained_duties",
      "span": {
        "start": 8174,
        "end": 8219
      }
    },
    {
      "containerSpan": {
        "start": 7631,
        "end": 8384
      },
      "key": "recovery",
      "span": {
        "start": 8231,
        "end": 8266
      }
    },
    {
      "containerSpan": {
        "start": 7631,
        "end": 8384
      },
      "key": "operation",
      "span": {
        "start": 8279,
        "end": 8383
      }
    },
    {
      "containerSpan": {
        "start": 8529,
        "end": 8594
      },
      "key": "domain",
      "span": {
        "start": 8544,
        "end": 8556
      }
    },
    {
      "containerSpan": {
        "start": 8529,
        "end": 8594
      },
      "key": "from",
      "span": {
        "start": 8564,
        "end": 8575
      }
    },
    {
      "containerSpan": {
        "start": 8529,
        "end": 8594
      },
      "key": "to",
      "span": {
        "start": 8581,
        "end": 8593
      }
    },
    {
      "containerSpan": {
        "start": 9104,
        "end": 9197
      },
      "key": "owner",
      "span": {
        "start": 9124,
        "end": 9130
      }
    },
    {
      "containerSpan": {
        "start": 9104,
        "end": 9197
      },
      "key": "amount",
      "span": {
        "start": 9140,
        "end": 9150
      }
    },
    {
      "containerSpan": {
        "start": 9104,
        "end": 9197
      },
      "key": "source",
      "span": {
        "start": 9160,
        "end": 9168
      }
    },
    {
      "containerSpan": {
        "start": 9104,
        "end": 9197
      },
      "key": "claim_id",
      "span": {
        "start": 9180,
        "end": 9196
      }
    },
    {
      "containerSpan": {
        "start": 8407,
        "end": 9198
      },
      "key": "domain",
      "span": {
        "start": 8416,
        "end": 8428
      }
    },
    {
      "containerSpan": {
        "start": 8407,
        "end": 9198
      },
      "key": "asset",
      "span": {
        "start": 8437,
        "end": 8445
      }
    },
    {
      "containerSpan": {
        "start": 8407,
        "end": 9198
      },
      "key": "signer",
      "span": {
        "start": 8455,
        "end": 8461
      }
    },
    {
      "containerSpan": {
        "start": 8407,
        "end": 9198
      },
      "key": "policy",
      "span": {
        "start": 8471,
        "end": 8480
      }
    },
    {
      "containerSpan": {
        "start": 8407,
        "end": 9198
      },
      "key": "authority",
      "span": {
        "start": 8493,
        "end": 8520
      }
    },
    {
      "containerSpan": {
        "start": 8407,
        "end": 9198
      },
      "key": "valid",
      "span": {
        "start": 8529,
        "end": 8594
      }
    },
    {
      "containerSpan": {
        "start": 8407,
        "end": 9198
      },
      "key": "gross_cap",
      "span": {
        "start": 8607,
        "end": 8617
      }
    },
    {
      "containerSpan": {
        "start": 8407,
        "end": 9198
      },
      "key": "fee_cap",
      "span": {
        "start": 8628,
        "end": 8637
      }
    },
    {
      "containerSpan": {
        "start": 8407,
        "end": 9198
      },
      "key": "net_floor",
      "span": {
        "start": 8650,
        "end": 8660
      }
    },
    {
      "containerSpan": {
        "start": 8407,
        "end": 9198
      },
      "key": "reads",
      "span": {
        "start": 8669,
        "end": 8686
      }
    },
    {
      "containerSpan": {
        "start": 8407,
        "end": 9198
      },
      "key": "writes",
      "span": {
        "start": 8696,
        "end": 8715
      }
    },
    {
      "containerSpan": {
        "start": 8407,
        "end": 9198
      },
      "key": "relation",
      "span": {
        "start": 8727,
        "end": 8800
      }
    },
    {
      "containerSpan": {
        "start": 8407,
        "end": 9198
      },
      "key": "failure",
      "span": {
        "start": 8811,
        "end": 8862
      }
    },
    {
      "containerSpan": {
        "start": 8407,
        "end": 9198
      },
      "key": "continuation",
      "span": {
        "start": 8878,
        "end": 8918
      }
    },
    {
      "containerSpan": {
        "start": 8407,
        "end": 9198
      },
      "key": "observation",
      "span": {
        "start": 8933,
        "end": 8994
      }
    },
    {
      "containerSpan": {
        "start": 8407,
        "end": 9198
      },
      "key": "status",
      "span": {
        "start": 9004,
        "end": 9022
      }
    },
    {
      "containerSpan": {
        "start": 8407,
        "end": 9198
      },
      "key": "retained_duties",
      "span": {
        "start": 9041,
        "end": 9091
      }
    },
    {
      "containerSpan": {
        "start": 8407,
        "end": 9198
      },
      "key": "operation",
      "span": {
        "start": 9104,
        "end": 9197
      }
    },
    {
      "containerSpan": {
        "start": 9328,
        "end": 9389
      },
      "key": "domain",
      "span": {
        "start": 9343,
        "end": 9351
      }
    },
    {
      "containerSpan": {
        "start": 9328,
        "end": 9389
      },
      "key": "from",
      "span": {
        "start": 9359,
        "end": 9370
      }
    },
    {
      "containerSpan": {
        "start": 9328,
        "end": 9389
      },
      "key": "to",
      "span": {
        "start": 9376,
        "end": 9388
      }
    },
    {
      "containerSpan": {
        "start": 9849,
        "end": 9927
      },
      "key": "owner",
      "span": {
        "start": 9871,
        "end": 9877
      }
    },
    {
      "containerSpan": {
        "start": 9849,
        "end": 9927
      },
      "key": "amount",
      "span": {
        "start": 9887,
        "end": 9898
      }
    },
    {
      "containerSpan": {
        "start": 9849,
        "end": 9927
      },
      "key": "claim_id",
      "span": {
        "start": 9910,
        "end": 9926
      }
    },
    {
      "containerSpan": {
        "start": 9223,
        "end": 9928
      },
      "key": "domain",
      "span": {
        "start": 9232,
        "end": 9240
      }
    },
    {
      "containerSpan": {
        "start": 9223,
        "end": 9928
      },
      "key": "asset",
      "span": {
        "start": 9249,
        "end": 9256
      }
    },
    {
      "containerSpan": {
        "start": 9223,
        "end": 9928
      },
      "key": "signer",
      "span": {
        "start": 9266,
        "end": 9272
      }
    },
    {
      "containerSpan": {
        "start": 9223,
        "end": 9928
      },
      "key": "policy",
      "span": {
        "start": 9282,
        "end": 9291
      }
    },
    {
      "containerSpan": {
        "start": 9223,
        "end": 9928
      },
      "key": "authority",
      "span": {
        "start": 9304,
        "end": 9319
      }
    },
    {
      "containerSpan": {
        "start": 9223,
        "end": 9928
      },
      "key": "valid",
      "span": {
        "start": 9328,
        "end": 9389
      }
    },
    {
      "containerSpan": {
        "start": 9223,
        "end": 9928
      },
      "key": "earliest_round",
      "span": {
        "start": 9407,
        "end": 9419
      }
    },
    {
      "containerSpan": {
        "start": 9223,
        "end": 9928
      },
      "key": "gross_cap",
      "span": {
        "start": 9432,
        "end": 9443
      }
    },
    {
      "containerSpan": {
        "start": 9223,
        "end": 9928
      },
      "key": "fee_cap",
      "span": {
        "start": 9454,
        "end": 9466
      }
    },
    {
      "containerSpan": {
        "start": 9223,
        "end": 9928
      },
      "key": "net_floor",
      "span": {
        "start": 9479,
        "end": 9490
      }
    },
    {
      "containerSpan": {
        "start": 9223,
        "end": 9928
      },
      "key": "reads",
      "span": {
        "start": 9499,
        "end": 9514
      }
    },
    {
      "containerSpan": {
        "start": 9223,
        "end": 9928
      },
      "key": "writes",
      "span": {
        "start": 9524,
        "end": 9543
      }
    },
    {
      "containerSpan": {
        "start": 9223,
        "end": 9928
      },
      "key": "relation",
      "span": {
        "start": 9555,
        "end": 9626
      }
    },
    {
      "containerSpan": {
        "start": 9223,
        "end": 9928
      },
      "key": "failure",
      "span": {
        "start": 9637,
        "end": 9687
      }
    },
    {
      "containerSpan": {
        "start": 9223,
        "end": 9928
      },
      "key": "continuation",
      "span": {
        "start": 9703,
        "end": 9751
      }
    },
    {
      "containerSpan": {
        "start": 9223,
        "end": 9928
      },
      "key": "status",
      "span": {
        "start": 9761,
        "end": 9770
      }
    },
    {
      "containerSpan": {
        "start": 9223,
        "end": 9928
      },
      "key": "retained_duties",
      "span": {
        "start": 9789,
        "end": 9836
      }
    },
    {
      "containerSpan": {
        "start": 9223,
        "end": 9928
      },
      "key": "operation",
      "span": {
        "start": 9849,
        "end": 9927
      }
    },
    {
      "containerSpan": {
        "start": 10028,
        "end": 10089
      },
      "key": "domain",
      "span": {
        "start": 10043,
        "end": 10051
      }
    },
    {
      "containerSpan": {
        "start": 10028,
        "end": 10089
      },
      "key": "from",
      "span": {
        "start": 10059,
        "end": 10070
      }
    },
    {
      "containerSpan": {
        "start": 10028,
        "end": 10089
      },
      "key": "to",
      "span": {
        "start": 10076,
        "end": 10088
      }
    },
    {
      "containerSpan": {
        "start": 10515,
        "end": 10587
      },
      "key": "owner",
      "span": {
        "start": 10538,
        "end": 10544
      }
    },
    {
      "containerSpan": {
        "start": 10515,
        "end": 10587
      },
      "key": "shares",
      "span": {
        "start": 10554,
        "end": 10564
      }
    },
    {
      "containerSpan": {
        "start": 10515,
        "end": 10587
      },
      "key": "backing",
      "span": {
        "start": 10575,
        "end": 10586
      }
    },
    {
      "containerSpan": {
        "start": 9951,
        "end": 10588
      },
      "key": "domain",
      "span": {
        "start": 9960,
        "end": 9968
      }
    },
    {
      "containerSpan": {
        "start": 9951,
        "end": 10588
      },
      "key": "asset",
      "span": {
        "start": 9977,
        "end": 9984
      }
    },
    {
      "containerSpan": {
        "start": 9951,
        "end": 10588
      },
      "key": "signer",
      "span": {
        "start": 9994,
        "end": 10000
      }
    },
    {
      "containerSpan": {
        "start": 9951,
        "end": 10588
      },
      "key": "policy",
      "span": {
        "start": 10010,
        "end": 10019
      }
    },
    {
      "containerSpan": {
        "start": 9951,
        "end": 10588
      },
      "key": "valid",
      "span": {
        "start": 10028,
        "end": 10089
      }
    },
    {
      "containerSpan": {
        "start": 9951,
        "end": 10588
      },
      "key": "gross_cap",
      "span": {
        "start": 10102,
        "end": 10113
      }
    },
    {
      "containerSpan": {
        "start": 9951,
        "end": 10588
      },
      "key": "fee_cap",
      "span": {
        "start": 10124,
        "end": 10136
      }
    },
    {
      "containerSpan": {
        "start": 9951,
        "end": 10588
      },
      "key": "net_floor",
      "span": {
        "start": 10149,
        "end": 10160
      }
    },
    {
      "containerSpan": {
        "start": 9951,
        "end": 10588
      },
      "key": "reads",
      "span": {
        "start": 10169,
        "end": 10184
      }
    },
    {
      "containerSpan": {
        "start": 9951,
        "end": 10588
      },
      "key": "writes",
      "span": {
        "start": 10194,
        "end": 10213
      }
    },
    {
      "containerSpan": {
        "start": 9951,
        "end": 10588
      },
      "key": "relation",
      "span": {
        "start": 10225,
        "end": 10282
      }
    },
    {
      "containerSpan": {
        "start": 9951,
        "end": 10588
      },
      "key": "rounding",
      "span": {
        "start": 10294,
        "end": 10339
      }
    },
    {
      "containerSpan": {
        "start": 9951,
        "end": 10588
      },
      "key": "continuation",
      "span": {
        "start": 10355,
        "end": 10415
      }
    },
    {
      "containerSpan": {
        "start": 9951,
        "end": 10588
      },
      "key": "status",
      "span": {
        "start": 10425,
        "end": 10441
      }
    },
    {
      "containerSpan": {
        "start": 9951,
        "end": 10588
      },
      "key": "retained_duties",
      "span": {
        "start": 10460,
        "end": 10502
      }
    },
    {
      "containerSpan": {
        "start": 9951,
        "end": 10588
      },
      "key": "operation",
      "span": {
        "start": 10515,
        "end": 10587
      }
    },
    {
      "containerSpan": {
        "start": 11062,
        "end": 11122
      },
      "key": "shares",
      "span": {
        "start": 11085,
        "end": 11095
      }
    },
    {
      "containerSpan": {
        "start": 11062,
        "end": 11122
      },
      "key": "amount",
      "span": {
        "start": 11105,
        "end": 11121
      }
    },
    {
      "containerSpan": {
        "start": 10612,
        "end": 11123
      },
      "key": "domain",
      "span": {
        "start": 10621,
        "end": 10629
      }
    },
    {
      "containerSpan": {
        "start": 10612,
        "end": 11123
      },
      "key": "asset",
      "span": {
        "start": 10638,
        "end": 10645
      }
    },
    {
      "containerSpan": {
        "start": 10612,
        "end": 11123
      },
      "key": "policy",
      "span": {
        "start": 10655,
        "end": 10664
      }
    },
    {
      "containerSpan": {
        "start": 10612,
        "end": 11123
      },
      "key": "gross_cap",
      "span": {
        "start": 10677,
        "end": 10690
      }
    },
    {
      "containerSpan": {
        "start": 10612,
        "end": 11123
      },
      "key": "fee_cap",
      "span": {
        "start": 10701,
        "end": 10711
      }
    },
    {
      "containerSpan": {
        "start": 10612,
        "end": 11123
      },
      "key": "net_floor",
      "span": {
        "start": 10724,
        "end": 10736
      }
    },
    {
      "containerSpan": {
        "start": 10612,
        "end": 11123
      },
      "key": "reads",
      "span": {
        "start": 10745,
        "end": 10760
      }
    },
    {
      "containerSpan": {
        "start": 10612,
        "end": 11123
      },
      "key": "writes",
      "span": {
        "start": 10770,
        "end": 10789
      }
    },
    {
      "containerSpan": {
        "start": 10612,
        "end": 11123
      },
      "key": "relation",
      "span": {
        "start": 10801,
        "end": 10865
      }
    },
    {
      "containerSpan": {
        "start": 10612,
        "end": 11123
      },
      "key": "rounding",
      "span": {
        "start": 10877,
        "end": 10913
      }
    },
    {
      "containerSpan": {
        "start": 10612,
        "end": 11123
      },
      "key": "continuation",
      "span": {
        "start": 10929,
        "end": 10967
      }
    },
    {
      "containerSpan": {
        "start": 10612,
        "end": 11123
      },
      "key": "status",
      "span": {
        "start": 10977,
        "end": 10993
      }
    },
    {
      "containerSpan": {
        "start": 10612,
        "end": 11123
      },
      "key": "retained_duties",
      "span": {
        "start": 11012,
        "end": 11049
      }
    },
    {
      "containerSpan": {
        "start": 10612,
        "end": 11123
      },
      "key": "operation",
      "span": {
        "start": 11062,
        "end": 11122
      }
    },
    {
      "containerSpan": {
        "start": 11610,
        "end": 11664
      },
      "key": "shares",
      "span": {
        "start": 11632,
        "end": 11642
      }
    },
    {
      "containerSpan": {
        "start": 11610,
        "end": 11664
      },
      "key": "amount",
      "span": {
        "start": 11652,
        "end": 11663
      }
    },
    {
      "containerSpan": {
        "start": 11146,
        "end": 11665
      },
      "key": "domain",
      "span": {
        "start": 11155,
        "end": 11163
      }
    },
    {
      "containerSpan": {
        "start": 11146,
        "end": 11665
      },
      "key": "asset",
      "span": {
        "start": 11172,
        "end": 11179
      }
    },
    {
      "containerSpan": {
        "start": 11146,
        "end": 11665
      },
      "key": "policy",
      "span": {
        "start": 11189,
        "end": 11198
      }
    },
    {
      "containerSpan": {
        "start": 11146,
        "end": 11665
      },
      "key": "gross_cap",
      "span": {
        "start": 11211,
        "end": 11222
      }
    },
    {
      "containerSpan": {
        "start": 11146,
        "end": 11665
      },
      "key": "net_floor",
      "span": {
        "start": 11235,
        "end": 11246
      }
    },
    {
      "containerSpan": {
        "start": 11146,
        "end": 11665
      },
      "key": "reads",
      "span": {
        "start": 11255,
        "end": 11270
      }
    },
    {
      "containerSpan": {
        "start": 11146,
        "end": 11665
      },
      "key": "writes",
      "span": {
        "start": 11280,
        "end": 11299
      }
    },
    {
      "containerSpan": {
        "start": 11146,
        "end": 11665
      },
      "key": "relation",
      "span": {
        "start": 11311,
        "end": 11363
      }
    },
    {
      "containerSpan": {
        "start": 11146,
        "end": 11665
      },
      "key": "loss",
      "span": {
        "start": 11371,
        "end": 11434
      }
    },
    {
      "containerSpan": {
        "start": 11146,
        "end": 11665
      },
      "key": "continuation",
      "span": {
        "start": 11450,
        "end": 11509
      }
    },
    {
      "containerSpan": {
        "start": 11146,
        "end": 11665
      },
      "key": "status",
      "span": {
        "start": 11519,
        "end": 11528
      }
    },
    {
      "containerSpan": {
        "start": 11146,
        "end": 11665
      },
      "key": "retained_duties",
      "span": {
        "start": 11547,
        "end": 11597
      }
    },
    {
      "containerSpan": {
        "start": 11146,
        "end": 11665
      },
      "key": "operation",
      "span": {
        "start": 11610,
        "end": 11664
      }
    },
    {
      "containerSpan": {
        "start": 12110,
        "end": 12193
      },
      "key": "owner",
      "span": {
        "start": 12132,
        "end": 12138
      }
    },
    {
      "containerSpan": {
        "start": 12110,
        "end": 12193
      },
      "key": "shares",
      "span": {
        "start": 12148,
        "end": 12158
      }
    },
    {
      "containerSpan": {
        "start": 12110,
        "end": 12193
      },
      "key": "share_atoms",
      "span": {
        "start": 12173,
        "end": 12192
      }
    },
    {
      "containerSpan": {
        "start": 11689,
        "end": 12194
      },
      "key": "domain",
      "span": {
        "start": 11698,
        "end": 11706
      }
    },
    {
      "containerSpan": {
        "start": 11689,
        "end": 12194
      },
      "key": "asset",
      "span": {
        "start": 11715,
        "end": 11722
      }
    },
    {
      "containerSpan": {
        "start": 11689,
        "end": 12194
      },
      "key": "signer",
      "span": {
        "start": 11732,
        "end": 11738
      }
    },
    {
      "containerSpan": {
        "start": 11689,
        "end": 12194
      },
      "key": "policy",
      "span": {
        "start": 11748,
        "end": 11757
      }
    },
    {
      "containerSpan": {
        "start": 11689,
        "end": 12194
      },
      "key": "reads",
      "span": {
        "start": 11766,
        "end": 11781
      }
    },
    {
      "containerSpan": {
        "start": 11689,
        "end": 12194
      },
      "key": "writes",
      "span": {
        "start": 11791,
        "end": 11810
      }
    },
    {
      "containerSpan": {
        "start": 11689,
        "end": 12194
      },
      "key": "relation",
      "span": {
        "start": 11822,
        "end": 11877
      }
    },
    {
      "containerSpan": {
        "start": 11689,
        "end": 12194
      },
      "key": "continuation",
      "span": {
        "start": 11893,
        "end": 11939
      }
    },
    {
      "containerSpan": {
        "start": 11689,
        "end": 12194
      },
      "key": "failure",
      "span": {
        "start": 11950,
        "end": 12001
      }
    },
    {
      "containerSpan": {
        "start": 11689,
        "end": 12194
      },
      "key": "status",
      "span": {
        "start": 12011,
        "end": 12031
      }
    },
    {
      "containerSpan": {
        "start": 11689,
        "end": 12194
      },
      "key": "retained_duties",
      "span": {
        "start": 12050,
        "end": 12097
      }
    },
    {
      "containerSpan": {
        "start": 11689,
        "end": 12194
      },
      "key": "operation",
      "span": {
        "start": 12110,
        "end": 12193
      }
    },
    {
      "containerSpan": {
        "start": 12737,
        "end": 12859
      },
      "key": "owner",
      "span": {
        "start": 12761,
        "end": 12767
      }
    },
    {
      "containerSpan": {
        "start": 12737,
        "end": 12859
      },
      "key": "shares",
      "span": {
        "start": 12777,
        "end": 12787
      }
    },
    {
      "containerSpan": {
        "start": 12737,
        "end": 12859
      },
      "key": "share_atoms",
      "span": {
        "start": 12802,
        "end": 12821
      }
    },
    {
      "containerSpan": {
        "start": 12737,
        "end": 12859
      },
      "key": "minimum_backing",
      "span": {
        "start": 12840,
        "end": 12858
      }
    },
    {
      "containerSpan": {
        "start": 12220,
        "end": 12860
      },
      "key": "domain",
      "span": {
        "start": 12229,
        "end": 12237
      }
    },
    {
      "containerSpan": {
        "start": 12220,
        "end": 12860
      },
      "key": "asset",
      "span": {
        "start": 12246,
        "end": 12253
      }
    },
    {
      "containerSpan": {
        "start": 12220,
        "end": 12860
      },
      "key": "signer",
      "span": {
        "start": 12263,
        "end": 12269
      }
    },
    {
      "containerSpan": {
        "start": 12220,
        "end": 12860
      },
      "key": "policy",
      "span": {
        "start": 12279,
        "end": 12288
      }
    },
    {
      "containerSpan": {
        "start": 12220,
        "end": 12860
      },
      "key": "gross_cap",
      "span": {
        "start": 12301,
        "end": 12319
      }
    },
    {
      "containerSpan": {
        "start": 12220,
        "end": 12860
      },
      "key": "fee_cap",
      "span": {
        "start": 12330,
        "end": 12339
      }
    },
    {
      "containerSpan": {
        "start": 12220,
        "end": 12860
      },
      "key": "net_floor",
      "span": {
        "start": 12352,
        "end": 12366
      }
    },
    {
      "containerSpan": {
        "start": 12220,
        "end": 12860
      },
      "key": "reads",
      "span": {
        "start": 12375,
        "end": 12390
      }
    },
    {
      "containerSpan": {
        "start": 12220,
        "end": 12860
      },
      "key": "writes",
      "span": {
        "start": 12400,
        "end": 12419
      }
    },
    {
      "containerSpan": {
        "start": 12220,
        "end": 12860
      },
      "key": "relation",
      "span": {
        "start": 12431,
        "end": 12513
      }
    },
    {
      "containerSpan": {
        "start": 12220,
        "end": 12860
      },
      "key": "rounding",
      "span": {
        "start": 12525,
        "end": 12570
      }
    },
    {
      "containerSpan": {
        "start": 12220,
        "end": 12860
      },
      "key": "continuation",
      "span": {
        "start": 12586,
        "end": 12628
      }
    },
    {
      "containerSpan": {
        "start": 12220,
        "end": 12860
      },
      "key": "status",
      "span": {
        "start": 12638,
        "end": 12658
      }
    },
    {
      "containerSpan": {
        "start": 12220,
        "end": 12860
      },
      "key": "retained_duties",
      "span": {
        "start": 12677,
        "end": 12724
      }
    },
    {
      "containerSpan": {
        "start": 12220,
        "end": 12860
      },
      "key": "operation",
      "span": {
        "start": 12737,
        "end": 12859
      }
    },
    {
      "containerSpan": {
        "start": 13008,
        "end": 13073
      },
      "key": "domain",
      "span": {
        "start": 13023,
        "end": 13035
      }
    },
    {
      "containerSpan": {
        "start": 13008,
        "end": 13073
      },
      "key": "from",
      "span": {
        "start": 13043,
        "end": 13054
      }
    },
    {
      "containerSpan": {
        "start": 13008,
        "end": 13073
      },
      "key": "to",
      "span": {
        "start": 13060,
        "end": 13072
      }
    },
    {
      "containerSpan": {
        "start": 13495,
        "end": 13569
      },
      "key": "owner",
      "span": {
        "start": 13518,
        "end": 13524
      }
    },
    {
      "containerSpan": {
        "start": 13495,
        "end": 13569
      },
      "key": "shares",
      "span": {
        "start": 13534,
        "end": 13547
      }
    },
    {
      "containerSpan": {
        "start": 13495,
        "end": 13569
      },
      "key": "backing",
      "span": {
        "start": 13558,
        "end": 13568
      }
    },
    {
      "containerSpan": {
        "start": 12886,
        "end": 13570
      },
      "key": "domain",
      "span": {
        "start": 12895,
        "end": 12907
      }
    },
    {
      "containerSpan": {
        "start": 12886,
        "end": 13570
      },
      "key": "asset",
      "span": {
        "start": 12916,
        "end": 12924
      }
    },
    {
      "containerSpan": {
        "start": 12886,
        "end": 13570
      },
      "key": "signer",
      "span": {
        "start": 12934,
        "end": 12940
      }
    },
    {
      "containerSpan": {
        "start": 12886,
        "end": 13570
      },
      "key": "policy",
      "span": {
        "start": 12950,
        "end": 12959
      }
    },
    {
      "containerSpan": {
        "start": 12886,
        "end": 13570
      },
      "key": "authority",
      "span": {
        "start": 12972,
        "end": 12999
      }
    },
    {
      "containerSpan": {
        "start": 12886,
        "end": 13570
      },
      "key": "valid",
      "span": {
        "start": 13008,
        "end": 13073
      }
    },
    {
      "containerSpan": {
        "start": 12886,
        "end": 13570
      },
      "key": "gross_cap",
      "span": {
        "start": 13086,
        "end": 13096
      }
    },
    {
      "containerSpan": {
        "start": 12886,
        "end": 13570
      },
      "key": "fee_cap",
      "span": {
        "start": 13107,
        "end": 13124
      }
    },
    {
      "containerSpan": {
        "start": 12886,
        "end": 13570
      },
      "key": "net_floor",
      "span": {
        "start": 13137,
        "end": 13147
      }
    },
    {
      "containerSpan": {
        "start": 12886,
        "end": 13570
      },
      "key": "reads",
      "span": {
        "start": 13156,
        "end": 13174
      }
    },
    {
      "containerSpan": {
        "start": 12886,
        "end": 13570
      },
      "key": "writes",
      "span": {
        "start": 13184,
        "end": 13203
      }
    },
    {
      "containerSpan": {
        "start": 12886,
        "end": 13570
      },
      "key": "relation",
      "span": {
        "start": 13215,
        "end": 13281
      }
    },
    {
      "containerSpan": {
        "start": 12886,
        "end": 13570
      },
      "key": "rounding",
      "span": {
        "start": 13293,
        "end": 13338
      }
    },
    {
      "containerSpan": {
        "start": 12886,
        "end": 13570
      },
      "key": "continuation",
      "span": {
        "start": 13354,
        "end": 13409
      }
    },
    {
      "containerSpan": {
        "start": 12886,
        "end": 13570
      },
      "key": "status",
      "span": {
        "start": 13419,
        "end": 13435
      }
    },
    {
      "containerSpan": {
        "start": 12886,
        "end": 13570
      },
      "key": "retained_duties",
      "span": {
        "start": 13454,
        "end": 13482
      }
    },
    {
      "containerSpan": {
        "start": 12886,
        "end": 13570
      },
      "key": "operation",
      "span": {
        "start": 13495,
        "end": 13569
      }
    },
    {
      "containerSpan": {
        "start": 14123,
        "end": 14194
      },
      "key": "shares",
      "span": {
        "start": 14146,
        "end": 14159
      }
    },
    {
      "containerSpan": {
        "start": 14123,
        "end": 14194
      },
      "key": "amount",
      "span": {
        "start": 14169,
        "end": 14193
      }
    },
    {
      "containerSpan": {
        "start": 13597,
        "end": 14195
      },
      "key": "domain",
      "span": {
        "start": 13606,
        "end": 13618
      }
    },
    {
      "containerSpan": {
        "start": 13597,
        "end": 14195
      },
      "key": "asset",
      "span": {
        "start": 13627,
        "end": 13635
      }
    },
    {
      "containerSpan": {
        "start": 13597,
        "end": 14195
      },
      "key": "policy",
      "span": {
        "start": 13645,
        "end": 13654
      }
    },
    {
      "containerSpan": {
        "start": 13597,
        "end": 14195
      },
      "key": "gross_cap",
      "span": {
        "start": 13667,
        "end": 13688
      }
    },
    {
      "containerSpan": {
        "start": 13597,
        "end": 14195
      },
      "key": "fee_cap",
      "span": {
        "start": 13699,
        "end": 13717
      }
    },
    {
      "containerSpan": {
        "start": 13597,
        "end": 14195
      },
      "key": "net_floor",
      "span": {
        "start": 13730,
        "end": 13744
      }
    },
    {
      "containerSpan": {
        "start": 13597,
        "end": 14195
      },
      "key": "reads",
      "span": {
        "start": 13753,
        "end": 13771
      }
    },
    {
      "containerSpan": {
        "start": 13597,
        "end": 14195
      },
      "key": "writes",
      "span": {
        "start": 13781,
        "end": 13800
      }
    },
    {
      "containerSpan": {
        "start": 13597,
        "end": 14195
      },
      "key": "relation",
      "span": {
        "start": 13812,
        "end": 13889
      }
    },
    {
      "containerSpan": {
        "start": 13597,
        "end": 14195
      },
      "key": "rounding",
      "span": {
        "start": 13901,
        "end": 13953
      }
    },
    {
      "containerSpan": {
        "start": 13597,
        "end": 14195
      },
      "key": "continuation",
      "span": {
        "start": 13969,
        "end": 14020
      }
    },
    {
      "containerSpan": {
        "start": 13597,
        "end": 14195
      },
      "key": "status",
      "span": {
        "start": 14030,
        "end": 14046
      }
    },
    {
      "containerSpan": {
        "start": 13597,
        "end": 14195
      },
      "key": "retained_duties",
      "span": {
        "start": 14065,
        "end": 14110
      }
    },
    {
      "containerSpan": {
        "start": 13597,
        "end": 14195
      },
      "key": "operation",
      "span": {
        "start": 14123,
        "end": 14194
      }
    },
    {
      "containerSpan": {
        "start": 14668,
        "end": 14727
      },
      "key": "shares",
      "span": {
        "start": 14690,
        "end": 14703
      }
    },
    {
      "containerSpan": {
        "start": 14668,
        "end": 14727
      },
      "key": "amount",
      "span": {
        "start": 14713,
        "end": 14726
      }
    },
    {
      "containerSpan": {
        "start": 14221,
        "end": 14728
      },
      "key": "domain",
      "span": {
        "start": 14230,
        "end": 14242
      }
    },
    {
      "containerSpan": {
        "start": 14221,
        "end": 14728
      },
      "key": "asset",
      "span": {
        "start": 14251,
        "end": 14259
      }
    },
    {
      "containerSpan": {
        "start": 14221,
        "end": 14728
      },
      "key": "policy",
      "span": {
        "start": 14269,
        "end": 14278
      }
    },
    {
      "containerSpan": {
        "start": 14221,
        "end": 14728
      },
      "key": "gross_cap",
      "span": {
        "start": 14291,
        "end": 14304
      }
    },
    {
      "containerSpan": {
        "start": 14221,
        "end": 14728
      },
      "key": "net_floor",
      "span": {
        "start": 14317,
        "end": 14330
      }
    },
    {
      "containerSpan": {
        "start": 14221,
        "end": 14728
      },
      "key": "reads",
      "span": {
        "start": 14339,
        "end": 14357
      }
    },
    {
      "containerSpan": {
        "start": 14221,
        "end": 14728
      },
      "key": "writes",
      "span": {
        "start": 14367,
        "end": 14386
      }
    },
    {
      "containerSpan": {
        "start": 14221,
        "end": 14728
      },
      "key": "relation",
      "span": {
        "start": 14398,
        "end": 14462
      }
    },
    {
      "containerSpan": {
        "start": 14221,
        "end": 14728
      },
      "key": "loss",
      "span": {
        "start": 14470,
        "end": 14518
      }
    },
    {
      "containerSpan": {
        "start": 14221,
        "end": 14728
      },
      "key": "continuation",
      "span": {
        "start": 14534,
        "end": 14574
      }
    },
    {
      "containerSpan": {
        "start": 14221,
        "end": 14728
      },
      "key": "status",
      "span": {
        "start": 14584,
        "end": 14593
      }
    },
    {
      "containerSpan": {
        "start": 14221,
        "end": 14728
      },
      "key": "retained_duties",
      "span": {
        "start": 14612,
        "end": 14655
      }
    },
    {
      "containerSpan": {
        "start": 14221,
        "end": 14728
      },
      "key": "operation",
      "span": {
        "start": 14668,
        "end": 14727
      }
    },
    {
      "containerSpan": {
        "start": 15194,
        "end": 15280
      },
      "key": "owner",
      "span": {
        "start": 15216,
        "end": 15222
      }
    },
    {
      "containerSpan": {
        "start": 15194,
        "end": 15280
      },
      "key": "shares",
      "span": {
        "start": 15232,
        "end": 15245
      }
    },
    {
      "containerSpan": {
        "start": 15194,
        "end": 15280
      },
      "key": "share_atoms",
      "span": {
        "start": 15260,
        "end": 15279
      }
    },
    {
      "containerSpan": {
        "start": 14755,
        "end": 15281
      },
      "key": "domain",
      "span": {
        "start": 14764,
        "end": 14776
      }
    },
    {
      "containerSpan": {
        "start": 14755,
        "end": 15281
      },
      "key": "asset",
      "span": {
        "start": 14785,
        "end": 14793
      }
    },
    {
      "containerSpan": {
        "start": 14755,
        "end": 15281
      },
      "key": "signer",
      "span": {
        "start": 14803,
        "end": 14809
      }
    },
    {
      "containerSpan": {
        "start": 14755,
        "end": 15281
      },
      "key": "policy",
      "span": {
        "start": 14819,
        "end": 14828
      }
    },
    {
      "containerSpan": {
        "start": 14755,
        "end": 15281
      },
      "key": "reads",
      "span": {
        "start": 14837,
        "end": 14855
      }
    },
    {
      "containerSpan": {
        "start": 14755,
        "end": 15281
      },
      "key": "writes",
      "span": {
        "start": 14865,
        "end": 14884
      }
    },
    {
      "containerSpan": {
        "start": 14755,
        "end": 15281
      },
      "key": "relation",
      "span": {
        "start": 14896,
        "end": 14965
      }
    },
    {
      "containerSpan": {
        "start": 14755,
        "end": 15281
      },
      "key": "continuation",
      "span": {
        "start": 14981,
        "end": 15022
      }
    },
    {
      "containerSpan": {
        "start": 14755,
        "end": 15281
      },
      "key": "failure",
      "span": {
        "start": 15033,
        "end": 15083
      }
    },
    {
      "containerSpan": {
        "start": 14755,
        "end": 15281
      },
      "key": "status",
      "span": {
        "start": 15093,
        "end": 15113
      }
    },
    {
      "containerSpan": {
        "start": 14755,
        "end": 15281
      },
      "key": "retained_duties",
      "span": {
        "start": 15132,
        "end": 15181
      }
    },
    {
      "containerSpan": {
        "start": 14755,
        "end": 15281
      },
      "key": "operation",
      "span": {
        "start": 15194,
        "end": 15280
      }
    },
    {
      "containerSpan": {
        "start": 15857,
        "end": 15977
      },
      "key": "owner",
      "span": {
        "start": 15881,
        "end": 15887
      }
    },
    {
      "containerSpan": {
        "start": 15857,
        "end": 15977
      },
      "key": "shares",
      "span": {
        "start": 15897,
        "end": 15910
      }
    },
    {
      "containerSpan": {
        "start": 15857,
        "end": 15977
      },
      "key": "share_atoms",
      "span": {
        "start": 15925,
        "end": 15944
      }
    },
    {
      "containerSpan": {
        "start": 15857,
        "end": 15977
      },
      "key": "minimum_backing",
      "span": {
        "start": 15963,
        "end": 15976
      }
    },
    {
      "containerSpan": {
        "start": 15310,
        "end": 15978
      },
      "key": "domain",
      "span": {
        "start": 15319,
        "end": 15331
      }
    },
    {
      "containerSpan": {
        "start": 15310,
        "end": 15978
      },
      "key": "asset",
      "span": {
        "start": 15340,
        "end": 15348
      }
    },
    {
      "containerSpan": {
        "start": 15310,
        "end": 15978
      },
      "key": "signer",
      "span": {
        "start": 15358,
        "end": 15364
      }
    },
    {
      "containerSpan": {
        "start": 15310,
        "end": 15978
      },
      "key": "policy",
      "span": {
        "start": 15374,
        "end": 15383
      }
    },
    {
      "containerSpan": {
        "start": 15310,
        "end": 15978
      },
      "key": "gross_cap",
      "span": {
        "start": 15396,
        "end": 15409
      }
    },
    {
      "containerSpan": {
        "start": 15310,
        "end": 15978
      },
      "key": "fee_cap",
      "span": {
        "start": 15420,
        "end": 15437
      }
    },
    {
      "containerSpan": {
        "start": 15310,
        "end": 15978
      },
      "key": "net_floor",
      "span": {
        "start": 15450,
        "end": 15463
      }
    },
    {
      "containerSpan": {
        "start": 15310,
        "end": 15978
      },
      "key": "reads",
      "span": {
        "start": 15472,
        "end": 15507
      }
    },
    {
      "containerSpan": {
        "start": 15310,
        "end": 15978
      },
      "key": "writes",
      "span": {
        "start": 15517,
        "end": 15536
      }
    },
    {
      "containerSpan": {
        "start": 15310,
        "end": 15978
      },
      "key": "relation",
      "span": {
        "start": 15548,
        "end": 15629
      }
    },
    {
      "containerSpan": {
        "start": 15310,
        "end": 15978
      },
      "key": "rounding",
      "span": {
        "start": 15641,
        "end": 15694
      }
    },
    {
      "containerSpan": {
        "start": 15310,
        "end": 15978
      },
      "key": "continuation",
      "span": {
        "start": 15710,
        "end": 15758
      }
    },
    {
      "containerSpan": {
        "start": 15310,
        "end": 15978
      },
      "key": "status",
      "span": {
        "start": 15768,
        "end": 15788
      }
    },
    {
      "containerSpan": {
        "start": 15310,
        "end": 15978
      },
      "key": "retained_duties",
      "span": {
        "start": 15807,
        "end": 15844
      }
    },
    {
      "containerSpan": {
        "start": 15310,
        "end": 15978
      },
      "key": "operation",
      "span": {
        "start": 15857,
        "end": 15977
      }
    }
  ],
  "operationSchemas": {
    "atoms": {
      "asset": "asset",
      "value": "scalar"
    },
    "min": {
      "a": "numeric",
      "b": "numeric"
    },
    "max": {
      "a": "numeric",
      "b": "numeric"
    },
    "rounds": {
      "domain": "domain",
      "from": "scalar",
      "to": "scalar"
    },
    "transfer": {
      "from": "account",
      "to": "account",
      "fee_to": "account",
      "value": "qty",
      "fee": "qty"
    },
    "repay": {
      "obligation": "obligation",
      "payer": "account",
      "amount": "qty"
    },
    "amm.swap_exact_input": {
      "pool": "pool",
      "owner": "account",
      "input": "qty",
      "output_asset": "asset",
      "net_floor": "qty",
      "fee_cap": "qty"
    },
    "amm.redeem": {
      "pool": "pool",
      "owner": "account",
      "share_atoms": "scalar"
    },
    "amm.mint": {
      "pool": "pool",
      "owner": "account",
      "amounts": "qty[]",
      "minimum_share_atoms": "scalar"
    },
    "lending.originate": {
      "obligation": "obligation",
      "debtor": "account",
      "creditor": "account",
      "principal": "qty",
      "collateral": "qty"
    },
    "lending.liquidate": {
      "obligation": "obligation"
    },
    "lending.roll_forward": {
      "obligation": "obligation",
      "to_round": "scalar"
    },
    "stablecoin.mint": {
      "instrument": "instrument",
      "owner": "account",
      "supply": "qty",
      "backing": "qty"
    },
    "stablecoin.redeem": {
      "instrument": "instrument",
      "owner": "account",
      "burn": "qty",
      "minimum_backing": "qty"
    },
    "stablecoin.emergency_settle": {
      "instrument": "instrument",
      "owner": "account",
      "claim": "qty"
    },
    "option.fix": {
      "instrument": "instrument",
      "observation": "observation"
    },
    "option.exercise": {
      "instrument": "instrument",
      "holder": "account"
    },
    "option.settle": {
      "instrument": "instrument",
      "holder": "account",
      "payoff": "qty"
    },
    "oracle.select": {
      "observation": "observation"
    },
    "governance.queue": {
      "policy": "policy",
      "next_epoch": "scalar"
    },
    "governance.execute": {
      "policy": "policy"
    },
    "governance.veto": {
      "policy": "policy"
    },
    "bridge.escrow": {
      "owner": "account",
      "amount": "qty",
      "destination": "domain",
      "claim_id": "string"
    },
    "bridge.claim": {
      "owner": "account",
      "amount": "qty",
      "source": "domain",
      "claim_id": "string"
    },
    "bridge.recover": {
      "owner": "account",
      "amount": "qty",
      "claim_id": "string"
    },
    "staking.deposit": {
      "owner": "account",
      "shares": "share_class",
      "backing": "qty"
    },
    "staking.reward": {
      "shares": "share_class",
      "amount": "qty"
    },
    "staking.slash": {
      "shares": "share_class",
      "amount": "qty"
    },
    "staking.unbond": {
      "owner": "account",
      "shares": "share_class",
      "share_atoms": "scalar"
    },
    "staking.withdraw": {
      "owner": "account",
      "shares": "share_class",
      "share_atoms": "scalar",
      "minimum_backing": "qty"
    }
  },
  "evidence": "AuthoringOnly",
  "openGates": [
    "authentication",
    "nativeProof",
    "financialCorrespondence",
    "atomicLedgerAcceptance"
  ]
}
