{
  "status": "AuthoringChecked",
  "sourceHash": "58324510cab48d8c7ecf587130746db22415a646135e45049eefa102302c9fa5",
  "diagnostics": [],
  "agreement": "CrossStakeBridge",
  "agreementSpan": {
    "start": 1024,
    "end": 1040
  },
  "declarations": [
    {
      "kind": "domain",
      "name": "HomeRail",
      "span": {
        "start": 1045,
        "end": 1142
      },
      "nameSpan": {
        "start": 1052,
        "end": 1060
      }
    },
    {
      "kind": "domain",
      "name": "ForeignClaim",
      "span": {
        "start": 1145,
        "end": 1249
      },
      "nameSpan": {
        "start": 1152,
        "end": 1164
      }
    },
    {
      "kind": "account",
      "name": "Staker",
      "span": {
        "start": 1252,
        "end": 1323
      },
      "nameSpan": {
        "start": 1260,
        "end": 1266
      }
    },
    {
      "kind": "account",
      "name": "Custodian",
      "span": {
        "start": 1326,
        "end": 1399
      },
      "nameSpan": {
        "start": 1334,
        "end": 1343
      }
    },
    {
      "kind": "account",
      "name": "RewardDesk",
      "span": {
        "start": 1402,
        "end": 1476
      },
      "nameSpan": {
        "start": 1410,
        "end": 1420
      }
    },
    {
      "kind": "account",
      "name": "Holder",
      "span": {
        "start": 1479,
        "end": 1550
      },
      "nameSpan": {
        "start": 1487,
        "end": 1493
      }
    },
    {
      "kind": "account",
      "name": "ForeignDesk",
      "span": {
        "start": 1553,
        "end": 1634
      },
      "nameSpan": {
        "start": 1561,
        "end": 1572
      }
    },
    {
      "kind": "account",
      "name": "ForeignRewards",
      "span": {
        "start": 1637,
        "end": 1722
      },
      "nameSpan": {
        "start": 1645,
        "end": 1659
      }
    },
    {
      "kind": "asset",
      "name": "RailUSD",
      "span": {
        "start": 1725,
        "end": 1862
      },
      "nameSpan": {
        "start": 1731,
        "end": 1738
      }
    },
    {
      "kind": "asset",
      "name": "ClaimUSD",
      "span": {
        "start": 1865,
        "end": 2009
      },
      "nameSpan": {
        "start": 1871,
        "end": 1879
      }
    },
    {
      "kind": "share_class",
      "name": "HomeShares",
      "span": {
        "start": 2012,
        "end": 2112
      },
      "nameSpan": {
        "start": 2024,
        "end": 2034
      }
    },
    {
      "kind": "share_class",
      "name": "ForeignShares",
      "span": {
        "start": 2115,
        "end": 2224
      },
      "nameSpan": {
        "start": 2127,
        "end": 2140
      }
    },
    {
      "kind": "const",
      "name": "window_open",
      "span": {
        "start": 2227,
        "end": 2258
      },
      "nameSpan": {
        "start": 2233,
        "end": 2244
      }
    },
    {
      "kind": "const",
      "name": "window_close",
      "span": {
        "start": 2261,
        "end": 2293
      },
      "nameSpan": {
        "start": 2267,
        "end": 2279
      }
    },
    {
      "kind": "const",
      "name": "full_share_atoms",
      "span": {
        "start": 2296,
        "end": 2336
      },
      "nameSpan": {
        "start": 2302,
        "end": 2318
      }
    },
    {
      "kind": "const",
      "name": "partial_share_atoms",
      "span": {
        "start": 2339,
        "end": 2382
      },
      "nameSpan": {
        "start": 2345,
        "end": 2364
      }
    },
    {
      "kind": "const",
      "name": "share_ratio_left",
      "span": {
        "start": 2453,
        "end": 2502
      },
      "nameSpan": {
        "start": 2459,
        "end": 2475
      }
    },
    {
      "kind": "const",
      "name": "share_ratio_right",
      "span": {
        "start": 2505,
        "end": 2552
      },
      "nameSpan": {
        "start": 2511,
        "end": 2528
      }
    },
    {
      "kind": "const",
      "name": "share_ratio_gap",
      "span": {
        "start": 2555,
        "end": 2616
      },
      "nameSpan": {
        "start": 2561,
        "end": 2576
      }
    },
    {
      "kind": "const",
      "name": "rail_face_atom_count",
      "span": {
        "start": 2619,
        "end": 2663
      },
      "nameSpan": {
        "start": 2625,
        "end": 2645
      }
    },
    {
      "kind": "const",
      "name": "claim_face_atom_count",
      "span": {
        "start": 2666,
        "end": 2716
      },
      "nameSpan": {
        "start": 2672,
        "end": 2693
      }
    },
    {
      "kind": "const",
      "name": "unchecked_atom_count_gap",
      "span": {
        "start": 2778,
        "end": 2856
      },
      "nameSpan": {
        "start": 2784,
        "end": 2808
      }
    },
    {
      "kind": "const",
      "name": "escrow_face",
      "span": {
        "start": 2859,
        "end": 2908
      },
      "nameSpan": {
        "start": 2865,
        "end": 2876
      }
    },
    {
      "kind": "const",
      "name": "home_face_atoms",
      "span": {
        "start": 2911,
        "end": 2986
      },
      "nameSpan": {
        "start": 2917,
        "end": 2932
      }
    },
    {
      "kind": "const",
      "name": "home_face_gap",
      "span": {
        "start": 2989,
        "end": 3041
      },
      "nameSpan": {
        "start": 2995,
        "end": 3008
      }
    },
    {
      "kind": "const",
      "name": "reward_slice",
      "span": {
        "start": 3044,
        "end": 3092
      },
      "nameSpan": {
        "start": 3050,
        "end": 3062
      }
    },
    {
      "kind": "const",
      "name": "slash_slice",
      "span": {
        "start": 3095,
        "end": 3142
      },
      "nameSpan": {
        "start": 3101,
        "end": 3112
      }
    },
    {
      "kind": "const",
      "name": "reward_and_slash",
      "span": {
        "start": 3145,
        "end": 3197
      },
      "nameSpan": {
        "start": 3151,
        "end": 3167
      }
    },
    {
      "kind": "const",
      "name": "reward_stated",
      "span": {
        "start": 3200,
        "end": 3249
      },
      "nameSpan": {
        "start": 3206,
        "end": 3219
      }
    },
    {
      "kind": "const",
      "name": "reward_gap",
      "span": {
        "start": 3252,
        "end": 3304
      },
      "nameSpan": {
        "start": 3258,
        "end": 3268
      }
    },
    {
      "kind": "const",
      "name": "proportional_slice",
      "span": {
        "start": 3307,
        "end": 3363
      },
      "nameSpan": {
        "start": 3313,
        "end": 3331
      }
    },
    {
      "kind": "const",
      "name": "withdraw_floor",
      "span": {
        "start": 3366,
        "end": 3417
      },
      "nameSpan": {
        "start": 3372,
        "end": 3386
      }
    },
    {
      "kind": "const",
      "name": "floor_gap",
      "span": {
        "start": 3420,
        "end": 3474
      },
      "nameSpan": {
        "start": 3426,
        "end": 3435
      }
    },
    {
      "kind": "const",
      "name": "home_two_fifths",
      "span": {
        "start": 3477,
        "end": 3517
      },
      "nameSpan": {
        "start": 3483,
        "end": 3498
      }
    },
    {
      "kind": "const",
      "name": "home_five_slices",
      "span": {
        "start": 3520,
        "end": 3568
      },
      "nameSpan": {
        "start": 3526,
        "end": 3542
      }
    },
    {
      "kind": "const",
      "name": "home_proportion_gap",
      "span": {
        "start": 3571,
        "end": 3634
      },
      "nameSpan": {
        "start": 3577,
        "end": 3596
      }
    },
    {
      "kind": "const",
      "name": "tighter_home_floor",
      "span": {
        "start": 3637,
        "end": 3710
      },
      "nameSpan": {
        "start": 3643,
        "end": 3661
      }
    },
    {
      "kind": "const",
      "name": "tighter_gap",
      "span": {
        "start": 3713,
        "end": 3769
      },
      "nameSpan": {
        "start": 3719,
        "end": 3730
      }
    },
    {
      "kind": "const",
      "name": "claim_face",
      "span": {
        "start": 3772,
        "end": 3826
      },
      "nameSpan": {
        "start": 3778,
        "end": 3788
      }
    },
    {
      "kind": "const",
      "name": "claim_atoms",
      "span": {
        "start": 3829,
        "end": 3907
      },
      "nameSpan": {
        "start": 3835,
        "end": 3846
      }
    },
    {
      "kind": "const",
      "name": "claim_gap",
      "span": {
        "start": 3910,
        "end": 3953
      },
      "nameSpan": {
        "start": 3916,
        "end": 3925
      }
    },
    {
      "kind": "const",
      "name": "foreign_reward",
      "span": {
        "start": 3956,
        "end": 4012
      },
      "nameSpan": {
        "start": 3962,
        "end": 3976
      }
    },
    {
      "kind": "const",
      "name": "foreign_slash",
      "span": {
        "start": 4015,
        "end": 4070
      },
      "nameSpan": {
        "start": 4021,
        "end": 4034
      }
    },
    {
      "kind": "const",
      "name": "foreign_reward_and_slash",
      "span": {
        "start": 4073,
        "end": 4137
      },
      "nameSpan": {
        "start": 4079,
        "end": 4103
      }
    },
    {
      "kind": "const",
      "name": "foreign_reward_stated",
      "span": {
        "start": 4140,
        "end": 4203
      },
      "nameSpan": {
        "start": 4146,
        "end": 4167
      }
    },
    {
      "kind": "const",
      "name": "foreign_reward_gap",
      "span": {
        "start": 4206,
        "end": 4282
      },
      "nameSpan": {
        "start": 4212,
        "end": 4230
      }
    },
    {
      "kind": "const",
      "name": "foreign_slice",
      "span": {
        "start": 4285,
        "end": 4342
      },
      "nameSpan": {
        "start": 4291,
        "end": 4304
      }
    },
    {
      "kind": "const",
      "name": "foreign_floor",
      "span": {
        "start": 4345,
        "end": 4401
      },
      "nameSpan": {
        "start": 4351,
        "end": 4364
      }
    },
    {
      "kind": "const",
      "name": "foreign_floor_gap",
      "span": {
        "start": 4404,
        "end": 4460
      },
      "nameSpan": {
        "start": 4410,
        "end": 4427
      }
    },
    {
      "kind": "const",
      "name": "foreign_two_fifths",
      "span": {
        "start": 4463,
        "end": 4505
      },
      "nameSpan": {
        "start": 4469,
        "end": 4487
      }
    },
    {
      "kind": "const",
      "name": "foreign_five_slices",
      "span": {
        "start": 4508,
        "end": 4554
      },
      "nameSpan": {
        "start": 4514,
        "end": 4533
      }
    },
    {
      "kind": "const",
      "name": "foreign_proportion_gap",
      "span": {
        "start": 4557,
        "end": 4629
      },
      "nameSpan": {
        "start": 4563,
        "end": 4585
      }
    },
    {
      "kind": "policy",
      "name": "DutyTerms",
      "span": {
        "start": 4632,
        "end": 4788
      },
      "nameSpan": {
        "start": 4639,
        "end": 4648
      }
    },
    {
      "kind": "grant",
      "name": "EscrowAuthority",
      "span": {
        "start": 4791,
        "end": 5046
      },
      "nameSpan": {
        "start": 4797,
        "end": 4812
      }
    },
    {
      "kind": "party",
      "name": "StakerParty",
      "span": {
        "start": 5049,
        "end": 5119
      },
      "nameSpan": {
        "start": 5055,
        "end": 5066
      }
    },
    {
      "kind": "party",
      "name": "HolderParty",
      "span": {
        "start": 5122,
        "end": 5192
      },
      "nameSpan": {
        "start": 5128,
        "end": 5139
      }
    },
    {
      "kind": "observation",
      "name": "ClaimFix",
      "span": {
        "start": 5195,
        "end": 5462
      },
      "nameSpan": {
        "start": 5207,
        "end": 5215
      }
    },
    {
      "kind": "stage",
      "name": "EscrowLock",
      "span": {
        "start": 5465,
        "end": 6064
      },
      "nameSpan": {
        "start": 5471,
        "end": 5481
      }
    },
    {
      "kind": "stage",
      "name": "ClaimDuty",
      "span": {
        "start": 6067,
        "end": 6670
      },
      "nameSpan": {
        "start": 6073,
        "end": 6082
      }
    },
    {
      "kind": "stage",
      "name": "HomeUnbondDuty",
      "span": {
        "start": 6673,
        "end": 7275
      },
      "nameSpan": {
        "start": 6679,
        "end": 6693
      }
    },
    {
      "kind": "stage",
      "name": "ForeignUnbondDuty",
      "span": {
        "start": 7278,
        "end": 7901
      },
      "nameSpan": {
        "start": 7284,
        "end": 7301
      }
    },
    {
      "kind": "episode",
      "name": "BridgeThenStake",
      "span": {
        "start": 7904,
        "end": 8461
      },
      "nameSpan": {
        "start": 7912,
        "end": 7927
      }
    },
    {
      "kind": "intent",
      "name": "LockRail",
      "span": {
        "start": 8464,
        "end": 9332
      },
      "nameSpan": {
        "start": 8471,
        "end": 8479
      }
    },
    {
      "kind": "intent",
      "name": "TakeClaim",
      "span": {
        "start": 9335,
        "end": 10242
      },
      "nameSpan": {
        "start": 9342,
        "end": 9351
      }
    },
    {
      "kind": "intent",
      "name": "RecoverRail",
      "span": {
        "start": 10245,
        "end": 11064
      },
      "nameSpan": {
        "start": 10252,
        "end": 10263
      }
    },
    {
      "kind": "intent",
      "name": "StakeHome",
      "span": {
        "start": 11067,
        "end": 11808
      },
      "nameSpan": {
        "start": 11074,
        "end": 11083
      }
    },
    {
      "kind": "intent",
      "name": "RewardHome",
      "span": {
        "start": 11811,
        "end": 12430
      },
      "nameSpan": {
        "start": 11818,
        "end": 11828
      }
    },
    {
      "kind": "intent",
      "name": "SlashHome",
      "span": {
        "start": 12433,
        "end": 13032
      },
      "nameSpan": {
        "start": 12440,
        "end": 12449
      }
    },
    {
      "kind": "intent",
      "name": "UnbondHome",
      "span": {
        "start": 13035,
        "end": 13672
      },
      "nameSpan": {
        "start": 13042,
        "end": 13052
      }
    },
    {
      "kind": "intent",
      "name": "WithdrawHome",
      "span": {
        "start": 13675,
        "end": 14414
      },
      "nameSpan": {
        "start": 13682,
        "end": 13694
      }
    },
    {
      "kind": "intent",
      "name": "StakeForeign",
      "span": {
        "start": 14417,
        "end": 15212
      },
      "nameSpan": {
        "start": 14424,
        "end": 14436
      }
    },
    {
      "kind": "intent",
      "name": "RewardForeign",
      "span": {
        "start": 15215,
        "end": 15903
      },
      "nameSpan": {
        "start": 15222,
        "end": 15235
      }
    },
    {
      "kind": "intent",
      "name": "SlashForeign",
      "span": {
        "start": 15906,
        "end": 16496
      },
      "nameSpan": {
        "start": 15913,
        "end": 15925
      }
    },
    {
      "kind": "intent",
      "name": "UnbondForeign",
      "span": {
        "start": 16499,
        "end": 17109
      },
      "nameSpan": {
        "start": 16506,
        "end": 16519
      }
    },
    {
      "kind": "intent",
      "name": "WithdrawForeign",
      "span": {
        "start": 17112,
        "end": 17886
      },
      "nameSpan": {
        "start": 17119,
        "end": 17134
      }
    }
  ],
  "actions": [
    {
      "name": "escrow_home",
      "intent": "LockRail",
      "span": {
        "start": 17889,
        "end": 17922
      },
      "nameSpan": {
        "start": 17896,
        "end": 17907
      },
      "support": "SpecifiedOnly",
      "coverage": {
        "syntax": "Checked",
        "names": "Checked",
        "quantities": "Checked",
        "financialRelations": "Open",
        "localPreparation": "Unsupported"
      }
    },
    {
      "name": "claim_foreign",
      "intent": "TakeClaim",
      "span": {
        "start": 17925,
        "end": 17961
      },
      "nameSpan": {
        "start": 17932,
        "end": 17945
      },
      "support": "SpecifiedOnly",
      "coverage": {
        "syntax": "Checked",
        "names": "Checked",
        "quantities": "Checked",
        "financialRelations": "Open",
        "localPreparation": "Unsupported"
      }
    },
    {
      "name": "recover_home",
      "intent": "RecoverRail",
      "span": {
        "start": 17964,
        "end": 18001
      },
      "nameSpan": {
        "start": 17971,
        "end": 17983
      },
      "support": "SpecifiedOnly",
      "coverage": {
        "syntax": "Checked",
        "names": "Checked",
        "quantities": "Checked",
        "financialRelations": "Open",
        "localPreparation": "Unsupported"
      }
    },
    {
      "name": "deposit_home",
      "intent": "StakeHome",
      "span": {
        "start": 18004,
        "end": 18039
      },
      "nameSpan": {
        "start": 18011,
        "end": 18023
      },
      "support": "SpecifiedOnly",
      "coverage": {
        "syntax": "Checked",
        "names": "Checked",
        "quantities": "Checked",
        "financialRelations": "Open",
        "localPreparation": "Unsupported"
      }
    },
    {
      "name": "reward_home",
      "intent": "RewardHome",
      "span": {
        "start": 18042,
        "end": 18077
      },
      "nameSpan": {
        "start": 18049,
        "end": 18060
      },
      "support": "SpecifiedOnly",
      "coverage": {
        "syntax": "Checked",
        "names": "Checked",
        "quantities": "Checked",
        "financialRelations": "Open",
        "localPreparation": "Unsupported"
      }
    },
    {
      "name": "slash_home",
      "intent": "SlashHome",
      "span": {
        "start": 18080,
        "end": 18113
      },
      "nameSpan": {
        "start": 18087,
        "end": 18097
      },
      "support": "SpecifiedOnly",
      "coverage": {
        "syntax": "Checked",
        "names": "Checked",
        "quantities": "Checked",
        "financialRelations": "Open",
        "localPreparation": "Unsupported"
      }
    },
    {
      "name": "unbond_home",
      "intent": "UnbondHome",
      "span": {
        "start": 18116,
        "end": 18151
      },
      "nameSpan": {
        "start": 18123,
        "end": 18134
      },
      "support": "SpecifiedOnly",
      "coverage": {
        "syntax": "Checked",
        "names": "Checked",
        "quantities": "Checked",
        "financialRelations": "Open",
        "localPreparation": "Unsupported"
      }
    },
    {
      "name": "withdraw_home",
      "intent": "WithdrawHome",
      "span": {
        "start": 18154,
        "end": 18193
      },
      "nameSpan": {
        "start": 18161,
        "end": 18174
      },
      "support": "SpecifiedOnly",
      "coverage": {
        "syntax": "Checked",
        "names": "Checked",
        "quantities": "Checked",
        "financialRelations": "Open",
        "localPreparation": "Unsupported"
      }
    },
    {
      "name": "deposit_foreign",
      "intent": "StakeForeign",
      "span": {
        "start": 18196,
        "end": 18237
      },
      "nameSpan": {
        "start": 18203,
        "end": 18218
      },
      "support": "SpecifiedOnly",
      "coverage": {
        "syntax": "Checked",
        "names": "Checked",
        "quantities": "Checked",
        "financialRelations": "Open",
        "localPreparation": "Unsupported"
      }
    },
    {
      "name": "reward_foreign",
      "intent": "RewardForeign",
      "span": {
        "start": 18240,
        "end": 18281
      },
      "nameSpan": {
        "start": 18247,
        "end": 18261
      },
      "support": "SpecifiedOnly",
      "coverage": {
        "syntax": "Checked",
        "names": "Checked",
        "quantities": "Checked",
        "financialRelations": "Open",
        "localPreparation": "Unsupported"
      }
    },
    {
      "name": "slash_foreign",
      "intent": "SlashForeign",
      "span": {
        "start": 18284,
        "end": 18323
      },
      "nameSpan": {
        "start": 18291,
        "end": 18304
      },
      "support": "SpecifiedOnly",
      "coverage": {
        "syntax": "Checked",
        "names": "Checked",
        "quantities": "Checked",
        "financialRelations": "Open",
        "localPreparation": "Unsupported"
      }
    },
    {
      "name": "unbond_foreign",
      "intent": "UnbondForeign",
      "span": {
        "start": 18326,
        "end": 18367
      },
      "nameSpan": {
        "start": 18333,
        "end": 18347
      },
      "support": "SpecifiedOnly",
      "coverage": {
        "syntax": "Checked",
        "names": "Checked",
        "quantities": "Checked",
        "financialRelations": "Open",
        "localPreparation": "Unsupported"
      }
    },
    {
      "name": "withdraw_foreign",
      "intent": "WithdrawForeign",
      "span": {
        "start": 18370,
        "end": 18415
      },
      "nameSpan": {
        "start": 18377,
        "end": 18393
      },
      "support": "SpecifiedOnly",
      "coverage": {
        "syntax": "Checked",
        "names": "Checked",
        "quantities": "Checked",
        "financialRelations": "Open",
        "localPreparation": "Unsupported"
      }
    }
  ],
  "references": [
    {
      "name": "HomeRail",
      "useSpan": {
        "start": 1283,
        "end": 1291
      },
      "declarationSpan": {
        "start": 1045,
        "end": 1142
      }
    },
    {
      "name": "HomeRail",
      "useSpan": {
        "start": 1360,
        "end": 1368
      },
      "declarationSpan": {
        "start": 1045,
        "end": 1142
      }
    },
    {
      "name": "HomeRail",
      "useSpan": {
        "start": 1437,
        "end": 1445
      },
      "declarationSpan": {
        "start": 1045,
        "end": 1142
      }
    },
    {
      "name": "ForeignClaim",
      "useSpan": {
        "start": 1510,
        "end": 1522
      },
      "declarationSpan": {
        "start": 1145,
        "end": 1249
      }
    },
    {
      "name": "ForeignClaim",
      "useSpan": {
        "start": 1589,
        "end": 1601
      },
      "declarationSpan": {
        "start": 1145,
        "end": 1249
      }
    },
    {
      "name": "ForeignClaim",
      "useSpan": {
        "start": 1676,
        "end": 1688
      },
      "declarationSpan": {
        "start": 1145,
        "end": 1249
      }
    },
    {
      "name": "HomeRail",
      "useSpan": {
        "start": 1755,
        "end": 1763
      },
      "declarationSpan": {
        "start": 1045,
        "end": 1142
      }
    },
    {
      "name": "ForeignClaim",
      "useSpan": {
        "start": 1896,
        "end": 1908
      },
      "declarationSpan": {
        "start": 1145,
        "end": 1249
      }
    },
    {
      "name": "HomeRail",
      "useSpan": {
        "start": 2051,
        "end": 2059
      },
      "declarationSpan": {
        "start": 1045,
        "end": 1142
      }
    },
    {
      "name": "RailUSD",
      "useSpan": {
        "start": 2100,
        "end": 2107
      },
      "declarationSpan": {
        "start": 1725,
        "end": 1862
      }
    },
    {
      "name": "ForeignClaim",
      "useSpan": {
        "start": 2157,
        "end": 2169
      },
      "declarationSpan": {
        "start": 1145,
        "end": 1249
      }
    },
    {
      "name": "ClaimUSD",
      "useSpan": {
        "start": 2211,
        "end": 2219
      },
      "declarationSpan": {
        "start": 1865,
        "end": 2009
      }
    },
    {
      "name": "partial_share_atoms",
      "useSpan": {
        "start": 2478,
        "end": 2497
      },
      "declarationSpan": {
        "start": 2339,
        "end": 2382
      }
    },
    {
      "name": "full_share_atoms",
      "useSpan": {
        "start": 2531,
        "end": 2547
      },
      "declarationSpan": {
        "start": 2296,
        "end": 2336
      }
    },
    {
      "name": "share_ratio_right",
      "useSpan": {
        "start": 2579,
        "end": 2596
      },
      "declarationSpan": {
        "start": 2505,
        "end": 2552
      }
    },
    {
      "name": "share_ratio_left",
      "useSpan": {
        "start": 2599,
        "end": 2615
      },
      "declarationSpan": {
        "start": 2453,
        "end": 2502
      }
    },
    {
      "name": "claim_face_atom_count",
      "useSpan": {
        "start": 2811,
        "end": 2832
      },
      "declarationSpan": {
        "start": 2666,
        "end": 2716
      }
    },
    {
      "name": "rail_face_atom_count",
      "useSpan": {
        "start": 2835,
        "end": 2855
      },
      "declarationSpan": {
        "start": 2619,
        "end": 2663
      }
    },
    {
      "name": "RailUSD",
      "useSpan": {
        "start": 2900,
        "end": 2907
      },
      "declarationSpan": {
        "start": 1725,
        "end": 1862
      }
    },
    {
      "name": "RailUSD",
      "useSpan": {
        "start": 2882,
        "end": 2889
      },
      "declarationSpan": {
        "start": 1725,
        "end": 1862
      }
    },
    {
      "name": "RailUSD",
      "useSpan": {
        "start": 2962,
        "end": 2969
      },
      "declarationSpan": {
        "start": 1725,
        "end": 1862
      }
    },
    {
      "name": "RailUSD",
      "useSpan": {
        "start": 2938,
        "end": 2945
      },
      "declarationSpan": {
        "start": 1725,
        "end": 1862
      }
    },
    {
      "name": "escrow_face",
      "useSpan": {
        "start": 3011,
        "end": 3022
      },
      "declarationSpan": {
        "start": 2859,
        "end": 2908
      }
    },
    {
      "name": "home_face_atoms",
      "useSpan": {
        "start": 3025,
        "end": 3040
      },
      "declarationSpan": {
        "start": 2911,
        "end": 2986
      }
    },
    {
      "name": "RailUSD",
      "useSpan": {
        "start": 3084,
        "end": 3091
      },
      "declarationSpan": {
        "start": 1725,
        "end": 1862
      }
    },
    {
      "name": "RailUSD",
      "useSpan": {
        "start": 3068,
        "end": 3075
      },
      "declarationSpan": {
        "start": 1725,
        "end": 1862
      }
    },
    {
      "name": "RailUSD",
      "useSpan": {
        "start": 3134,
        "end": 3141
      },
      "declarationSpan": {
        "start": 1725,
        "end": 1862
      }
    },
    {
      "name": "RailUSD",
      "useSpan": {
        "start": 3118,
        "end": 3125
      },
      "declarationSpan": {
        "start": 1725,
        "end": 1862
      }
    },
    {
      "name": "reward_slice",
      "useSpan": {
        "start": 3170,
        "end": 3182
      },
      "declarationSpan": {
        "start": 3044,
        "end": 3092
      }
    },
    {
      "name": "slash_slice",
      "useSpan": {
        "start": 3185,
        "end": 3196
      },
      "declarationSpan": {
        "start": 3095,
        "end": 3142
      }
    },
    {
      "name": "RailUSD",
      "useSpan": {
        "start": 3241,
        "end": 3248
      },
      "declarationSpan": {
        "start": 1725,
        "end": 1862
      }
    },
    {
      "name": "RailUSD",
      "useSpan": {
        "start": 3225,
        "end": 3232
      },
      "declarationSpan": {
        "start": 1725,
        "end": 1862
      }
    },
    {
      "name": "reward_stated",
      "useSpan": {
        "start": 3271,
        "end": 3284
      },
      "declarationSpan": {
        "start": 3200,
        "end": 3249
      }
    },
    {
      "name": "reward_and_slash",
      "useSpan": {
        "start": 3287,
        "end": 3303
      },
      "declarationSpan": {
        "start": 3145,
        "end": 3197
      }
    },
    {
      "name": "RailUSD",
      "useSpan": {
        "start": 3355,
        "end": 3362
      },
      "declarationSpan": {
        "start": 1725,
        "end": 1862
      }
    },
    {
      "name": "RailUSD",
      "useSpan": {
        "start": 3337,
        "end": 3344
      },
      "declarationSpan": {
        "start": 1725,
        "end": 1862
      }
    },
    {
      "name": "RailUSD",
      "useSpan": {
        "start": 3409,
        "end": 3416
      },
      "declarationSpan": {
        "start": 1725,
        "end": 1862
      }
    },
    {
      "name": "RailUSD",
      "useSpan": {
        "start": 3392,
        "end": 3399
      },
      "declarationSpan": {
        "start": 1725,
        "end": 1862
      }
    },
    {
      "name": "proportional_slice",
      "useSpan": {
        "start": 3438,
        "end": 3456
      },
      "declarationSpan": {
        "start": 3307,
        "end": 3363
      }
    },
    {
      "name": "withdraw_floor",
      "useSpan": {
        "start": 3459,
        "end": 3473
      },
      "declarationSpan": {
        "start": 3366,
        "end": 3417
      }
    },
    {
      "name": "escrow_face",
      "useSpan": {
        "start": 3501,
        "end": 3512
      },
      "declarationSpan": {
        "start": 2859,
        "end": 2908
      }
    },
    {
      "name": "proportional_slice",
      "useSpan": {
        "start": 3545,
        "end": 3563
      },
      "declarationSpan": {
        "start": 3307,
        "end": 3363
      }
    },
    {
      "name": "home_five_slices",
      "useSpan": {
        "start": 3599,
        "end": 3615
      },
      "declarationSpan": {
        "start": 3520,
        "end": 3568
      }
    },
    {
      "name": "home_two_fifths",
      "useSpan": {
        "start": 3618,
        "end": 3633
      },
      "declarationSpan": {
        "start": 3477,
        "end": 3517
      }
    },
    {
      "name": "withdraw_floor",
      "useSpan": {
        "start": 3671,
        "end": 3685
      },
      "declarationSpan": {
        "start": 3366,
        "end": 3417
      }
    },
    {
      "name": "proportional_slice",
      "useSpan": {
        "start": 3690,
        "end": 3708
      },
      "declarationSpan": {
        "start": 3307,
        "end": 3363
      }
    },
    {
      "name": "tighter_home_floor",
      "useSpan": {
        "start": 3733,
        "end": 3751
      },
      "declarationSpan": {
        "start": 3637,
        "end": 3710
      }
    },
    {
      "name": "withdraw_floor",
      "useSpan": {
        "start": 3754,
        "end": 3768
      },
      "declarationSpan": {
        "start": 3366,
        "end": 3417
      }
    },
    {
      "name": "ClaimUSD",
      "useSpan": {
        "start": 3817,
        "end": 3825
      },
      "declarationSpan": {
        "start": 1865,
        "end": 2009
      }
    },
    {
      "name": "ClaimUSD",
      "useSpan": {
        "start": 3794,
        "end": 3802
      },
      "declarationSpan": {
        "start": 1865,
        "end": 2009
      }
    },
    {
      "name": "ClaimUSD",
      "useSpan": {
        "start": 3877,
        "end": 3885
      },
      "declarationSpan": {
        "start": 1865,
        "end": 2009
      }
    },
    {
      "name": "ClaimUSD",
      "useSpan": {
        "start": 3852,
        "end": 3860
      },
      "declarationSpan": {
        "start": 1865,
        "end": 2009
      }
    },
    {
      "name": "claim_face",
      "useSpan": {
        "start": 3928,
        "end": 3938
      },
      "declarationSpan": {
        "start": 3772,
        "end": 3826
      }
    },
    {
      "name": "claim_atoms",
      "useSpan": {
        "start": 3941,
        "end": 3952
      },
      "declarationSpan": {
        "start": 3829,
        "end": 3907
      }
    },
    {
      "name": "ClaimUSD",
      "useSpan": {
        "start": 4003,
        "end": 4011
      },
      "declarationSpan": {
        "start": 1865,
        "end": 2009
      }
    },
    {
      "name": "ClaimUSD",
      "useSpan": {
        "start": 3982,
        "end": 3990
      },
      "declarationSpan": {
        "start": 1865,
        "end": 2009
      }
    },
    {
      "name": "ClaimUSD",
      "useSpan": {
        "start": 4061,
        "end": 4069
      },
      "declarationSpan": {
        "start": 1865,
        "end": 2009
      }
    },
    {
      "name": "ClaimUSD",
      "useSpan": {
        "start": 4040,
        "end": 4048
      },
      "declarationSpan": {
        "start": 1865,
        "end": 2009
      }
    },
    {
      "name": "foreign_reward",
      "useSpan": {
        "start": 4106,
        "end": 4120
      },
      "declarationSpan": {
        "start": 3956,
        "end": 4012
      }
    },
    {
      "name": "foreign_slash",
      "useSpan": {
        "start": 4123,
        "end": 4136
      },
      "declarationSpan": {
        "start": 4015,
        "end": 4070
      }
    },
    {
      "name": "ClaimUSD",
      "useSpan": {
        "start": 4194,
        "end": 4202
      },
      "declarationSpan": {
        "start": 1865,
        "end": 2009
      }
    },
    {
      "name": "ClaimUSD",
      "useSpan": {
        "start": 4173,
        "end": 4181
      },
      "declarationSpan": {
        "start": 1865,
        "end": 2009
      }
    },
    {
      "name": "foreign_reward_stated",
      "useSpan": {
        "start": 4233,
        "end": 4254
      },
      "declarationSpan": {
        "start": 4140,
        "end": 4203
      }
    },
    {
      "name": "foreign_reward_and_slash",
      "useSpan": {
        "start": 4257,
        "end": 4281
      },
      "declarationSpan": {
        "start": 4073,
        "end": 4137
      }
    },
    {
      "name": "ClaimUSD",
      "useSpan": {
        "start": 4333,
        "end": 4341
      },
      "declarationSpan": {
        "start": 1865,
        "end": 2009
      }
    },
    {
      "name": "ClaimUSD",
      "useSpan": {
        "start": 4310,
        "end": 4318
      },
      "declarationSpan": {
        "start": 1865,
        "end": 2009
      }
    },
    {
      "name": "ClaimUSD",
      "useSpan": {
        "start": 4392,
        "end": 4400
      },
      "declarationSpan": {
        "start": 1865,
        "end": 2009
      }
    },
    {
      "name": "ClaimUSD",
      "useSpan": {
        "start": 4370,
        "end": 4378
      },
      "declarationSpan": {
        "start": 1865,
        "end": 2009
      }
    },
    {
      "name": "foreign_slice",
      "useSpan": {
        "start": 4430,
        "end": 4443
      },
      "declarationSpan": {
        "start": 4285,
        "end": 4342
      }
    },
    {
      "name": "foreign_floor",
      "useSpan": {
        "start": 4446,
        "end": 4459
      },
      "declarationSpan": {
        "start": 4345,
        "end": 4401
      }
    },
    {
      "name": "claim_face",
      "useSpan": {
        "start": 4490,
        "end": 4500
      },
      "declarationSpan": {
        "start": 3772,
        "end": 3826
      }
    },
    {
      "name": "foreign_slice",
      "useSpan": {
        "start": 4536,
        "end": 4549
      },
      "declarationSpan": {
        "start": 4285,
        "end": 4342
      }
    },
    {
      "name": "foreign_five_slices",
      "useSpan": {
        "start": 4588,
        "end": 4607
      },
      "declarationSpan": {
        "start": 4508,
        "end": 4554
      }
    },
    {
      "name": "foreign_two_fifths",
      "useSpan": {
        "start": 4610,
        "end": 4628
      },
      "declarationSpan": {
        "start": 4463,
        "end": 4505
      }
    },
    {
      "name": "Custodian",
      "useSpan": {
        "start": 4829,
        "end": 4838
      },
      "declarationSpan": {
        "start": 1326,
        "end": 1399
      }
    },
    {
      "name": "window_close",
      "useSpan": {
        "start": 4885,
        "end": 4897
      },
      "declarationSpan": {
        "start": 2261,
        "end": 2293
      }
    },
    {
      "name": "escrow_face",
      "useSpan": {
        "start": 4941,
        "end": 4952
      },
      "declarationSpan": {
        "start": 2859,
        "end": 2908
      }
    },
    {
      "name": "Staker",
      "useSpan": {
        "start": 4987,
        "end": 4993
      },
      "declarationSpan": {
        "start": 1252,
        "end": 1323
      }
    },
    {
      "name": "Staker",
      "useSpan": {
        "start": 5108,
        "end": 5114
      },
      "declarationSpan": {
        "start": 1252,
        "end": 1323
      }
    },
    {
      "name": "Holder",
      "useSpan": {
        "start": 5181,
        "end": 5187
      },
      "declarationSpan": {
        "start": 1479,
        "end": 1550
      }
    },
    {
      "name": "ForeignClaim",
      "useSpan": {
        "start": 5232,
        "end": 5244
      },
      "declarationSpan": {
        "start": 1145,
        "end": 1249
      }
    },
    {
      "name": "window_open",
      "useSpan": {
        "start": 5355,
        "end": 5366
      },
      "declarationSpan": {
        "start": 2227,
        "end": 2258
      }
    },
    {
      "name": "HomeRail",
      "useSpan": {
        "start": 5498,
        "end": 5506
      },
      "declarationSpan": {
        "start": 1045,
        "end": 1142
      }
    },
    {
      "name": "escrow_face",
      "useSpan": {
        "start": 5661,
        "end": 5672
      },
      "declarationSpan": {
        "start": 2859,
        "end": 2908
      }
    },
    {
      "name": "ForeignClaim",
      "useSpan": {
        "start": 6099,
        "end": 6111
      },
      "declarationSpan": {
        "start": 1145,
        "end": 1249
      }
    },
    {
      "name": "claim_face",
      "useSpan": {
        "start": 6256,
        "end": 6266
      },
      "declarationSpan": {
        "start": 3772,
        "end": 3826
      }
    },
    {
      "name": "HomeRail",
      "useSpan": {
        "start": 6710,
        "end": 6718
      },
      "declarationSpan": {
        "start": 1045,
        "end": 1142
      }
    },
    {
      "name": "proportional_slice",
      "useSpan": {
        "start": 6870,
        "end": 6888
      },
      "declarationSpan": {
        "start": 3307,
        "end": 3363
      }
    },
    {
      "name": "ForeignClaim",
      "useSpan": {
        "start": 7318,
        "end": 7330
      },
      "declarationSpan": {
        "start": 1145,
        "end": 1249
      }
    },
    {
      "name": "foreign_slice",
      "useSpan": {
        "start": 7477,
        "end": 7490
      },
      "declarationSpan": {
        "start": 4285,
        "end": 4342
      }
    },
    {
      "name": "EscrowLock",
      "useSpan": {
        "start": 7974,
        "end": 7984
      },
      "declarationSpan": {
        "start": 5465,
        "end": 6064
      }
    },
    {
      "name": "ClaimDuty",
      "useSpan": {
        "start": 7990,
        "end": 7999
      },
      "declarationSpan": {
        "start": 6067,
        "end": 6670
      }
    },
    {
      "name": "HomeUnbondDuty",
      "useSpan": {
        "start": 8005,
        "end": 8019
      },
      "declarationSpan": {
        "start": 6673,
        "end": 7275
      }
    },
    {
      "name": "ForeignUnbondDuty",
      "useSpan": {
        "start": 8025,
        "end": 8042
      },
      "declarationSpan": {
        "start": 7278,
        "end": 7901
      }
    },
    {
      "name": "EscrowAuthority",
      "useSpan": {
        "start": 8441,
        "end": 8456
      },
      "declarationSpan": {
        "start": 4791,
        "end": 5046
      }
    },
    {
      "name": "HomeRail",
      "useSpan": {
        "start": 8496,
        "end": 8504
      },
      "declarationSpan": {
        "start": 1045,
        "end": 1142
      }
    },
    {
      "name": "RailUSD",
      "useSpan": {
        "start": 8517,
        "end": 8524
      },
      "declarationSpan": {
        "start": 1725,
        "end": 1862
      }
    },
    {
      "name": "Staker",
      "useSpan": {
        "start": 8538,
        "end": 8544
      },
      "declarationSpan": {
        "start": 1252,
        "end": 1323
      }
    },
    {
      "name": "DutyTerms",
      "useSpan": {
        "start": 8558,
        "end": 8567
      },
      "declarationSpan": {
        "start": 4632,
        "end": 4788
      }
    },
    {
      "name": "EscrowAuthority",
      "useSpan": {
        "start": 8584,
        "end": 8599
      },
      "declarationSpan": {
        "start": 4791,
        "end": 5046
      }
    },
    {
      "name": "HomeRail",
      "useSpan": {
        "start": 8627,
        "end": 8635
      },
      "declarationSpan": {
        "start": 1045,
        "end": 1142
      }
    },
    {
      "name": "window_open",
      "useSpan": {
        "start": 8647,
        "end": 8658
      },
      "declarationSpan": {
        "start": 2227,
        "end": 2258
      }
    },
    {
      "name": "window_close",
      "useSpan": {
        "start": 8668,
        "end": 8680
      },
      "declarationSpan": {
        "start": 2261,
        "end": 2293
      }
    },
    {
      "name": "escrow_face",
      "useSpan": {
        "start": 8698,
        "end": 8709
      },
      "declarationSpan": {
        "start": 2859,
        "end": 2908
      }
    },
    {
      "name": "home_face_gap",
      "useSpan": {
        "start": 8724,
        "end": 8737
      },
      "declarationSpan": {
        "start": 2989,
        "end": 3041
      }
    },
    {
      "name": "escrow_face",
      "useSpan": {
        "start": 8754,
        "end": 8765
      },
      "declarationSpan": {
        "start": 2859,
        "end": 2908
      }
    },
    {
      "name": "Staker",
      "useSpan": {
        "start": 9232,
        "end": 9238
      },
      "declarationSpan": {
        "start": 1252,
        "end": 1323
      }
    },
    {
      "name": "escrow_face",
      "useSpan": {
        "start": 9252,
        "end": 9263
      },
      "declarationSpan": {
        "start": 2859,
        "end": 2908
      }
    },
    {
      "name": "ForeignClaim",
      "useSpan": {
        "start": 9282,
        "end": 9294
      },
      "declarationSpan": {
        "start": 1145,
        "end": 1249
      }
    },
    {
      "name": "ForeignClaim",
      "useSpan": {
        "start": 9368,
        "end": 9380
      },
      "declarationSpan": {
        "start": 1145,
        "end": 1249
      }
    },
    {
      "name": "ClaimUSD",
      "useSpan": {
        "start": 9393,
        "end": 9401
      },
      "declarationSpan": {
        "start": 1865,
        "end": 2009
      }
    },
    {
      "name": "Holder",
      "useSpan": {
        "start": 9415,
        "end": 9421
      },
      "declarationSpan": {
        "start": 1479,
        "end": 1550
      }
    },
    {
      "name": "DutyTerms",
      "useSpan": {
        "start": 9435,
        "end": 9444
      },
      "declarationSpan": {
        "start": 4632,
        "end": 4788
      }
    },
    {
      "name": "ForeignClaim",
      "useSpan": {
        "start": 9516,
        "end": 9528
      },
      "declarationSpan": {
        "start": 1145,
        "end": 1249
      }
    },
    {
      "name": "window_open",
      "useSpan": {
        "start": 9540,
        "end": 9551
      },
      "declarationSpan": {
        "start": 2227,
        "end": 2258
      }
    },
    {
      "name": "window_close",
      "useSpan": {
        "start": 9561,
        "end": 9573
      },
      "declarationSpan": {
        "start": 2261,
        "end": 2293
      }
    },
    {
      "name": "claim_face",
      "useSpan": {
        "start": 9591,
        "end": 9601
      },
      "declarationSpan": {
        "start": 3772,
        "end": 3826
      }
    },
    {
      "name": "claim_gap",
      "useSpan": {
        "start": 9616,
        "end": 9625
      },
      "declarationSpan": {
        "start": 3910,
        "end": 3953
      }
    },
    {
      "name": "claim_face",
      "useSpan": {
        "start": 9642,
        "end": 9652
      },
      "declarationSpan": {
        "start": 3772,
        "end": 3826
      }
    },
    {
      "name": "Holder",
      "useSpan": {
        "start": 10152,
        "end": 10158
      },
      "declarationSpan": {
        "start": 1479,
        "end": 1550
      }
    },
    {
      "name": "claim_face",
      "useSpan": {
        "start": 10172,
        "end": 10182
      },
      "declarationSpan": {
        "start": 3772,
        "end": 3826
      }
    },
    {
      "name": "HomeRail",
      "useSpan": {
        "start": 10196,
        "end": 10204
      },
      "declarationSpan": {
        "start": 1045,
        "end": 1142
      }
    },
    {
      "name": "HomeRail",
      "useSpan": {
        "start": 10280,
        "end": 10288
      },
      "declarationSpan": {
        "start": 1045,
        "end": 1142
      }
    },
    {
      "name": "RailUSD",
      "useSpan": {
        "start": 10301,
        "end": 10308
      },
      "declarationSpan": {
        "start": 1725,
        "end": 1862
      }
    },
    {
      "name": "Staker",
      "useSpan": {
        "start": 10322,
        "end": 10328
      },
      "declarationSpan": {
        "start": 1252,
        "end": 1323
      }
    },
    {
      "name": "DutyTerms",
      "useSpan": {
        "start": 10342,
        "end": 10351
      },
      "declarationSpan": {
        "start": 4632,
        "end": 4788
      }
    },
    {
      "name": "EscrowAuthority",
      "useSpan": {
        "start": 10368,
        "end": 10383
      },
      "declarationSpan": {
        "start": 4791,
        "end": 5046
      }
    },
    {
      "name": "HomeRail",
      "useSpan": {
        "start": 10411,
        "end": 10419
      },
      "declarationSpan": {
        "start": 1045,
        "end": 1142
      }
    },
    {
      "name": "window_open",
      "useSpan": {
        "start": 10431,
        "end": 10442
      },
      "declarationSpan": {
        "start": 2227,
        "end": 2258
      }
    },
    {
      "name": "window_close",
      "useSpan": {
        "start": 10452,
        "end": 10464
      },
      "declarationSpan": {
        "start": 2261,
        "end": 2293
      }
    },
    {
      "name": "window_close",
      "useSpan": {
        "start": 10487,
        "end": 10499
      },
      "declarationSpan": {
        "start": 2261,
        "end": 2293
      }
    },
    {
      "name": "escrow_face",
      "useSpan": {
        "start": 10516,
        "end": 10527
      },
      "declarationSpan": {
        "start": 2859,
        "end": 2908
      }
    },
    {
      "name": "RailUSD",
      "useSpan": {
        "start": 10547,
        "end": 10554
      },
      "declarationSpan": {
        "start": 1725,
        "end": 1862
      }
    },
    {
      "name": "escrow_face",
      "useSpan": {
        "start": 10571,
        "end": 10582
      },
      "declarationSpan": {
        "start": 2859,
        "end": 2908
      }
    },
    {
      "name": "Staker",
      "useSpan": {
        "start": 10995,
        "end": 11001
      },
      "declarationSpan": {
        "start": 1252,
        "end": 1323
      }
    },
    {
      "name": "escrow_face",
      "useSpan": {
        "start": 11015,
        "end": 11026
      },
      "declarationSpan": {
        "start": 2859,
        "end": 2908
      }
    },
    {
      "name": "HomeRail",
      "useSpan": {
        "start": 11100,
        "end": 11108
      },
      "declarationSpan": {
        "start": 1045,
        "end": 1142
      }
    },
    {
      "name": "RailUSD",
      "useSpan": {
        "start": 11121,
        "end": 11128
      },
      "declarationSpan": {
        "start": 1725,
        "end": 1862
      }
    },
    {
      "name": "Staker",
      "useSpan": {
        "start": 11142,
        "end": 11148
      },
      "declarationSpan": {
        "start": 1252,
        "end": 1323
      }
    },
    {
      "name": "DutyTerms",
      "useSpan": {
        "start": 11162,
        "end": 11171
      },
      "declarationSpan": {
        "start": 4632,
        "end": 4788
      }
    },
    {
      "name": "HomeRail",
      "useSpan": {
        "start": 11199,
        "end": 11207
      },
      "declarationSpan": {
        "start": 1045,
        "end": 1142
      }
    },
    {
      "name": "window_open",
      "useSpan": {
        "start": 11219,
        "end": 11230
      },
      "declarationSpan": {
        "start": 2227,
        "end": 2258
      }
    },
    {
      "name": "window_close",
      "useSpan": {
        "start": 11240,
        "end": 11252
      },
      "declarationSpan": {
        "start": 2261,
        "end": 2293
      }
    },
    {
      "name": "escrow_face",
      "useSpan": {
        "start": 11270,
        "end": 11281
      },
      "declarationSpan": {
        "start": 2859,
        "end": 2908
      }
    },
    {
      "name": "RailUSD",
      "useSpan": {
        "start": 11301,
        "end": 11308
      },
      "declarationSpan": {
        "start": 1725,
        "end": 1862
      }
    },
    {
      "name": "escrow_face",
      "useSpan": {
        "start": 11325,
        "end": 11336
      },
      "declarationSpan": {
        "start": 2859,
        "end": 2908
      }
    },
    {
      "name": "Staker",
      "useSpan": {
        "start": 11746,
        "end": 11752
      },
      "declarationSpan": {
        "start": 1252,
        "end": 1323
      }
    },
    {
      "name": "HomeShares",
      "useSpan": {
        "start": 11766,
        "end": 11776
      },
      "declarationSpan": {
        "start": 2012,
        "end": 2112
      }
    },
    {
      "name": "escrow_face",
      "useSpan": {
        "start": 11791,
        "end": 11802
      },
      "declarationSpan": {
        "start": 2859,
        "end": 2908
      }
    },
    {
      "name": "HomeRail",
      "useSpan": {
        "start": 11845,
        "end": 11853
      },
      "declarationSpan": {
        "start": 1045,
        "end": 1142
      }
    },
    {
      "name": "RailUSD",
      "useSpan": {
        "start": 11866,
        "end": 11873
      },
      "declarationSpan": {
        "start": 1725,
        "end": 1862
      }
    },
    {
      "name": "DutyTerms",
      "useSpan": {
        "start": 11887,
        "end": 11896
      },
      "declarationSpan": {
        "start": 4632,
        "end": 4788
      }
    },
    {
      "name": "reward_stated",
      "useSpan": {
        "start": 11913,
        "end": 11926
      },
      "declarationSpan": {
        "start": 3200,
        "end": 3249
      }
    },
    {
      "name": "reward_gap",
      "useSpan": {
        "start": 11941,
        "end": 11951
      },
      "declarationSpan": {
        "start": 3252,
        "end": 3304
      }
    },
    {
      "name": "reward_slice",
      "useSpan": {
        "start": 11968,
        "end": 11980
      },
      "declarationSpan": {
        "start": 3044,
        "end": 3092
      }
    },
    {
      "name": "HomeShares",
      "useSpan": {
        "start": 12388,
        "end": 12398
      },
      "declarationSpan": {
        "start": 2012,
        "end": 2112
      }
    },
    {
      "name": "reward_slice",
      "useSpan": {
        "start": 12412,
        "end": 12424
      },
      "declarationSpan": {
        "start": 3044,
        "end": 3092
      }
    },
    {
      "name": "HomeRail",
      "useSpan": {
        "start": 12466,
        "end": 12474
      },
      "declarationSpan": {
        "start": 1045,
        "end": 1142
      }
    },
    {
      "name": "RailUSD",
      "useSpan": {
        "start": 12487,
        "end": 12494
      },
      "declarationSpan": {
        "start": 1725,
        "end": 1862
      }
    },
    {
      "name": "DutyTerms",
      "useSpan": {
        "start": 12508,
        "end": 12517
      },
      "declarationSpan": {
        "start": 4632,
        "end": 4788
      }
    },
    {
      "name": "slash_slice",
      "useSpan": {
        "start": 12534,
        "end": 12545
      },
      "declarationSpan": {
        "start": 3095,
        "end": 3142
      }
    },
    {
      "name": "slash_slice",
      "useSpan": {
        "start": 12562,
        "end": 12573
      },
      "declarationSpan": {
        "start": 3095,
        "end": 3142
      }
    },
    {
      "name": "HomeShares",
      "useSpan": {
        "start": 12991,
        "end": 13001
      },
      "declarationSpan": {
        "start": 2012,
        "end": 2112
      }
    },
    {
      "name": "slash_slice",
      "useSpan": {
        "start": 13015,
        "end": 13026
      },
      "declarationSpan": {
        "start": 3095,
        "end": 3142
      }
    },
    {
      "name": "HomeRail",
      "useSpan": {
        "start": 13069,
        "end": 13077
      },
      "declarationSpan": {
        "start": 1045,
        "end": 1142
      }
    },
    {
      "name": "RailUSD",
      "useSpan": {
        "start": 13090,
        "end": 13097
      },
      "declarationSpan": {
        "start": 1725,
        "end": 1862
      }
    },
    {
      "name": "Staker",
      "useSpan": {
        "start": 13111,
        "end": 13117
      },
      "declarationSpan": {
        "start": 1252,
        "end": 1323
      }
    },
    {
      "name": "DutyTerms",
      "useSpan": {
        "start": 13131,
        "end": 13140
      },
      "declarationSpan": {
        "start": 4632,
        "end": 4788
      }
    },
    {
      "name": "share_ratio_gap",
      "useSpan": {
        "start": 13308,
        "end": 13323
      },
      "declarationSpan": {
        "start": 2555,
        "end": 2616
      }
    },
    {
      "name": "Staker",
      "useSpan": {
        "start": 13598,
        "end": 13604
      },
      "declarationSpan": {
        "start": 1252,
        "end": 1323
      }
    },
    {
      "name": "HomeShares",
      "useSpan": {
        "start": 13618,
        "end": 13628
      },
      "declarationSpan": {
        "start": 2012,
        "end": 2112
      }
    },
    {
      "name": "partial_share_atoms",
      "useSpan": {
        "start": 13647,
        "end": 13666
      },
      "declarationSpan": {
        "start": 2339,
        "end": 2382
      }
    },
    {
      "name": "HomeRail",
      "useSpan": {
        "start": 13711,
        "end": 13719
      },
      "declarationSpan": {
        "start": 1045,
        "end": 1142
      }
    },
    {
      "name": "RailUSD",
      "useSpan": {
        "start": 13732,
        "end": 13739
      },
      "declarationSpan": {
        "start": 1725,
        "end": 1862
      }
    },
    {
      "name": "Staker",
      "useSpan": {
        "start": 13753,
        "end": 13759
      },
      "declarationSpan": {
        "start": 1252,
        "end": 1323
      }
    },
    {
      "name": "DutyTerms",
      "useSpan": {
        "start": 13773,
        "end": 13782
      },
      "declarationSpan": {
        "start": 4632,
        "end": 4788
      }
    },
    {
      "name": "proportional_slice",
      "useSpan": {
        "start": 13799,
        "end": 13817
      },
      "declarationSpan": {
        "start": 3307,
        "end": 3363
      }
    },
    {
      "name": "floor_gap",
      "useSpan": {
        "start": 13832,
        "end": 13841
      },
      "declarationSpan": {
        "start": 3420,
        "end": 3474
      }
    },
    {
      "name": "withdraw_floor",
      "useSpan": {
        "start": 13858,
        "end": 13872
      },
      "declarationSpan": {
        "start": 3366,
        "end": 3417
      }
    },
    {
      "name": "Staker",
      "useSpan": {
        "start": 14299,
        "end": 14305
      },
      "declarationSpan": {
        "start": 1252,
        "end": 1323
      }
    },
    {
      "name": "HomeShares",
      "useSpan": {
        "start": 14319,
        "end": 14329
      },
      "declarationSpan": {
        "start": 2012,
        "end": 2112
      }
    },
    {
      "name": "partial_share_atoms",
      "useSpan": {
        "start": 14348,
        "end": 14367
      },
      "declarationSpan": {
        "start": 2339,
        "end": 2382
      }
    },
    {
      "name": "tighter_home_floor",
      "useSpan": {
        "start": 14390,
        "end": 14408
      },
      "declarationSpan": {
        "start": 3637,
        "end": 3710
      }
    },
    {
      "name": "ForeignClaim",
      "useSpan": {
        "start": 14453,
        "end": 14465
      },
      "declarationSpan": {
        "start": 1145,
        "end": 1249
      }
    },
    {
      "name": "ClaimUSD",
      "useSpan": {
        "start": 14478,
        "end": 14486
      },
      "declarationSpan": {
        "start": 1865,
        "end": 2009
      }
    },
    {
      "name": "Holder",
      "useSpan": {
        "start": 14500,
        "end": 14506
      },
      "declarationSpan": {
        "start": 1479,
        "end": 1550
      }
    },
    {
      "name": "DutyTerms",
      "useSpan": {
        "start": 14520,
        "end": 14529
      },
      "declarationSpan": {
        "start": 4632,
        "end": 4788
      }
    },
    {
      "name": "ForeignClaim",
      "useSpan": {
        "start": 14601,
        "end": 14613
      },
      "declarationSpan": {
        "start": 1145,
        "end": 1249
      }
    },
    {
      "name": "window_open",
      "useSpan": {
        "start": 14625,
        "end": 14636
      },
      "declarationSpan": {
        "start": 2227,
        "end": 2258
      }
    },
    {
      "name": "window_close",
      "useSpan": {
        "start": 14646,
        "end": 14658
      },
      "declarationSpan": {
        "start": 2261,
        "end": 2293
      }
    },
    {
      "name": "claim_face",
      "useSpan": {
        "start": 14676,
        "end": 14686
      },
      "declarationSpan": {
        "start": 3772,
        "end": 3826
      }
    },
    {
      "name": "ClaimUSD",
      "useSpan": {
        "start": 14710,
        "end": 14718
      },
      "declarationSpan": {
        "start": 1865,
        "end": 2009
      }
    },
    {
      "name": "claim_face",
      "useSpan": {
        "start": 14735,
        "end": 14745
      },
      "declarationSpan": {
        "start": 3772,
        "end": 3826
      }
    },
    {
      "name": "Holder",
      "useSpan": {
        "start": 15148,
        "end": 15154
      },
      "declarationSpan": {
        "start": 1479,
        "end": 1550
      }
    },
    {
      "name": "ForeignShares",
      "useSpan": {
        "start": 15168,
        "end": 15181
      },
      "declarationSpan": {
        "start": 2115,
        "end": 2224
      }
    },
    {
      "name": "claim_face",
      "useSpan": {
        "start": 15196,
        "end": 15206
      },
      "declarationSpan": {
        "start": 3772,
        "end": 3826
      }
    },
    {
      "name": "ForeignClaim",
      "useSpan": {
        "start": 15252,
        "end": 15264
      },
      "declarationSpan": {
        "start": 1145,
        "end": 1249
      }
    },
    {
      "name": "ClaimUSD",
      "useSpan": {
        "start": 15277,
        "end": 15285
      },
      "declarationSpan": {
        "start": 1865,
        "end": 2009
      }
    },
    {
      "name": "DutyTerms",
      "useSpan": {
        "start": 15299,
        "end": 15308
      },
      "declarationSpan": {
        "start": 4632,
        "end": 4788
      }
    },
    {
      "name": "foreign_reward_stated",
      "useSpan": {
        "start": 15325,
        "end": 15346
      },
      "declarationSpan": {
        "start": 4140,
        "end": 4203
      }
    },
    {
      "name": "foreign_reward_gap",
      "useSpan": {
        "start": 15361,
        "end": 15379
      },
      "declarationSpan": {
        "start": 4206,
        "end": 4282
      }
    },
    {
      "name": "foreign_reward",
      "useSpan": {
        "start": 15396,
        "end": 15410
      },
      "declarationSpan": {
        "start": 3956,
        "end": 4012
      }
    },
    {
      "name": "ForeignShares",
      "useSpan": {
        "start": 15856,
        "end": 15869
      },
      "declarationSpan": {
        "start": 2115,
        "end": 2224
      }
    },
    {
      "name": "foreign_reward",
      "useSpan": {
        "start": 15883,
        "end": 15897
      },
      "declarationSpan": {
        "start": 3956,
        "end": 4012
      }
    },
    {
      "name": "ForeignClaim",
      "useSpan": {
        "start": 15942,
        "end": 15954
      },
      "declarationSpan": {
        "start": 1145,
        "end": 1249
      }
    },
    {
      "name": "ClaimUSD",
      "useSpan": {
        "start": 15967,
        "end": 15975
      },
      "declarationSpan": {
        "start": 1865,
        "end": 2009
      }
    },
    {
      "name": "DutyTerms",
      "useSpan": {
        "start": 15989,
        "end": 15998
      },
      "declarationSpan": {
        "start": 4632,
        "end": 4788
      }
    },
    {
      "name": "foreign_slash",
      "useSpan": {
        "start": 16015,
        "end": 16028
      },
      "declarationSpan": {
        "start": 4015,
        "end": 4070
      }
    },
    {
      "name": "foreign_slash",
      "useSpan": {
        "start": 16045,
        "end": 16058
      },
      "declarationSpan": {
        "start": 4015,
        "end": 4070
      }
    },
    {
      "name": "ForeignShares",
      "useSpan": {
        "start": 16450,
        "end": 16463
      },
      "declarationSpan": {
        "start": 2115,
        "end": 2224
      }
    },
    {
      "name": "foreign_slash",
      "useSpan": {
        "start": 16477,
        "end": 16490
      },
      "declarationSpan": {
        "start": 4015,
        "end": 4070
      }
    },
    {
      "name": "ForeignClaim",
      "useSpan": {
        "start": 16536,
        "end": 16548
      },
      "declarationSpan": {
        "start": 1145,
        "end": 1249
      }
    },
    {
      "name": "ClaimUSD",
      "useSpan": {
        "start": 16561,
        "end": 16569
      },
      "declarationSpan": {
        "start": 1865,
        "end": 2009
      }
    },
    {
      "name": "Holder",
      "useSpan": {
        "start": 16583,
        "end": 16589
      },
      "declarationSpan": {
        "start": 1479,
        "end": 1550
      }
    },
    {
      "name": "DutyTerms",
      "useSpan": {
        "start": 16603,
        "end": 16612
      },
      "declarationSpan": {
        "start": 4632,
        "end": 4788
      }
    },
    {
      "name": "Holder",
      "useSpan": {
        "start": 17032,
        "end": 17038
      },
      "declarationSpan": {
        "start": 1479,
        "end": 1550
      }
    },
    {
      "name": "ForeignShares",
      "useSpan": {
        "start": 17052,
        "end": 17065
      },
      "declarationSpan": {
        "start": 2115,
        "end": 2224
      }
    },
    {
      "name": "partial_share_atoms",
      "useSpan": {
        "start": 17084,
        "end": 17103
      },
      "declarationSpan": {
        "start": 2339,
        "end": 2382
      }
    },
    {
      "name": "ForeignClaim",
      "useSpan": {
        "start": 17151,
        "end": 17163
      },
      "declarationSpan": {
        "start": 1145,
        "end": 1249
      }
    },
    {
      "name": "ClaimUSD",
      "useSpan": {
        "start": 17176,
        "end": 17184
      },
      "declarationSpan": {
        "start": 1865,
        "end": 2009
      }
    },
    {
      "name": "Holder",
      "useSpan": {
        "start": 17198,
        "end": 17204
      },
      "declarationSpan": {
        "start": 1479,
        "end": 1550
      }
    },
    {
      "name": "DutyTerms",
      "useSpan": {
        "start": 17218,
        "end": 17227
      },
      "declarationSpan": {
        "start": 4632,
        "end": 4788
      }
    },
    {
      "name": "foreign_slice",
      "useSpan": {
        "start": 17244,
        "end": 17257
      },
      "declarationSpan": {
        "start": 4285,
        "end": 4342
      }
    },
    {
      "name": "foreign_floor_gap",
      "useSpan": {
        "start": 17272,
        "end": 17289
      },
      "declarationSpan": {
        "start": 4404,
        "end": 4460
      }
    },
    {
      "name": "foreign_floor",
      "useSpan": {
        "start": 17306,
        "end": 17319
      },
      "declarationSpan": {
        "start": 4345,
        "end": 4401
      }
    },
    {
      "name": "Holder",
      "useSpan": {
        "start": 17773,
        "end": 17779
      },
      "declarationSpan": {
        "start": 1479,
        "end": 1550
      }
    },
    {
      "name": "ForeignShares",
      "useSpan": {
        "start": 17793,
        "end": 17806
      },
      "declarationSpan": {
        "start": 2115,
        "end": 2224
      }
    },
    {
      "name": "partial_share_atoms",
      "useSpan": {
        "start": 17825,
        "end": 17844
      },
      "declarationSpan": {
        "start": 2339,
        "end": 2382
      }
    },
    {
      "name": "foreign_floor",
      "useSpan": {
        "start": 17867,
        "end": 17880
      },
      "declarationSpan": {
        "start": 4345,
        "end": 4401
      }
    },
    {
      "name": "LockRail",
      "useSpan": {
        "start": 17913,
        "end": 17921
      },
      "declarationSpan": {
        "start": 8464,
        "end": 9332
      }
    },
    {
      "name": "TakeClaim",
      "useSpan": {
        "start": 17951,
        "end": 17960
      },
      "declarationSpan": {
        "start": 9335,
        "end": 10242
      }
    },
    {
      "name": "RecoverRail",
      "useSpan": {
        "start": 17989,
        "end": 18000
      },
      "declarationSpan": {
        "start": 10245,
        "end": 11064
      }
    },
    {
      "name": "StakeHome",
      "useSpan": {
        "start": 18029,
        "end": 18038
      },
      "declarationSpan": {
        "start": 11067,
        "end": 11808
      }
    },
    {
      "name": "RewardHome",
      "useSpan": {
        "start": 18066,
        "end": 18076
      },
      "declarationSpan": {
        "start": 11811,
        "end": 12430
      }
    },
    {
      "name": "SlashHome",
      "useSpan": {
        "start": 18103,
        "end": 18112
      },
      "declarationSpan": {
        "start": 12433,
        "end": 13032
      }
    },
    {
      "name": "UnbondHome",
      "useSpan": {
        "start": 18140,
        "end": 18150
      },
      "declarationSpan": {
        "start": 13035,
        "end": 13672
      }
    },
    {
      "name": "WithdrawHome",
      "useSpan": {
        "start": 18180,
        "end": 18192
      },
      "declarationSpan": {
        "start": 13675,
        "end": 14414
      }
    },
    {
      "name": "StakeForeign",
      "useSpan": {
        "start": 18224,
        "end": 18236
      },
      "declarationSpan": {
        "start": 14417,
        "end": 15212
      }
    },
    {
      "name": "RewardForeign",
      "useSpan": {
        "start": 18267,
        "end": 18280
      },
      "declarationSpan": {
        "start": 15215,
        "end": 15903
      }
    },
    {
      "name": "SlashForeign",
      "useSpan": {
        "start": 18310,
        "end": 18322
      },
      "declarationSpan": {
        "start": 15906,
        "end": 16496
      }
    },
    {
      "name": "UnbondForeign",
      "useSpan": {
        "start": 18353,
        "end": 18366
      },
      "declarationSpan": {
        "start": 16499,
        "end": 17109
      }
    },
    {
      "name": "WithdrawForeign",
      "useSpan": {
        "start": 18399,
        "end": 18414
      },
      "declarationSpan": {
        "start": 17112,
        "end": 17886
      }
    }
  ],
  "fieldUses": [
    {
      "containerSpan": {
        "start": 1063,
        "end": 1141
      },
      "key": "id",
      "span": {
        "start": 1073,
        "end": 1083
      }
    },
    {
      "containerSpan": {
        "start": 1063,
        "end": 1141
      },
      "key": "chain",
      "span": {
        "start": 1096,
        "end": 1107
      }
    },
    {
      "containerSpan": {
        "start": 1063,
        "end": 1141
      },
      "key": "network",
      "span": {
        "start": 1122,
        "end": 1137
      }
    },
    {
      "containerSpan": {
        "start": 1167,
        "end": 1248
      },
      "key": "id",
      "span": {
        "start": 1177,
        "end": 1191
      }
    },
    {
      "containerSpan": {
        "start": 1167,
        "end": 1248
      },
      "key": "chain",
      "span": {
        "start": 1204,
        "end": 1215
      }
    },
    {
      "containerSpan": {
        "start": 1167,
        "end": 1248
      },
      "key": "network",
      "span": {
        "start": 1230,
        "end": 1244
      }
    },
    {
      "containerSpan": {
        "start": 1269,
        "end": 1322
      },
      "key": "domain",
      "span": {
        "start": 1283,
        "end": 1291
      }
    },
    {
      "containerSpan": {
        "start": 1269,
        "end": 1322
      },
      "key": "id",
      "span": {
        "start": 1301,
        "end": 1318
      }
    },
    {
      "containerSpan": {
        "start": 1346,
        "end": 1398
      },
      "key": "domain",
      "span": {
        "start": 1360,
        "end": 1368
      }
    },
    {
      "containerSpan": {
        "start": 1346,
        "end": 1398
      },
      "key": "id",
      "span": {
        "start": 1378,
        "end": 1394
      }
    },
    {
      "containerSpan": {
        "start": 1423,
        "end": 1475
      },
      "key": "domain",
      "span": {
        "start": 1437,
        "end": 1445
      }
    },
    {
      "containerSpan": {
        "start": 1423,
        "end": 1475
      },
      "key": "id",
      "span": {
        "start": 1455,
        "end": 1471
      }
    },
    {
      "containerSpan": {
        "start": 1496,
        "end": 1549
      },
      "key": "domain",
      "span": {
        "start": 1510,
        "end": 1522
      }
    },
    {
      "containerSpan": {
        "start": 1496,
        "end": 1549
      },
      "key": "id",
      "span": {
        "start": 1532,
        "end": 1545
      }
    },
    {
      "containerSpan": {
        "start": 1575,
        "end": 1633
      },
      "key": "domain",
      "span": {
        "start": 1589,
        "end": 1601
      }
    },
    {
      "containerSpan": {
        "start": 1575,
        "end": 1633
      },
      "key": "id",
      "span": {
        "start": 1611,
        "end": 1629
      }
    },
    {
      "containerSpan": {
        "start": 1662,
        "end": 1721
      },
      "key": "domain",
      "span": {
        "start": 1676,
        "end": 1688
      }
    },
    {
      "containerSpan": {
        "start": 1662,
        "end": 1721
      },
      "key": "id",
      "span": {
        "start": 1698,
        "end": 1717
      }
    },
    {
      "containerSpan": {
        "start": 1741,
        "end": 1861
      },
      "key": "domain",
      "span": {
        "start": 1755,
        "end": 1763
      }
    },
    {
      "containerSpan": {
        "start": 1741,
        "end": 1861
      },
      "key": "id",
      "span": {
        "start": 1773,
        "end": 1791
      }
    },
    {
      "containerSpan": {
        "start": 1741,
        "end": 1861
      },
      "key": "scale",
      "span": {
        "start": 1804,
        "end": 1805
      }
    },
    {
      "containerSpan": {
        "start": 1741,
        "end": 1861
      },
      "key": "representation",
      "span": {
        "start": 1827,
        "end": 1838
      }
    },
    {
      "containerSpan": {
        "start": 1741,
        "end": 1861
      },
      "key": "symbol",
      "span": {
        "start": 1852,
        "end": 1857
      }
    },
    {
      "containerSpan": {
        "start": 1882,
        "end": 2008
      },
      "key": "domain",
      "span": {
        "start": 1896,
        "end": 1908
      }
    },
    {
      "containerSpan": {
        "start": 1882,
        "end": 2008
      },
      "key": "id",
      "span": {
        "start": 1918,
        "end": 1935
      }
    },
    {
      "containerSpan": {
        "start": 1882,
        "end": 2008
      },
      "key": "scale",
      "span": {
        "start": 1948,
        "end": 1949
      }
    },
    {
      "containerSpan": {
        "start": 1882,
        "end": 2008
      },
      "key": "representation",
      "span": {
        "start": 1971,
        "end": 1985
      }
    },
    {
      "containerSpan": {
        "start": 1882,
        "end": 2008
      },
      "key": "symbol",
      "span": {
        "start": 1999,
        "end": 2004
      }
    },
    {
      "containerSpan": {
        "start": 2037,
        "end": 2111
      },
      "key": "domain",
      "span": {
        "start": 2051,
        "end": 2059
      }
    },
    {
      "containerSpan": {
        "start": 2037,
        "end": 2111
      },
      "key": "id",
      "span": {
        "start": 2069,
        "end": 2085
      }
    },
    {
      "containerSpan": {
        "start": 2037,
        "end": 2111
      },
      "key": "backing",
      "span": {
        "start": 2100,
        "end": 2107
      }
    },
    {
      "containerSpan": {
        "start": 2143,
        "end": 2223
      },
      "key": "domain",
      "span": {
        "start": 2157,
        "end": 2169
      }
    },
    {
      "containerSpan": {
        "start": 2143,
        "end": 2223
      },
      "key": "id",
      "span": {
        "start": 2179,
        "end": 2196
      }
    },
    {
      "containerSpan": {
        "start": 2143,
        "end": 2223
      },
      "key": "backing",
      "span": {
        "start": 2211,
        "end": 2219
      }
    },
    {
      "containerSpan": {
        "start": 2949,
        "end": 2985
      },
      "key": "asset",
      "span": {
        "start": 2962,
        "end": 2969
      }
    },
    {
      "containerSpan": {
        "start": 2949,
        "end": 2985
      },
      "key": "value",
      "span": {
        "start": 2978,
        "end": 2984
      }
    },
    {
      "containerSpan": {
        "start": 3664,
        "end": 3709
      },
      "key": "a",
      "span": {
        "start": 3671,
        "end": 3685
      }
    },
    {
      "containerSpan": {
        "start": 3664,
        "end": 3709
      },
      "key": "b",
      "span": {
        "start": 3690,
        "end": 3708
      }
    },
    {
      "containerSpan": {
        "start": 3864,
        "end": 3906
      },
      "key": "asset",
      "span": {
        "start": 3877,
        "end": 3885
      }
    },
    {
      "containerSpan": {
        "start": 3864,
        "end": 3906
      },
      "key": "value",
      "span": {
        "start": 3894,
        "end": 3905
      }
    },
    {
      "containerSpan": {
        "start": 4651,
        "end": 4787
      },
      "key": "id",
      "span": {
        "start": 4661,
        "end": 4679
      }
    },
    {
      "containerSpan": {
        "start": 4651,
        "end": 4787
      },
      "key": "epoch",
      "span": {
        "start": 4692,
        "end": 4693
      }
    },
    {
      "containerSpan": {
        "start": 4651,
        "end": 4787
      },
      "key": "source_hash",
      "span": {
        "start": 4712,
        "end": 4734
      }
    },
    {
      "containerSpan": {
        "start": 4651,
        "end": 4787
      },
      "key": "duty_preservation",
      "span": {
        "start": 4759,
        "end": 4783
      }
    },
    {
      "containerSpan": {
        "start": 4815,
        "end": 5045
      },
      "key": "issuer",
      "span": {
        "start": 4829,
        "end": 4838
      }
    },
    {
      "containerSpan": {
        "start": 4815,
        "end": 5045
      },
      "key": "scope",
      "span": {
        "start": 4851,
        "end": 4871
      }
    },
    {
      "containerSpan": {
        "start": 4815,
        "end": 5045
      },
      "key": "expiry",
      "span": {
        "start": 4885,
        "end": 4897
      }
    },
    {
      "containerSpan": {
        "start": 4815,
        "end": 5045
      },
      "key": "revocation_epoch",
      "span": {
        "start": 4921,
        "end": 4922
      }
    },
    {
      "containerSpan": {
        "start": 4815,
        "end": 5045
      },
      "key": "gross_limit",
      "span": {
        "start": 4941,
        "end": 4952
      }
    },
    {
      "containerSpan": {
        "start": 4815,
        "end": 5045
      },
      "key": "work_limit",
      "span": {
        "start": 4970,
        "end": 4971
      }
    },
    {
      "containerSpan": {
        "start": 4815,
        "end": 5045
      },
      "key": "signers",
      "span": {
        "start": 4986,
        "end": 4994
      }
    },
    {
      "containerSpan": {
        "start": 4815,
        "end": 5045
      },
      "key": "evidence",
      "span": {
        "start": 5010,
        "end": 5041
      }
    },
    {
      "containerSpan": {
        "start": 5069,
        "end": 5118
      },
      "key": "id",
      "span": {
        "start": 5079,
        "end": 5093
      }
    },
    {
      "containerSpan": {
        "start": 5069,
        "end": 5118
      },
      "key": "account",
      "span": {
        "start": 5108,
        "end": 5114
      }
    },
    {
      "containerSpan": {
        "start": 5142,
        "end": 5191
      },
      "key": "id",
      "span": {
        "start": 5152,
        "end": 5166
      }
    },
    {
      "containerSpan": {
        "start": 5142,
        "end": 5191
      },
      "key": "account",
      "span": {
        "start": 5181,
        "end": 5187
      }
    },
    {
      "containerSpan": {
        "start": 5218,
        "end": 5461
      },
      "key": "domain",
      "span": {
        "start": 5232,
        "end": 5244
      }
    },
    {
      "containerSpan": {
        "start": 5218,
        "end": 5461
      },
      "key": "id",
      "span": {
        "start": 5254,
        "end": 5264
      }
    },
    {
      "containerSpan": {
        "start": 5218,
        "end": 5461
      },
      "key": "unit",
      "span": {
        "start": 5276,
        "end": 5298
      }
    },
    {
      "containerSpan": {
        "start": 5218,
        "end": 5461
      },
      "key": "source",
      "span": {
        "start": 5312,
        "end": 5333
      }
    },
    {
      "containerSpan": {
        "start": 5218,
        "end": 5461
      },
      "key": "observed_round",
      "span": {
        "start": 5355,
        "end": 5366
      }
    },
    {
      "containerSpan": {
        "start": 5218,
        "end": 5461
      },
      "key": "maximum_age",
      "span": {
        "start": 5385,
        "end": 5386
      }
    },
    {
      "containerSpan": {
        "start": 5218,
        "end": 5461
      },
      "key": "finality",
      "span": {
        "start": 5402,
        "end": 5416
      }
    },
    {
      "containerSpan": {
        "start": 5218,
        "end": 5461
      },
      "key": "provenance",
      "span": {
        "start": 5434,
        "end": 5457
      }
    },
    {
      "containerSpan": {
        "start": 5484,
        "end": 6063
      },
      "key": "domain",
      "span": {
        "start": 5498,
        "end": 5506
      }
    },
    {
      "containerSpan": {
        "start": 5484,
        "end": 6063
      },
      "key": "id",
      "span": {
        "start": 5516,
        "end": 5529
      }
    },
    {
      "containerSpan": {
        "start": 5484,
        "end": 6063
      },
      "key": "duty",
      "span": {
        "start": 5541,
        "end": 5624
      }
    },
    {
      "containerSpan": {
        "start": 5484,
        "end": 6063
      },
      "key": "status",
      "span": {
        "start": 5638,
        "end": 5647
      }
    },
    {
      "containerSpan": {
        "start": 5484,
        "end": 6063
      },
      "key": "amount",
      "span": {
        "start": 5661,
        "end": 5672
      }
    },
    {
      "containerSpan": {
        "start": 5484,
        "end": 6063
      },
      "key": "evidence",
      "span": {
        "start": 5688,
        "end": 5747
      }
    },
    {
      "containerSpan": {
        "start": 5484,
        "end": 6063
      },
      "key": "relation",
      "span": {
        "start": 5763,
        "end": 5801
      }
    },
    {
      "containerSpan": {
        "start": 5484,
        "end": 6063
      },
      "key": "paired_claim",
      "span": {
        "start": 5821,
        "end": 5837
      }
    },
    {
      "containerSpan": {
        "start": 5484,
        "end": 6063
      },
      "key": "failure",
      "span": {
        "start": 5852,
        "end": 5910
      }
    },
    {
      "containerSpan": {
        "start": 5484,
        "end": 6063
      },
      "key": "retained_duties",
      "span": {
        "start": 5933,
        "end": 5983
      }
    },
    {
      "containerSpan": {
        "start": 5484,
        "end": 6063
      },
      "key": "trigger",
      "span": {
        "start": 5998,
        "end": 6011
      }
    },
    {
      "containerSpan": {
        "start": 5484,
        "end": 6063
      },
      "key": "completion",
      "span": {
        "start": 6029,
        "end": 6059
      }
    },
    {
      "containerSpan": {
        "start": 6085,
        "end": 6669
      },
      "key": "domain",
      "span": {
        "start": 6099,
        "end": 6111
      }
    },
    {
      "containerSpan": {
        "start": 6085,
        "end": 6669
      },
      "key": "id",
      "span": {
        "start": 6121,
        "end": 6136
      }
    },
    {
      "containerSpan": {
        "start": 6085,
        "end": 6669
      },
      "key": "duty",
      "span": {
        "start": 6148,
        "end": 6210
      }
    },
    {
      "containerSpan": {
        "start": 6085,
        "end": 6669
      },
      "key": "status",
      "span": {
        "start": 6224,
        "end": 6242
      }
    },
    {
      "containerSpan": {
        "start": 6085,
        "end": 6669
      },
      "key": "amount",
      "span": {
        "start": 6256,
        "end": 6266
      }
    },
    {
      "containerSpan": {
        "start": 6085,
        "end": 6669
      },
      "key": "evidence",
      "span": {
        "start": 6282,
        "end": 6334
      }
    },
    {
      "containerSpan": {
        "start": 6085,
        "end": 6669
      },
      "key": "relation",
      "span": {
        "start": 6350,
        "end": 6421
      }
    },
    {
      "containerSpan": {
        "start": 6085,
        "end": 6669
      },
      "key": "paired_claim",
      "span": {
        "start": 6441,
        "end": 6457
      }
    },
    {
      "containerSpan": {
        "start": 6085,
        "end": 6669
      },
      "key": "failure",
      "span": {
        "start": 6472,
        "end": 6522
      }
    },
    {
      "containerSpan": {
        "start": 6085,
        "end": 6669
      },
      "key": "retained_duties",
      "span": {
        "start": 6545,
        "end": 6588
      }
    },
    {
      "containerSpan": {
        "start": 6085,
        "end": 6669
      },
      "key": "trigger",
      "span": {
        "start": 6603,
        "end": 6618
      }
    },
    {
      "containerSpan": {
        "start": 6085,
        "end": 6669
      },
      "key": "completion",
      "span": {
        "start": 6636,
        "end": 6665
      }
    },
    {
      "containerSpan": {
        "start": 6696,
        "end": 7274
      },
      "key": "domain",
      "span": {
        "start": 6710,
        "end": 6718
      }
    },
    {
      "containerSpan": {
        "start": 6696,
        "end": 7274
      },
      "key": "id",
      "span": {
        "start": 6728,
        "end": 6741
      }
    },
    {
      "containerSpan": {
        "start": 6696,
        "end": 7274
      },
      "key": "duty",
      "span": {
        "start": 6753,
        "end": 6822
      }
    },
    {
      "containerSpan": {
        "start": 6696,
        "end": 7274
      },
      "key": "status",
      "span": {
        "start": 6836,
        "end": 6856
      }
    },
    {
      "containerSpan": {
        "start": 6696,
        "end": 7274
      },
      "key": "amount",
      "span": {
        "start": 6870,
        "end": 6888
      }
    },
    {
      "containerSpan": {
        "start": 6696,
        "end": 7274
      },
      "key": "evidence",
      "span": {
        "start": 6904,
        "end": 6955
      }
    },
    {
      "containerSpan": {
        "start": 6696,
        "end": 7274
      },
      "key": "relation",
      "span": {
        "start": 6971,
        "end": 7043
      }
    },
    {
      "containerSpan": {
        "start": 6696,
        "end": 7274
      },
      "key": "paired_claim",
      "span": {
        "start": 7063,
        "end": 7079
      }
    },
    {
      "containerSpan": {
        "start": 6696,
        "end": 7274
      },
      "key": "failure",
      "span": {
        "start": 7094,
        "end": 7123
      }
    },
    {
      "containerSpan": {
        "start": 6696,
        "end": 7274
      },
      "key": "retained_duties",
      "span": {
        "start": 7146,
        "end": 7188
      }
    },
    {
      "containerSpan": {
        "start": 6696,
        "end": 7274
      },
      "key": "trigger",
      "span": {
        "start": 7203,
        "end": 7216
      }
    },
    {
      "containerSpan": {
        "start": 6696,
        "end": 7274
      },
      "key": "completion",
      "span": {
        "start": 7234,
        "end": 7270
      }
    },
    {
      "containerSpan": {
        "start": 7304,
        "end": 7900
      },
      "key": "domain",
      "span": {
        "start": 7318,
        "end": 7330
      }
    },
    {
      "containerSpan": {
        "start": 7304,
        "end": 7900
      },
      "key": "id",
      "span": {
        "start": 7340,
        "end": 7356
      }
    },
    {
      "containerSpan": {
        "start": 7304,
        "end": 7900
      },
      "key": "duty",
      "span": {
        "start": 7368,
        "end": 7429
      }
    },
    {
      "containerSpan": {
        "start": 7304,
        "end": 7900
      },
      "key": "status",
      "span": {
        "start": 7443,
        "end": 7463
      }
    },
    {
      "containerSpan": {
        "start": 7304,
        "end": 7900
      },
      "key": "amount",
      "span": {
        "start": 7477,
        "end": 7490
      }
    },
    {
      "containerSpan": {
        "start": 7304,
        "end": 7900
      },
      "key": "evidence",
      "span": {
        "start": 7506,
        "end": 7563
      }
    },
    {
      "containerSpan": {
        "start": 7304,
        "end": 7900
      },
      "key": "relation",
      "span": {
        "start": 7579,
        "end": 7647
      }
    },
    {
      "containerSpan": {
        "start": 7304,
        "end": 7900
      },
      "key": "paired_claim",
      "span": {
        "start": 7667,
        "end": 7683
      }
    },
    {
      "containerSpan": {
        "start": 7304,
        "end": 7900
      },
      "key": "failure",
      "span": {
        "start": 7698,
        "end": 7738
      }
    },
    {
      "containerSpan": {
        "start": 7304,
        "end": 7900
      },
      "key": "retained_duties",
      "span": {
        "start": 7761,
        "end": 7814
      }
    },
    {
      "containerSpan": {
        "start": 7304,
        "end": 7900
      },
      "key": "trigger",
      "span": {
        "start": 7829,
        "end": 7845
      }
    },
    {
      "containerSpan": {
        "start": 7304,
        "end": 7900
      },
      "key": "completion",
      "span": {
        "start": 7863,
        "end": 7896
      }
    },
    {
      "containerSpan": {
        "start": 7930,
        "end": 8460
      },
      "key": "id",
      "span": {
        "start": 7940,
        "end": 7959
      }
    },
    {
      "containerSpan": {
        "start": 7930,
        "end": 8460
      },
      "key": "stages",
      "span": {
        "start": 7973,
        "end": 8043
      }
    },
    {
      "containerSpan": {
        "start": 7930,
        "end": 8460
      },
      "key": "pending",
      "span": {
        "start": 8058,
        "end": 8146
      }
    },
    {
      "containerSpan": {
        "start": 7930,
        "end": 8460
      },
      "key": "timeout",
      "span": {
        "start": 8161,
        "end": 8210
      }
    },
    {
      "containerSpan": {
        "start": 7930,
        "end": 8460
      },
      "key": "recovery",
      "span": {
        "start": 8226,
        "end": 8273
      }
    },
    {
      "containerSpan": {
        "start": 7930,
        "end": 8460
      },
      "key": "failure",
      "span": {
        "start": 8288,
        "end": 8351
      }
    },
    {
      "containerSpan": {
        "start": 7930,
        "end": 8460
      },
      "key": "duty",
      "span": {
        "start": 8363,
        "end": 8424
      }
    },
    {
      "containerSpan": {
        "start": 7930,
        "end": 8460
      },
      "key": "authority",
      "span": {
        "start": 8441,
        "end": 8456
      }
    },
    {
      "containerSpan": {
        "start": 8612,
        "end": 8681
      },
      "key": "domain",
      "span": {
        "start": 8627,
        "end": 8635
      }
    },
    {
      "containerSpan": {
        "start": 8612,
        "end": 8681
      },
      "key": "from",
      "span": {
        "start": 8647,
        "end": 8658
      }
    },
    {
      "containerSpan": {
        "start": 8612,
        "end": 8681
      },
      "key": "to",
      "span": {
        "start": 8668,
        "end": 8680
      }
    },
    {
      "containerSpan": {
        "start": 9211,
        "end": 9327
      },
      "key": "owner",
      "span": {
        "start": 9232,
        "end": 9238
      }
    },
    {
      "containerSpan": {
        "start": 9211,
        "end": 9327
      },
      "key": "amount",
      "span": {
        "start": 9252,
        "end": 9263
      }
    },
    {
      "containerSpan": {
        "start": 9211,
        "end": 9327
      },
      "key": "destination",
      "span": {
        "start": 9282,
        "end": 9294
      }
    },
    {
      "containerSpan": {
        "start": 9211,
        "end": 9327
      },
      "key": "claim_id",
      "span": {
        "start": 9310,
        "end": 9326
      }
    },
    {
      "containerSpan": {
        "start": 8482,
        "end": 9331
      },
      "key": "domain",
      "span": {
        "start": 8496,
        "end": 8504
      }
    },
    {
      "containerSpan": {
        "start": 8482,
        "end": 9331
      },
      "key": "asset",
      "span": {
        "start": 8517,
        "end": 8524
      }
    },
    {
      "containerSpan": {
        "start": 8482,
        "end": 9331
      },
      "key": "signer",
      "span": {
        "start": 8538,
        "end": 8544
      }
    },
    {
      "containerSpan": {
        "start": 8482,
        "end": 9331
      },
      "key": "policy",
      "span": {
        "start": 8558,
        "end": 8567
      }
    },
    {
      "containerSpan": {
        "start": 8482,
        "end": 9331
      },
      "key": "authority",
      "span": {
        "start": 8584,
        "end": 8599
      }
    },
    {
      "containerSpan": {
        "start": 8482,
        "end": 9331
      },
      "key": "valid",
      "span": {
        "start": 8612,
        "end": 8681
      }
    },
    {
      "containerSpan": {
        "start": 8482,
        "end": 9331
      },
      "key": "gross_cap",
      "span": {
        "start": 8698,
        "end": 8709
      }
    },
    {
      "containerSpan": {
        "start": 8482,
        "end": 9331
      },
      "key": "fee_cap",
      "span": {
        "start": 8724,
        "end": 8737
      }
    },
    {
      "containerSpan": {
        "start": 8482,
        "end": 9331
      },
      "key": "net_floor",
      "span": {
        "start": 8754,
        "end": 8765
      }
    },
    {
      "containerSpan": {
        "start": 8482,
        "end": 9331
      },
      "key": "reads",
      "span": {
        "start": 8778,
        "end": 8793
      }
    },
    {
      "containerSpan": {
        "start": 8482,
        "end": 9331
      },
      "key": "writes",
      "span": {
        "start": 8807,
        "end": 8826
      }
    },
    {
      "containerSpan": {
        "start": 8482,
        "end": 9331
      },
      "key": "relation",
      "span": {
        "start": 8842,
        "end": 8912
      }
    },
    {
      "containerSpan": {
        "start": 8482,
        "end": 9331
      },
      "key": "failure",
      "span": {
        "start": 8927,
        "end": 8977
      }
    },
    {
      "containerSpan": {
        "start": 8482,
        "end": 9331
      },
      "key": "continuation",
      "span": {
        "start": 8997,
        "end": 9052
      }
    },
    {
      "containerSpan": {
        "start": 8482,
        "end": 9331
      },
      "key": "status",
      "span": {
        "start": 9066,
        "end": 9075
      }
    },
    {
      "containerSpan": {
        "start": 8482,
        "end": 9331
      },
      "key": "retained_duties",
      "span": {
        "start": 9098,
        "end": 9143
      }
    },
    {
      "containerSpan": {
        "start": 8482,
        "end": 9331
      },
      "key": "recovery",
      "span": {
        "start": 9159,
        "end": 9194
      }
    },
    {
      "containerSpan": {
        "start": 8482,
        "end": 9331
      },
      "key": "operation",
      "span": {
        "start": 9211,
        "end": 9327
      }
    },
    {
      "containerSpan": {
        "start": 9501,
        "end": 9574
      },
      "key": "domain",
      "span": {
        "start": 9516,
        "end": 9528
      }
    },
    {
      "containerSpan": {
        "start": 9501,
        "end": 9574
      },
      "key": "from",
      "span": {
        "start": 9540,
        "end": 9551
      }
    },
    {
      "containerSpan": {
        "start": 9501,
        "end": 9574
      },
      "key": "to",
      "span": {
        "start": 9561,
        "end": 9573
      }
    },
    {
      "containerSpan": {
        "start": 10132,
        "end": 10237
      },
      "key": "owner",
      "span": {
        "start": 10152,
        "end": 10158
      }
    },
    {
      "containerSpan": {
        "start": 10132,
        "end": 10237
      },
      "key": "amount",
      "span": {
        "start": 10172,
        "end": 10182
      }
    },
    {
      "containerSpan": {
        "start": 10132,
        "end": 10237
      },
      "key": "source",
      "span": {
        "start": 10196,
        "end": 10204
      }
    },
    {
      "containerSpan": {
        "start": 10132,
        "end": 10237
      },
      "key": "claim_id",
      "span": {
        "start": 10220,
        "end": 10236
      }
    },
    {
      "containerSpan": {
        "start": 9354,
        "end": 10241
      },
      "key": "domain",
      "span": {
        "start": 9368,
        "end": 9380
      }
    },
    {
      "containerSpan": {
        "start": 9354,
        "end": 10241
      },
      "key": "asset",
      "span": {
        "start": 9393,
        "end": 9401
      }
    },
    {
      "containerSpan": {
        "start": 9354,
        "end": 10241
      },
      "key": "signer",
      "span": {
        "start": 9415,
        "end": 9421
      }
    },
    {
      "containerSpan": {
        "start": 9354,
        "end": 10241
      },
      "key": "policy",
      "span": {
        "start": 9435,
        "end": 9444
      }
    },
    {
      "containerSpan": {
        "start": 9354,
        "end": 10241
      },
      "key": "authority",
      "span": {
        "start": 9461,
        "end": 9488
      }
    },
    {
      "containerSpan": {
        "start": 9354,
        "end": 10241
      },
      "key": "valid",
      "span": {
        "start": 9501,
        "end": 9574
      }
    },
    {
      "containerSpan": {
        "start": 9354,
        "end": 10241
      },
      "key": "gross_cap",
      "span": {
        "start": 9591,
        "end": 9601
      }
    },
    {
      "containerSpan": {
        "start": 9354,
        "end": 10241
      },
      "key": "fee_cap",
      "span": {
        "start": 9616,
        "end": 9625
      }
    },
    {
      "containerSpan": {
        "start": 9354,
        "end": 10241
      },
      "key": "net_floor",
      "span": {
        "start": 9642,
        "end": 9652
      }
    },
    {
      "containerSpan": {
        "start": 9354,
        "end": 10241
      },
      "key": "reads",
      "span": {
        "start": 9665,
        "end": 9682
      }
    },
    {
      "containerSpan": {
        "start": 9354,
        "end": 10241
      },
      "key": "writes",
      "span": {
        "start": 9696,
        "end": 9715
      }
    },
    {
      "containerSpan": {
        "start": 9354,
        "end": 10241
      },
      "key": "relation",
      "span": {
        "start": 9731,
        "end": 9804
      }
    },
    {
      "containerSpan": {
        "start": 9354,
        "end": 10241
      },
      "key": "failure",
      "span": {
        "start": 9819,
        "end": 9870
      }
    },
    {
      "containerSpan": {
        "start": 9354,
        "end": 10241
      },
      "key": "continuation",
      "span": {
        "start": 9890,
        "end": 9930
      }
    },
    {
      "containerSpan": {
        "start": 9354,
        "end": 10241
      },
      "key": "observation",
      "span": {
        "start": 9949,
        "end": 10010
      }
    },
    {
      "containerSpan": {
        "start": 9354,
        "end": 10241
      },
      "key": "status",
      "span": {
        "start": 10024,
        "end": 10042
      }
    },
    {
      "containerSpan": {
        "start": 9354,
        "end": 10241
      },
      "key": "retained_duties",
      "span": {
        "start": 10065,
        "end": 10115
      }
    },
    {
      "containerSpan": {
        "start": 9354,
        "end": 10241
      },
      "key": "operation",
      "span": {
        "start": 10132,
        "end": 10237
      }
    },
    {
      "containerSpan": {
        "start": 10396,
        "end": 10465
      },
      "key": "domain",
      "span": {
        "start": 10411,
        "end": 10419
      }
    },
    {
      "containerSpan": {
        "start": 10396,
        "end": 10465
      },
      "key": "from",
      "span": {
        "start": 10431,
        "end": 10442
      }
    },
    {
      "containerSpan": {
        "start": 10396,
        "end": 10465
      },
      "key": "to",
      "span": {
        "start": 10452,
        "end": 10464
      }
    },
    {
      "containerSpan": {
        "start": 10973,
        "end": 11059
      },
      "key": "owner",
      "span": {
        "start": 10995,
        "end": 11001
      }
    },
    {
      "containerSpan": {
        "start": 10973,
        "end": 11059
      },
      "key": "amount",
      "span": {
        "start": 11015,
        "end": 11026
      }
    },
    {
      "containerSpan": {
        "start": 10973,
        "end": 11059
      },
      "key": "claim_id",
      "span": {
        "start": 11042,
        "end": 11058
      }
    },
    {
      "containerSpan": {
        "start": 10266,
        "end": 11063
      },
      "key": "domain",
      "span": {
        "start": 10280,
        "end": 10288
      }
    },
    {
      "containerSpan": {
        "start": 10266,
        "end": 11063
      },
      "key": "asset",
      "span": {
        "start": 10301,
        "end": 10308
      }
    },
    {
      "containerSpan": {
        "start": 10266,
        "end": 11063
      },
      "key": "signer",
      "span": {
        "start": 10322,
        "end": 10328
      }
    },
    {
      "containerSpan": {
        "start": 10266,
        "end": 11063
      },
      "key": "policy",
      "span": {
        "start": 10342,
        "end": 10351
      }
    },
    {
      "containerSpan": {
        "start": 10266,
        "end": 11063
      },
      "key": "authority",
      "span": {
        "start": 10368,
        "end": 10383
      }
    },
    {
      "containerSpan": {
        "start": 10266,
        "end": 11063
      },
      "key": "valid",
      "span": {
        "start": 10396,
        "end": 10465
      }
    },
    {
      "containerSpan": {
        "start": 10266,
        "end": 11063
      },
      "key": "earliest_round",
      "span": {
        "start": 10487,
        "end": 10499
      }
    },
    {
      "containerSpan": {
        "start": 10266,
        "end": 11063
      },
      "key": "gross_cap",
      "span": {
        "start": 10516,
        "end": 10527
      }
    },
    {
      "containerSpan": {
        "start": 10266,
        "end": 11063
      },
      "key": "fee_cap",
      "span": {
        "start": 10542,
        "end": 10554
      }
    },
    {
      "containerSpan": {
        "start": 10266,
        "end": 11063
      },
      "key": "net_floor",
      "span": {
        "start": 10571,
        "end": 10582
      }
    },
    {
      "containerSpan": {
        "start": 10266,
        "end": 11063
      },
      "key": "reads",
      "span": {
        "start": 10595,
        "end": 10610
      }
    },
    {
      "containerSpan": {
        "start": 10266,
        "end": 11063
      },
      "key": "writes",
      "span": {
        "start": 10624,
        "end": 10643
      }
    },
    {
      "containerSpan": {
        "start": 10266,
        "end": 11063
      },
      "key": "relation",
      "span": {
        "start": 10659,
        "end": 10730
      }
    },
    {
      "containerSpan": {
        "start": 10266,
        "end": 11063
      },
      "key": "failure",
      "span": {
        "start": 10745,
        "end": 10795
      }
    },
    {
      "containerSpan": {
        "start": 10266,
        "end": 11063
      },
      "key": "continuation",
      "span": {
        "start": 10815,
        "end": 10863
      }
    },
    {
      "containerSpan": {
        "start": 10266,
        "end": 11063
      },
      "key": "status",
      "span": {
        "start": 10877,
        "end": 10886
      }
    },
    {
      "containerSpan": {
        "start": 10266,
        "end": 11063
      },
      "key": "retained_duties",
      "span": {
        "start": 10909,
        "end": 10956
      }
    },
    {
      "containerSpan": {
        "start": 10266,
        "end": 11063
      },
      "key": "operation",
      "span": {
        "start": 10973,
        "end": 11059
      }
    },
    {
      "containerSpan": {
        "start": 11184,
        "end": 11253
      },
      "key": "domain",
      "span": {
        "start": 11199,
        "end": 11207
      }
    },
    {
      "containerSpan": {
        "start": 11184,
        "end": 11253
      },
      "key": "from",
      "span": {
        "start": 11219,
        "end": 11230
      }
    },
    {
      "containerSpan": {
        "start": 11184,
        "end": 11253
      },
      "key": "to",
      "span": {
        "start": 11240,
        "end": 11252
      }
    },
    {
      "containerSpan": {
        "start": 11723,
        "end": 11803
      },
      "key": "owner",
      "span": {
        "start": 11746,
        "end": 11752
      }
    },
    {
      "containerSpan": {
        "start": 11723,
        "end": 11803
      },
      "key": "shares",
      "span": {
        "start": 11766,
        "end": 11776
      }
    },
    {
      "containerSpan": {
        "start": 11723,
        "end": 11803
      },
      "key": "backing",
      "span": {
        "start": 11791,
        "end": 11802
      }
    },
    {
      "containerSpan": {
        "start": 11086,
        "end": 11807
      },
      "key": "domain",
      "span": {
        "start": 11100,
        "end": 11108
      }
    },
    {
      "containerSpan": {
        "start": 11086,
        "end": 11807
      },
      "key": "asset",
      "span": {
        "start": 11121,
        "end": 11128
      }
    },
    {
      "containerSpan": {
        "start": 11086,
        "end": 11807
      },
      "key": "signer",
      "span": {
        "start": 11142,
        "end": 11148
      }
    },
    {
      "containerSpan": {
        "start": 11086,
        "end": 11807
      },
      "key": "policy",
      "span": {
        "start": 11162,
        "end": 11171
      }
    },
    {
      "containerSpan": {
        "start": 11086,
        "end": 11807
      },
      "key": "valid",
      "span": {
        "start": 11184,
        "end": 11253
      }
    },
    {
      "containerSpan": {
        "start": 11086,
        "end": 11807
      },
      "key": "gross_cap",
      "span": {
        "start": 11270,
        "end": 11281
      }
    },
    {
      "containerSpan": {
        "start": 11086,
        "end": 11807
      },
      "key": "fee_cap",
      "span": {
        "start": 11296,
        "end": 11308
      }
    },
    {
      "containerSpan": {
        "start": 11086,
        "end": 11807
      },
      "key": "net_floor",
      "span": {
        "start": 11325,
        "end": 11336
      }
    },
    {
      "containerSpan": {
        "start": 11086,
        "end": 11807
      },
      "key": "reads",
      "span": {
        "start": 11349,
        "end": 11364
      }
    },
    {
      "containerSpan": {
        "start": 11086,
        "end": 11807
      },
      "key": "writes",
      "span": {
        "start": 11378,
        "end": 11397
      }
    },
    {
      "containerSpan": {
        "start": 11086,
        "end": 11807
      },
      "key": "relation",
      "span": {
        "start": 11413,
        "end": 11470
      }
    },
    {
      "containerSpan": {
        "start": 11086,
        "end": 11807
      },
      "key": "rounding",
      "span": {
        "start": 11486,
        "end": 11531
      }
    },
    {
      "containerSpan": {
        "start": 11086,
        "end": 11807
      },
      "key": "continuation",
      "span": {
        "start": 11551,
        "end": 11611
      }
    },
    {
      "containerSpan": {
        "start": 11086,
        "end": 11807
      },
      "key": "status",
      "span": {
        "start": 11625,
        "end": 11641
      }
    },
    {
      "containerSpan": {
        "start": 11086,
        "end": 11807
      },
      "key": "retained_duties",
      "span": {
        "start": 11664,
        "end": 11706
      }
    },
    {
      "containerSpan": {
        "start": 11086,
        "end": 11807
      },
      "key": "operation",
      "span": {
        "start": 11723,
        "end": 11803
      }
    },
    {
      "containerSpan": {
        "start": 12365,
        "end": 12425
      },
      "key": "shares",
      "span": {
        "start": 12388,
        "end": 12398
      }
    },
    {
      "containerSpan": {
        "start": 12365,
        "end": 12425
      },
      "key": "amount",
      "span": {
        "start": 12412,
        "end": 12424
      }
    },
    {
      "containerSpan": {
        "start": 11831,
        "end": 12429
      },
      "key": "domain",
      "span": {
        "start": 11845,
        "end": 11853
      }
    },
    {
      "containerSpan": {
        "start": 11831,
        "end": 12429
      },
      "key": "asset",
      "span": {
        "start": 11866,
        "end": 11873
      }
    },
    {
      "containerSpan": {
        "start": 11831,
        "end": 12429
      },
      "key": "policy",
      "span": {
        "start": 11887,
        "end": 11896
      }
    },
    {
      "containerSpan": {
        "start": 11831,
        "end": 12429
      },
      "key": "gross_cap",
      "span": {
        "start": 11913,
        "end": 11926
      }
    },
    {
      "containerSpan": {
        "start": 11831,
        "end": 12429
      },
      "key": "fee_cap",
      "span": {
        "start": 11941,
        "end": 11951
      }
    },
    {
      "containerSpan": {
        "start": 11831,
        "end": 12429
      },
      "key": "net_floor",
      "span": {
        "start": 11968,
        "end": 11980
      }
    },
    {
      "containerSpan": {
        "start": 11831,
        "end": 12429
      },
      "key": "reads",
      "span": {
        "start": 11993,
        "end": 12008
      }
    },
    {
      "containerSpan": {
        "start": 11831,
        "end": 12429
      },
      "key": "writes",
      "span": {
        "start": 12022,
        "end": 12041
      }
    },
    {
      "containerSpan": {
        "start": 11831,
        "end": 12429
      },
      "key": "relation",
      "span": {
        "start": 12057,
        "end": 12148
      }
    },
    {
      "containerSpan": {
        "start": 11831,
        "end": 12429
      },
      "key": "rounding",
      "span": {
        "start": 12164,
        "end": 12200
      }
    },
    {
      "containerSpan": {
        "start": 11831,
        "end": 12429
      },
      "key": "continuation",
      "span": {
        "start": 12220,
        "end": 12258
      }
    },
    {
      "containerSpan": {
        "start": 11831,
        "end": 12429
      },
      "key": "status",
      "span": {
        "start": 12272,
        "end": 12288
      }
    },
    {
      "containerSpan": {
        "start": 11831,
        "end": 12429
      },
      "key": "retained_duties",
      "span": {
        "start": 12311,
        "end": 12348
      }
    },
    {
      "containerSpan": {
        "start": 11831,
        "end": 12429
      },
      "key": "operation",
      "span": {
        "start": 12365,
        "end": 12425
      }
    },
    {
      "containerSpan": {
        "start": 12969,
        "end": 13027
      },
      "key": "shares",
      "span": {
        "start": 12991,
        "end": 13001
      }
    },
    {
      "containerSpan": {
        "start": 12969,
        "end": 13027
      },
      "key": "amount",
      "span": {
        "start": 13015,
        "end": 13026
      }
    },
    {
      "containerSpan": {
        "start": 12452,
        "end": 13031
      },
      "key": "domain",
      "span": {
        "start": 12466,
        "end": 12474
      }
    },
    {
      "containerSpan": {
        "start": 12452,
        "end": 13031
      },
      "key": "asset",
      "span": {
        "start": 12487,
        "end": 12494
      }
    },
    {
      "containerSpan": {
        "start": 12452,
        "end": 13031
      },
      "key": "policy",
      "span": {
        "start": 12508,
        "end": 12517
      }
    },
    {
      "containerSpan": {
        "start": 12452,
        "end": 13031
      },
      "key": "gross_cap",
      "span": {
        "start": 12534,
        "end": 12545
      }
    },
    {
      "containerSpan": {
        "start": 12452,
        "end": 13031
      },
      "key": "net_floor",
      "span": {
        "start": 12562,
        "end": 12573
      }
    },
    {
      "containerSpan": {
        "start": 12452,
        "end": 13031
      },
      "key": "reads",
      "span": {
        "start": 12586,
        "end": 12601
      }
    },
    {
      "containerSpan": {
        "start": 12452,
        "end": 13031
      },
      "key": "writes",
      "span": {
        "start": 12615,
        "end": 12634
      }
    },
    {
      "containerSpan": {
        "start": 12452,
        "end": 13031
      },
      "key": "relation",
      "span": {
        "start": 12650,
        "end": 12702
      }
    },
    {
      "containerSpan": {
        "start": 12452,
        "end": 13031
      },
      "key": "loss",
      "span": {
        "start": 12714,
        "end": 12777
      }
    },
    {
      "containerSpan": {
        "start": 12452,
        "end": 13031
      },
      "key": "continuation",
      "span": {
        "start": 12797,
        "end": 12856
      }
    },
    {
      "containerSpan": {
        "start": 12452,
        "end": 13031
      },
      "key": "status",
      "span": {
        "start": 12870,
        "end": 12879
      }
    },
    {
      "containerSpan": {
        "start": 12452,
        "end": 13031
      },
      "key": "retained_duties",
      "span": {
        "start": 12902,
        "end": 12952
      }
    },
    {
      "containerSpan": {
        "start": 12452,
        "end": 13031
      },
      "key": "operation",
      "span": {
        "start": 12969,
        "end": 13027
      }
    },
    {
      "containerSpan": {
        "start": 13576,
        "end": 13667
      },
      "key": "owner",
      "span": {
        "start": 13598,
        "end": 13604
      }
    },
    {
      "containerSpan": {
        "start": 13576,
        "end": 13667
      },
      "key": "shares",
      "span": {
        "start": 13618,
        "end": 13628
      }
    },
    {
      "containerSpan": {
        "start": 13576,
        "end": 13667
      },
      "key": "share_atoms",
      "span": {
        "start": 13647,
        "end": 13666
      }
    },
    {
      "containerSpan": {
        "start": 13055,
        "end": 13671
      },
      "key": "domain",
      "span": {
        "start": 13069,
        "end": 13077
      }
    },
    {
      "containerSpan": {
        "start": 13055,
        "end": 13671
      },
      "key": "asset",
      "span": {
        "start": 13090,
        "end": 13097
      }
    },
    {
      "containerSpan": {
        "start": 13055,
        "end": 13671
      },
      "key": "signer",
      "span": {
        "start": 13111,
        "end": 13117
      }
    },
    {
      "containerSpan": {
        "start": 13055,
        "end": 13671
      },
      "key": "policy",
      "span": {
        "start": 13131,
        "end": 13140
      }
    },
    {
      "containerSpan": {
        "start": 13055,
        "end": 13671
      },
      "key": "reads",
      "span": {
        "start": 13153,
        "end": 13168
      }
    },
    {
      "containerSpan": {
        "start": 13055,
        "end": 13671
      },
      "key": "writes",
      "span": {
        "start": 13182,
        "end": 13201
      }
    },
    {
      "containerSpan": {
        "start": 13055,
        "end": 13671
      },
      "key": "relation",
      "span": {
        "start": 13217,
        "end": 13286
      }
    },
    {
      "containerSpan": {
        "start": 13055,
        "end": 13671
      },
      "key": "earliest_round",
      "span": {
        "start": 13308,
        "end": 13323
      }
    },
    {
      "containerSpan": {
        "start": 13055,
        "end": 13671
      },
      "key": "continuation",
      "span": {
        "start": 13343,
        "end": 13389
      }
    },
    {
      "containerSpan": {
        "start": 13055,
        "end": 13671
      },
      "key": "failure",
      "span": {
        "start": 13404,
        "end": 13455
      }
    },
    {
      "containerSpan": {
        "start": 13055,
        "end": 13671
      },
      "key": "status",
      "span": {
        "start": 13469,
        "end": 13489
      }
    },
    {
      "containerSpan": {
        "start": 13055,
        "end": 13671
      },
      "key": "retained_duties",
      "span": {
        "start": 13512,
        "end": 13559
      }
    },
    {
      "containerSpan": {
        "start": 13055,
        "end": 13671
      },
      "key": "operation",
      "span": {
        "start": 13576,
        "end": 13667
      }
    },
    {
      "containerSpan": {
        "start": 14275,
        "end": 14409
      },
      "key": "owner",
      "span": {
        "start": 14299,
        "end": 14305
      }
    },
    {
      "containerSpan": {
        "start": 14275,
        "end": 14409
      },
      "key": "shares",
      "span": {
        "start": 14319,
        "end": 14329
      }
    },
    {
      "containerSpan": {
        "start": 14275,
        "end": 14409
      },
      "key": "share_atoms",
      "span": {
        "start": 14348,
        "end": 14367
      }
    },
    {
      "containerSpan": {
        "start": 14275,
        "end": 14409
      },
      "key": "minimum_backing",
      "span": {
        "start": 14390,
        "end": 14408
      }
    },
    {
      "containerSpan": {
        "start": 13697,
        "end": 14413
      },
      "key": "domain",
      "span": {
        "start": 13711,
        "end": 13719
      }
    },
    {
      "containerSpan": {
        "start": 13697,
        "end": 14413
      },
      "key": "asset",
      "span": {
        "start": 13732,
        "end": 13739
      }
    },
    {
      "containerSpan": {
        "start": 13697,
        "end": 14413
      },
      "key": "signer",
      "span": {
        "start": 13753,
        "end": 13759
      }
    },
    {
      "containerSpan": {
        "start": 13697,
        "end": 14413
      },
      "key": "policy",
      "span": {
        "start": 13773,
        "end": 13782
      }
    },
    {
      "containerSpan": {
        "start": 13697,
        "end": 14413
      },
      "key": "gross_cap",
      "span": {
        "start": 13799,
        "end": 13817
      }
    },
    {
      "containerSpan": {
        "start": 13697,
        "end": 14413
      },
      "key": "fee_cap",
      "span": {
        "start": 13832,
        "end": 13841
      }
    },
    {
      "containerSpan": {
        "start": 13697,
        "end": 14413
      },
      "key": "net_floor",
      "span": {
        "start": 13858,
        "end": 13872
      }
    },
    {
      "containerSpan": {
        "start": 13697,
        "end": 14413
      },
      "key": "reads",
      "span": {
        "start": 13885,
        "end": 13900
      }
    },
    {
      "containerSpan": {
        "start": 13697,
        "end": 14413
      },
      "key": "writes",
      "span": {
        "start": 13914,
        "end": 13933
      }
    },
    {
      "containerSpan": {
        "start": 13697,
        "end": 14413
      },
      "key": "relation",
      "span": {
        "start": 13949,
        "end": 14031
      }
    },
    {
      "containerSpan": {
        "start": 13697,
        "end": 14413
      },
      "key": "rounding",
      "span": {
        "start": 14047,
        "end": 14092
      }
    },
    {
      "containerSpan": {
        "start": 13697,
        "end": 14413
      },
      "key": "continuation",
      "span": {
        "start": 14112,
        "end": 14154
      }
    },
    {
      "containerSpan": {
        "start": 13697,
        "end": 14413
      },
      "key": "status",
      "span": {
        "start": 14168,
        "end": 14188
      }
    },
    {
      "containerSpan": {
        "start": 13697,
        "end": 14413
      },
      "key": "retained_duties",
      "span": {
        "start": 14211,
        "end": 14258
      }
    },
    {
      "containerSpan": {
        "start": 13697,
        "end": 14413
      },
      "key": "operation",
      "span": {
        "start": 14275,
        "end": 14409
      }
    },
    {
      "containerSpan": {
        "start": 14586,
        "end": 14659
      },
      "key": "domain",
      "span": {
        "start": 14601,
        "end": 14613
      }
    },
    {
      "containerSpan": {
        "start": 14586,
        "end": 14659
      },
      "key": "from",
      "span": {
        "start": 14625,
        "end": 14636
      }
    },
    {
      "containerSpan": {
        "start": 14586,
        "end": 14659
      },
      "key": "to",
      "span": {
        "start": 14646,
        "end": 14658
      }
    },
    {
      "containerSpan": {
        "start": 15125,
        "end": 15207
      },
      "key": "owner",
      "span": {
        "start": 15148,
        "end": 15154
      }
    },
    {
      "containerSpan": {
        "start": 15125,
        "end": 15207
      },
      "key": "shares",
      "span": {
        "start": 15168,
        "end": 15181
      }
    },
    {
      "containerSpan": {
        "start": 15125,
        "end": 15207
      },
      "key": "backing",
      "span": {
        "start": 15196,
        "end": 15206
      }
    },
    {
      "containerSpan": {
        "start": 14439,
        "end": 15211
      },
      "key": "domain",
      "span": {
        "start": 14453,
        "end": 14465
      }
    },
    {
      "containerSpan": {
        "start": 14439,
        "end": 15211
      },
      "key": "asset",
      "span": {
        "start": 14478,
        "end": 14486
      }
    },
    {
      "containerSpan": {
        "start": 14439,
        "end": 15211
      },
      "key": "signer",
      "span": {
        "start": 14500,
        "end": 14506
      }
    },
    {
      "containerSpan": {
        "start": 14439,
        "end": 15211
      },
      "key": "policy",
      "span": {
        "start": 14520,
        "end": 14529
      }
    },
    {
      "containerSpan": {
        "start": 14439,
        "end": 15211
      },
      "key": "authority",
      "span": {
        "start": 14546,
        "end": 14573
      }
    },
    {
      "containerSpan": {
        "start": 14439,
        "end": 15211
      },
      "key": "valid",
      "span": {
        "start": 14586,
        "end": 14659
      }
    },
    {
      "containerSpan": {
        "start": 14439,
        "end": 15211
      },
      "key": "gross_cap",
      "span": {
        "start": 14676,
        "end": 14686
      }
    },
    {
      "containerSpan": {
        "start": 14439,
        "end": 15211
      },
      "key": "fee_cap",
      "span": {
        "start": 14701,
        "end": 14718
      }
    },
    {
      "containerSpan": {
        "start": 14439,
        "end": 15211
      },
      "key": "net_floor",
      "span": {
        "start": 14735,
        "end": 14745
      }
    },
    {
      "containerSpan": {
        "start": 14439,
        "end": 15211
      },
      "key": "reads",
      "span": {
        "start": 14758,
        "end": 14776
      }
    },
    {
      "containerSpan": {
        "start": 14439,
        "end": 15211
      },
      "key": "writes",
      "span": {
        "start": 14790,
        "end": 14809
      }
    },
    {
      "containerSpan": {
        "start": 14439,
        "end": 15211
      },
      "key": "relation",
      "span": {
        "start": 14825,
        "end": 14891
      }
    },
    {
      "containerSpan": {
        "start": 14439,
        "end": 15211
      },
      "key": "rounding",
      "span": {
        "start": 14907,
        "end": 14952
      }
    },
    {
      "containerSpan": {
        "start": 14439,
        "end": 15211
      },
      "key": "continuation",
      "span": {
        "start": 14972,
        "end": 15027
      }
    },
    {
      "containerSpan": {
        "start": 14439,
        "end": 15211
      },
      "key": "status",
      "span": {
        "start": 15041,
        "end": 15057
      }
    },
    {
      "containerSpan": {
        "start": 14439,
        "end": 15211
      },
      "key": "retained_duties",
      "span": {
        "start": 15080,
        "end": 15108
      }
    },
    {
      "containerSpan": {
        "start": 14439,
        "end": 15211
      },
      "key": "operation",
      "span": {
        "start": 15125,
        "end": 15207
      }
    },
    {
      "containerSpan": {
        "start": 15833,
        "end": 15898
      },
      "key": "shares",
      "span": {
        "start": 15856,
        "end": 15869
      }
    },
    {
      "containerSpan": {
        "start": 15833,
        "end": 15898
      },
      "key": "amount",
      "span": {
        "start": 15883,
        "end": 15897
      }
    },
    {
      "containerSpan": {
        "start": 15238,
        "end": 15902
      },
      "key": "domain",
      "span": {
        "start": 15252,
        "end": 15264
      }
    },
    {
      "containerSpan": {
        "start": 15238,
        "end": 15902
      },
      "key": "asset",
      "span": {
        "start": 15277,
        "end": 15285
      }
    },
    {
      "containerSpan": {
        "start": 15238,
        "end": 15902
      },
      "key": "policy",
      "span": {
        "start": 15299,
        "end": 15308
      }
    },
    {
      "containerSpan": {
        "start": 15238,
        "end": 15902
      },
      "key": "gross_cap",
      "span": {
        "start": 15325,
        "end": 15346
      }
    },
    {
      "containerSpan": {
        "start": 15238,
        "end": 15902
      },
      "key": "fee_cap",
      "span": {
        "start": 15361,
        "end": 15379
      }
    },
    {
      "containerSpan": {
        "start": 15238,
        "end": 15902
      },
      "key": "net_floor",
      "span": {
        "start": 15396,
        "end": 15410
      }
    },
    {
      "containerSpan": {
        "start": 15238,
        "end": 15902
      },
      "key": "reads",
      "span": {
        "start": 15423,
        "end": 15441
      }
    },
    {
      "containerSpan": {
        "start": 15238,
        "end": 15902
      },
      "key": "writes",
      "span": {
        "start": 15455,
        "end": 15474
      }
    },
    {
      "containerSpan": {
        "start": 15238,
        "end": 15902
      },
      "key": "relation",
      "span": {
        "start": 15490,
        "end": 15579
      }
    },
    {
      "containerSpan": {
        "start": 15238,
        "end": 15902
      },
      "key": "rounding",
      "span": {
        "start": 15595,
        "end": 15647
      }
    },
    {
      "containerSpan": {
        "start": 15238,
        "end": 15902
      },
      "key": "continuation",
      "span": {
        "start": 15667,
        "end": 15718
      }
    },
    {
      "containerSpan": {
        "start": 15238,
        "end": 15902
      },
      "key": "status",
      "span": {
        "start": 15732,
        "end": 15748
      }
    },
    {
      "containerSpan": {
        "start": 15238,
        "end": 15902
      },
      "key": "retained_duties",
      "span": {
        "start": 15771,
        "end": 15816
      }
    },
    {
      "containerSpan": {
        "start": 15238,
        "end": 15902
      },
      "key": "operation",
      "span": {
        "start": 15833,
        "end": 15898
      }
    },
    {
      "containerSpan": {
        "start": 16428,
        "end": 16491
      },
      "key": "shares",
      "span": {
        "start": 16450,
        "end": 16463
      }
    },
    {
      "containerSpan": {
        "start": 16428,
        "end": 16491
      },
      "key": "amount",
      "span": {
        "start": 16477,
        "end": 16490
      }
    },
    {
      "containerSpan": {
        "start": 15928,
        "end": 16495
      },
      "key": "domain",
      "span": {
        "start": 15942,
        "end": 15954
      }
    },
    {
      "containerSpan": {
        "start": 15928,
        "end": 16495
      },
      "key": "asset",
      "span": {
        "start": 15967,
        "end": 15975
      }
    },
    {
      "containerSpan": {
        "start": 15928,
        "end": 16495
      },
      "key": "policy",
      "span": {
        "start": 15989,
        "end": 15998
      }
    },
    {
      "containerSpan": {
        "start": 15928,
        "end": 16495
      },
      "key": "gross_cap",
      "span": {
        "start": 16015,
        "end": 16028
      }
    },
    {
      "containerSpan": {
        "start": 15928,
        "end": 16495
      },
      "key": "net_floor",
      "span": {
        "start": 16045,
        "end": 16058
      }
    },
    {
      "containerSpan": {
        "start": 15928,
        "end": 16495
      },
      "key": "reads",
      "span": {
        "start": 16071,
        "end": 16089
      }
    },
    {
      "containerSpan": {
        "start": 15928,
        "end": 16495
      },
      "key": "writes",
      "span": {
        "start": 16103,
        "end": 16122
      }
    },
    {
      "containerSpan": {
        "start": 15928,
        "end": 16495
      },
      "key": "relation",
      "span": {
        "start": 16138,
        "end": 16202
      }
    },
    {
      "containerSpan": {
        "start": 15928,
        "end": 16495
      },
      "key": "loss",
      "span": {
        "start": 16214,
        "end": 16262
      }
    },
    {
      "containerSpan": {
        "start": 15928,
        "end": 16495
      },
      "key": "continuation",
      "span": {
        "start": 16282,
        "end": 16322
      }
    },
    {
      "containerSpan": {
        "start": 15928,
        "end": 16495
      },
      "key": "status",
      "span": {
        "start": 16336,
        "end": 16345
      }
    },
    {
      "containerSpan": {
        "start": 15928,
        "end": 16495
      },
      "key": "retained_duties",
      "span": {
        "start": 16368,
        "end": 16411
      }
    },
    {
      "containerSpan": {
        "start": 15928,
        "end": 16495
      },
      "key": "operation",
      "span": {
        "start": 16428,
        "end": 16491
      }
    },
    {
      "containerSpan": {
        "start": 17010,
        "end": 17104
      },
      "key": "owner",
      "span": {
        "start": 17032,
        "end": 17038
      }
    },
    {
      "containerSpan": {
        "start": 17010,
        "end": 17104
      },
      "key": "shares",
      "span": {
        "start": 17052,
        "end": 17065
      }
    },
    {
      "containerSpan": {
        "start": 17010,
        "end": 17104
      },
      "key": "share_atoms",
      "span": {
        "start": 17084,
        "end": 17103
      }
    },
    {
      "containerSpan": {
        "start": 16522,
        "end": 17108
      },
      "key": "domain",
      "span": {
        "start": 16536,
        "end": 16548
      }
    },
    {
      "containerSpan": {
        "start": 16522,
        "end": 17108
      },
      "key": "asset",
      "span": {
        "start": 16561,
        "end": 16569
      }
    },
    {
      "containerSpan": {
        "start": 16522,
        "end": 17108
      },
      "key": "signer",
      "span": {
        "start": 16583,
        "end": 16589
      }
    },
    {
      "containerSpan": {
        "start": 16522,
        "end": 17108
      },
      "key": "policy",
      "span": {
        "start": 16603,
        "end": 16612
      }
    },
    {
      "containerSpan": {
        "start": 16522,
        "end": 17108
      },
      "key": "reads",
      "span": {
        "start": 16625,
        "end": 16643
      }
    },
    {
      "containerSpan": {
        "start": 16522,
        "end": 17108
      },
      "key": "writes",
      "span": {
        "start": 16657,
        "end": 16676
      }
    },
    {
      "containerSpan": {
        "start": 16522,
        "end": 17108
      },
      "key": "relation",
      "span": {
        "start": 16692,
        "end": 16761
      }
    },
    {
      "containerSpan": {
        "start": 16522,
        "end": 17108
      },
      "key": "continuation",
      "span": {
        "start": 16781,
        "end": 16822
      }
    },
    {
      "containerSpan": {
        "start": 16522,
        "end": 17108
      },
      "key": "failure",
      "span": {
        "start": 16837,
        "end": 16887
      }
    },
    {
      "containerSpan": {
        "start": 16522,
        "end": 17108
      },
      "key": "status",
      "span": {
        "start": 16901,
        "end": 16921
      }
    },
    {
      "containerSpan": {
        "start": 16522,
        "end": 17108
      },
      "key": "retained_duties",
      "span": {
        "start": 16944,
        "end": 16993
      }
    },
    {
      "containerSpan": {
        "start": 16522,
        "end": 17108
      },
      "key": "operation",
      "span": {
        "start": 17010,
        "end": 17104
      }
    },
    {
      "containerSpan": {
        "start": 17749,
        "end": 17881
      },
      "key": "owner",
      "span": {
        "start": 17773,
        "end": 17779
      }
    },
    {
      "containerSpan": {
        "start": 17749,
        "end": 17881
      },
      "key": "shares",
      "span": {
        "start": 17793,
        "end": 17806
      }
    },
    {
      "containerSpan": {
        "start": 17749,
        "end": 17881
      },
      "key": "share_atoms",
      "span": {
        "start": 17825,
        "end": 17844
      }
    },
    {
      "containerSpan": {
        "start": 17749,
        "end": 17881
      },
      "key": "minimum_backing",
      "span": {
        "start": 17867,
        "end": 17880
      }
    },
    {
      "containerSpan": {
        "start": 17137,
        "end": 17885
      },
      "key": "domain",
      "span": {
        "start": 17151,
        "end": 17163
      }
    },
    {
      "containerSpan": {
        "start": 17137,
        "end": 17885
      },
      "key": "asset",
      "span": {
        "start": 17176,
        "end": 17184
      }
    },
    {
      "containerSpan": {
        "start": 17137,
        "end": 17885
      },
      "key": "signer",
      "span": {
        "start": 17198,
        "end": 17204
      }
    },
    {
      "containerSpan": {
        "start": 17137,
        "end": 17885
      },
      "key": "policy",
      "span": {
        "start": 17218,
        "end": 17227
      }
    },
    {
      "containerSpan": {
        "start": 17137,
        "end": 17885
      },
      "key": "gross_cap",
      "span": {
        "start": 17244,
        "end": 17257
      }
    },
    {
      "containerSpan": {
        "start": 17137,
        "end": 17885
      },
      "key": "fee_cap",
      "span": {
        "start": 17272,
        "end": 17289
      }
    },
    {
      "containerSpan": {
        "start": 17137,
        "end": 17885
      },
      "key": "net_floor",
      "span": {
        "start": 17306,
        "end": 17319
      }
    },
    {
      "containerSpan": {
        "start": 17137,
        "end": 17885
      },
      "key": "reads",
      "span": {
        "start": 17332,
        "end": 17371
      }
    },
    {
      "containerSpan": {
        "start": 17137,
        "end": 17885
      },
      "key": "writes",
      "span": {
        "start": 17385,
        "end": 17404
      }
    },
    {
      "containerSpan": {
        "start": 17137,
        "end": 17885
      },
      "key": "relation",
      "span": {
        "start": 17420,
        "end": 17501
      }
    },
    {
      "containerSpan": {
        "start": 17137,
        "end": 17885
      },
      "key": "rounding",
      "span": {
        "start": 17517,
        "end": 17570
      }
    },
    {
      "containerSpan": {
        "start": 17137,
        "end": 17885
      },
      "key": "continuation",
      "span": {
        "start": 17590,
        "end": 17638
      }
    },
    {
      "containerSpan": {
        "start": 17137,
        "end": 17885
      },
      "key": "status",
      "span": {
        "start": 17652,
        "end": 17672
      }
    },
    {
      "containerSpan": {
        "start": 17137,
        "end": 17885
      },
      "key": "retained_duties",
      "span": {
        "start": 17695,
        "end": 17732
      }
    },
    {
      "containerSpan": {
        "start": 17137,
        "end": 17885
      },
      "key": "operation",
      "span": {
        "start": 17749,
        "end": 17881
      }
    }
  ],
  "operationSchemas": {
    "atoms": {
      "asset": "asset",
      "value": "scalar"
    },
    "min": {
      "a": "numeric",
      "b": "numeric"
    },
    "max": {
      "a": "numeric",
      "b": "numeric"
    },
    "rounds": {
      "domain": "domain",
      "from": "scalar",
      "to": "scalar"
    },
    "transfer": {
      "from": "account",
      "to": "account",
      "fee_to": "account",
      "value": "qty",
      "fee": "qty"
    },
    "repay": {
      "obligation": "obligation",
      "payer": "account",
      "amount": "qty"
    },
    "amm.swap_exact_input": {
      "pool": "pool",
      "owner": "account",
      "input": "qty",
      "output_asset": "asset",
      "net_floor": "qty",
      "fee_cap": "qty"
    },
    "amm.redeem": {
      "pool": "pool",
      "owner": "account",
      "share_atoms": "scalar"
    },
    "amm.mint": {
      "pool": "pool",
      "owner": "account",
      "amounts": "qty[]",
      "minimum_share_atoms": "scalar"
    },
    "lending.originate": {
      "obligation": "obligation",
      "debtor": "account",
      "creditor": "account",
      "principal": "qty",
      "collateral": "qty"
    },
    "lending.liquidate": {
      "obligation": "obligation"
    },
    "lending.roll_forward": {
      "obligation": "obligation",
      "to_round": "scalar"
    },
    "stablecoin.mint": {
      "instrument": "instrument",
      "owner": "account",
      "supply": "qty",
      "backing": "qty"
    },
    "stablecoin.redeem": {
      "instrument": "instrument",
      "owner": "account",
      "burn": "qty",
      "minimum_backing": "qty"
    },
    "stablecoin.emergency_settle": {
      "instrument": "instrument",
      "owner": "account",
      "claim": "qty"
    },
    "option.fix": {
      "instrument": "instrument",
      "observation": "observation"
    },
    "option.exercise": {
      "instrument": "instrument",
      "holder": "account"
    },
    "option.settle": {
      "instrument": "instrument",
      "holder": "account",
      "payoff": "qty"
    },
    "oracle.select": {
      "observation": "observation"
    },
    "governance.queue": {
      "policy": "policy",
      "next_epoch": "scalar"
    },
    "governance.execute": {
      "policy": "policy"
    },
    "governance.veto": {
      "policy": "policy"
    },
    "bridge.escrow": {
      "owner": "account",
      "amount": "qty",
      "destination": "domain",
      "claim_id": "string"
    },
    "bridge.claim": {
      "owner": "account",
      "amount": "qty",
      "source": "domain",
      "claim_id": "string"
    },
    "bridge.recover": {
      "owner": "account",
      "amount": "qty",
      "claim_id": "string"
    },
    "staking.deposit": {
      "owner": "account",
      "shares": "share_class",
      "backing": "qty"
    },
    "staking.reward": {
      "shares": "share_class",
      "amount": "qty"
    },
    "staking.slash": {
      "shares": "share_class",
      "amount": "qty"
    },
    "staking.unbond": {
      "owner": "account",
      "shares": "share_class",
      "share_atoms": "scalar"
    },
    "staking.withdraw": {
      "owner": "account",
      "shares": "share_class",
      "share_atoms": "scalar",
      "minimum_backing": "qty"
    }
  },
  "evidence": "AuthoringOnly",
  "openGates": [
    "authentication",
    "nativeProof",
    "financialCorrespondence",
    "atomicLedgerAcceptance"
  ]
}
