{
  "status": "AuthoringChecked",
  "sourceHash": "d3b0f1cf99d1a098f381306383894301af33c2a2e128f5daef9c455f16165395",
  "diagnostics": [],
  "agreement": "CrossStakeBridge",
  "agreementSpan": {
    "start": 729,
    "end": 745
  },
  "declarations": [
    {
      "kind": "domain",
      "name": "HomeRail",
      "span": {
        "start": 750,
        "end": 847
      },
      "nameSpan": {
        "start": 757,
        "end": 765
      }
    },
    {
      "kind": "domain",
      "name": "ForeignClaim",
      "span": {
        "start": 850,
        "end": 954
      },
      "nameSpan": {
        "start": 857,
        "end": 869
      }
    },
    {
      "kind": "account",
      "name": "Staker",
      "span": {
        "start": 957,
        "end": 1028
      },
      "nameSpan": {
        "start": 965,
        "end": 971
      }
    },
    {
      "kind": "account",
      "name": "Custodian",
      "span": {
        "start": 1031,
        "end": 1104
      },
      "nameSpan": {
        "start": 1039,
        "end": 1048
      }
    },
    {
      "kind": "account",
      "name": "RewardDesk",
      "span": {
        "start": 1107,
        "end": 1181
      },
      "nameSpan": {
        "start": 1115,
        "end": 1125
      }
    },
    {
      "kind": "account",
      "name": "Holder",
      "span": {
        "start": 1184,
        "end": 1255
      },
      "nameSpan": {
        "start": 1192,
        "end": 1198
      }
    },
    {
      "kind": "account",
      "name": "ForeignDesk",
      "span": {
        "start": 1258,
        "end": 1339
      },
      "nameSpan": {
        "start": 1266,
        "end": 1277
      }
    },
    {
      "kind": "account",
      "name": "ForeignRewards",
      "span": {
        "start": 1342,
        "end": 1427
      },
      "nameSpan": {
        "start": 1350,
        "end": 1364
      }
    },
    {
      "kind": "asset",
      "name": "RailUSD",
      "span": {
        "start": 1430,
        "end": 1567
      },
      "nameSpan": {
        "start": 1436,
        "end": 1443
      }
    },
    {
      "kind": "asset",
      "name": "ClaimUSD",
      "span": {
        "start": 1570,
        "end": 1714
      },
      "nameSpan": {
        "start": 1576,
        "end": 1584
      }
    },
    {
      "kind": "share_class",
      "name": "HomeShares",
      "span": {
        "start": 1717,
        "end": 1817
      },
      "nameSpan": {
        "start": 1729,
        "end": 1739
      }
    },
    {
      "kind": "share_class",
      "name": "ForeignShares",
      "span": {
        "start": 1820,
        "end": 1929
      },
      "nameSpan": {
        "start": 1832,
        "end": 1845
      }
    },
    {
      "kind": "const",
      "name": "window_open",
      "span": {
        "start": 1932,
        "end": 1963
      },
      "nameSpan": {
        "start": 1938,
        "end": 1949
      }
    },
    {
      "kind": "const",
      "name": "window_close",
      "span": {
        "start": 1966,
        "end": 1998
      },
      "nameSpan": {
        "start": 1972,
        "end": 1984
      }
    },
    {
      "kind": "const",
      "name": "full_share_atoms",
      "span": {
        "start": 2001,
        "end": 2041
      },
      "nameSpan": {
        "start": 2007,
        "end": 2023
      }
    },
    {
      "kind": "const",
      "name": "partial_share_atoms",
      "span": {
        "start": 2044,
        "end": 2087
      },
      "nameSpan": {
        "start": 2050,
        "end": 2069
      }
    },
    {
      "kind": "const",
      "name": "share_ratio_left",
      "span": {
        "start": 2158,
        "end": 2207
      },
      "nameSpan": {
        "start": 2164,
        "end": 2180
      }
    },
    {
      "kind": "const",
      "name": "share_ratio_right",
      "span": {
        "start": 2210,
        "end": 2257
      },
      "nameSpan": {
        "start": 2216,
        "end": 2233
      }
    },
    {
      "kind": "const",
      "name": "share_ratio_gap",
      "span": {
        "start": 2260,
        "end": 2321
      },
      "nameSpan": {
        "start": 2266,
        "end": 2281
      }
    },
    {
      "kind": "const",
      "name": "rail_face_atom_count",
      "span": {
        "start": 2324,
        "end": 2368
      },
      "nameSpan": {
        "start": 2330,
        "end": 2350
      }
    },
    {
      "kind": "const",
      "name": "claim_face_atom_count",
      "span": {
        "start": 2371,
        "end": 2421
      },
      "nameSpan": {
        "start": 2377,
        "end": 2398
      }
    },
    {
      "kind": "const",
      "name": "unchecked_atom_count_gap",
      "span": {
        "start": 2483,
        "end": 2561
      },
      "nameSpan": {
        "start": 2489,
        "end": 2513
      }
    },
    {
      "kind": "const",
      "name": "escrow_face",
      "span": {
        "start": 2564,
        "end": 2613
      },
      "nameSpan": {
        "start": 2570,
        "end": 2581
      }
    },
    {
      "kind": "const",
      "name": "home_face_atoms",
      "span": {
        "start": 2616,
        "end": 2691
      },
      "nameSpan": {
        "start": 2622,
        "end": 2637
      }
    },
    {
      "kind": "const",
      "name": "home_face_gap",
      "span": {
        "start": 2694,
        "end": 2746
      },
      "nameSpan": {
        "start": 2700,
        "end": 2713
      }
    },
    {
      "kind": "const",
      "name": "reward_slice",
      "span": {
        "start": 2749,
        "end": 2797
      },
      "nameSpan": {
        "start": 2755,
        "end": 2767
      }
    },
    {
      "kind": "const",
      "name": "slash_slice",
      "span": {
        "start": 2800,
        "end": 2847
      },
      "nameSpan": {
        "start": 2806,
        "end": 2817
      }
    },
    {
      "kind": "const",
      "name": "reward_and_slash",
      "span": {
        "start": 2850,
        "end": 2902
      },
      "nameSpan": {
        "start": 2856,
        "end": 2872
      }
    },
    {
      "kind": "const",
      "name": "reward_stated",
      "span": {
        "start": 2905,
        "end": 2954
      },
      "nameSpan": {
        "start": 2911,
        "end": 2924
      }
    },
    {
      "kind": "const",
      "name": "reward_gap",
      "span": {
        "start": 2957,
        "end": 3009
      },
      "nameSpan": {
        "start": 2963,
        "end": 2973
      }
    },
    {
      "kind": "const",
      "name": "proportional_slice",
      "span": {
        "start": 3012,
        "end": 3068
      },
      "nameSpan": {
        "start": 3018,
        "end": 3036
      }
    },
    {
      "kind": "const",
      "name": "withdraw_floor",
      "span": {
        "start": 3071,
        "end": 3122
      },
      "nameSpan": {
        "start": 3077,
        "end": 3091
      }
    },
    {
      "kind": "const",
      "name": "floor_gap",
      "span": {
        "start": 3125,
        "end": 3179
      },
      "nameSpan": {
        "start": 3131,
        "end": 3140
      }
    },
    {
      "kind": "const",
      "name": "home_two_fifths",
      "span": {
        "start": 3182,
        "end": 3222
      },
      "nameSpan": {
        "start": 3188,
        "end": 3203
      }
    },
    {
      "kind": "const",
      "name": "home_five_slices",
      "span": {
        "start": 3225,
        "end": 3273
      },
      "nameSpan": {
        "start": 3231,
        "end": 3247
      }
    },
    {
      "kind": "const",
      "name": "home_proportion_gap",
      "span": {
        "start": 3276,
        "end": 3339
      },
      "nameSpan": {
        "start": 3282,
        "end": 3301
      }
    },
    {
      "kind": "const",
      "name": "tighter_home_floor",
      "span": {
        "start": 3342,
        "end": 3415
      },
      "nameSpan": {
        "start": 3348,
        "end": 3366
      }
    },
    {
      "kind": "const",
      "name": "tighter_gap",
      "span": {
        "start": 3418,
        "end": 3474
      },
      "nameSpan": {
        "start": 3424,
        "end": 3435
      }
    },
    {
      "kind": "const",
      "name": "claim_face",
      "span": {
        "start": 3477,
        "end": 3531
      },
      "nameSpan": {
        "start": 3483,
        "end": 3493
      }
    },
    {
      "kind": "const",
      "name": "claim_atoms",
      "span": {
        "start": 3534,
        "end": 3612
      },
      "nameSpan": {
        "start": 3540,
        "end": 3551
      }
    },
    {
      "kind": "const",
      "name": "claim_gap",
      "span": {
        "start": 3615,
        "end": 3658
      },
      "nameSpan": {
        "start": 3621,
        "end": 3630
      }
    },
    {
      "kind": "const",
      "name": "foreign_reward",
      "span": {
        "start": 3661,
        "end": 3717
      },
      "nameSpan": {
        "start": 3667,
        "end": 3681
      }
    },
    {
      "kind": "const",
      "name": "foreign_slash",
      "span": {
        "start": 3720,
        "end": 3775
      },
      "nameSpan": {
        "start": 3726,
        "end": 3739
      }
    },
    {
      "kind": "const",
      "name": "foreign_reward_and_slash",
      "span": {
        "start": 3778,
        "end": 3842
      },
      "nameSpan": {
        "start": 3784,
        "end": 3808
      }
    },
    {
      "kind": "const",
      "name": "foreign_reward_stated",
      "span": {
        "start": 3845,
        "end": 3908
      },
      "nameSpan": {
        "start": 3851,
        "end": 3872
      }
    },
    {
      "kind": "const",
      "name": "foreign_reward_gap",
      "span": {
        "start": 3911,
        "end": 3987
      },
      "nameSpan": {
        "start": 3917,
        "end": 3935
      }
    },
    {
      "kind": "const",
      "name": "foreign_slice",
      "span": {
        "start": 3990,
        "end": 4047
      },
      "nameSpan": {
        "start": 3996,
        "end": 4009
      }
    },
    {
      "kind": "const",
      "name": "foreign_floor",
      "span": {
        "start": 4050,
        "end": 4106
      },
      "nameSpan": {
        "start": 4056,
        "end": 4069
      }
    },
    {
      "kind": "const",
      "name": "foreign_floor_gap",
      "span": {
        "start": 4109,
        "end": 4165
      },
      "nameSpan": {
        "start": 4115,
        "end": 4132
      }
    },
    {
      "kind": "const",
      "name": "foreign_two_fifths",
      "span": {
        "start": 4168,
        "end": 4210
      },
      "nameSpan": {
        "start": 4174,
        "end": 4192
      }
    },
    {
      "kind": "const",
      "name": "foreign_five_slices",
      "span": {
        "start": 4213,
        "end": 4259
      },
      "nameSpan": {
        "start": 4219,
        "end": 4238
      }
    },
    {
      "kind": "const",
      "name": "foreign_proportion_gap",
      "span": {
        "start": 4262,
        "end": 4334
      },
      "nameSpan": {
        "start": 4268,
        "end": 4290
      }
    },
    {
      "kind": "policy",
      "name": "DutyTerms",
      "span": {
        "start": 4337,
        "end": 4493
      },
      "nameSpan": {
        "start": 4344,
        "end": 4353
      }
    },
    {
      "kind": "grant",
      "name": "EscrowAuthority",
      "span": {
        "start": 4496,
        "end": 4751
      },
      "nameSpan": {
        "start": 4502,
        "end": 4517
      }
    },
    {
      "kind": "party",
      "name": "StakerParty",
      "span": {
        "start": 4754,
        "end": 4824
      },
      "nameSpan": {
        "start": 4760,
        "end": 4771
      }
    },
    {
      "kind": "party",
      "name": "HolderParty",
      "span": {
        "start": 4827,
        "end": 4897
      },
      "nameSpan": {
        "start": 4833,
        "end": 4844
      }
    },
    {
      "kind": "observation",
      "name": "ClaimFix",
      "span": {
        "start": 4900,
        "end": 5167
      },
      "nameSpan": {
        "start": 4912,
        "end": 4920
      }
    },
    {
      "kind": "stage",
      "name": "EscrowLock",
      "span": {
        "start": 5170,
        "end": 5769
      },
      "nameSpan": {
        "start": 5176,
        "end": 5186
      }
    },
    {
      "kind": "stage",
      "name": "ClaimDuty",
      "span": {
        "start": 5772,
        "end": 6375
      },
      "nameSpan": {
        "start": 5778,
        "end": 5787
      }
    },
    {
      "kind": "stage",
      "name": "HomeUnbondDuty",
      "span": {
        "start": 6378,
        "end": 6980
      },
      "nameSpan": {
        "start": 6384,
        "end": 6398
      }
    },
    {
      "kind": "stage",
      "name": "ForeignUnbondDuty",
      "span": {
        "start": 6983,
        "end": 7606
      },
      "nameSpan": {
        "start": 6989,
        "end": 7006
      }
    },
    {
      "kind": "episode",
      "name": "BridgeThenStake",
      "span": {
        "start": 7609,
        "end": 8166
      },
      "nameSpan": {
        "start": 7617,
        "end": 7632
      }
    },
    {
      "kind": "intent",
      "name": "LockRail",
      "span": {
        "start": 8169,
        "end": 9037
      },
      "nameSpan": {
        "start": 8176,
        "end": 8184
      }
    },
    {
      "kind": "intent",
      "name": "TakeClaim",
      "span": {
        "start": 9040,
        "end": 9947
      },
      "nameSpan": {
        "start": 9047,
        "end": 9056
      }
    },
    {
      "kind": "intent",
      "name": "RecoverRail",
      "span": {
        "start": 9950,
        "end": 10769
      },
      "nameSpan": {
        "start": 9957,
        "end": 9968
      }
    },
    {
      "kind": "intent",
      "name": "StakeHome",
      "span": {
        "start": 10772,
        "end": 11513
      },
      "nameSpan": {
        "start": 10779,
        "end": 10788
      }
    },
    {
      "kind": "intent",
      "name": "RewardHome",
      "span": {
        "start": 11516,
        "end": 12112
      },
      "nameSpan": {
        "start": 11523,
        "end": 11533
      }
    },
    {
      "kind": "intent",
      "name": "SlashHome",
      "span": {
        "start": 12115,
        "end": 12714
      },
      "nameSpan": {
        "start": 12122,
        "end": 12131
      }
    },
    {
      "kind": "intent",
      "name": "UnbondHome",
      "span": {
        "start": 12717,
        "end": 13303
      },
      "nameSpan": {
        "start": 12724,
        "end": 12734
      }
    },
    {
      "kind": "intent",
      "name": "WithdrawHome",
      "span": {
        "start": 13306,
        "end": 14045
      },
      "nameSpan": {
        "start": 13313,
        "end": 13325
      }
    },
    {
      "kind": "intent",
      "name": "StakeForeign",
      "span": {
        "start": 14048,
        "end": 14843
      },
      "nameSpan": {
        "start": 14055,
        "end": 14067
      }
    },
    {
      "kind": "intent",
      "name": "RewardForeign",
      "span": {
        "start": 14846,
        "end": 15532
      },
      "nameSpan": {
        "start": 14853,
        "end": 14866
      }
    },
    {
      "kind": "intent",
      "name": "SlashForeign",
      "span": {
        "start": 15535,
        "end": 16125
      },
      "nameSpan": {
        "start": 15542,
        "end": 15554
      }
    },
    {
      "kind": "intent",
      "name": "UnbondForeign",
      "span": {
        "start": 16128,
        "end": 16738
      },
      "nameSpan": {
        "start": 16135,
        "end": 16148
      }
    },
    {
      "kind": "intent",
      "name": "WithdrawForeign",
      "span": {
        "start": 16741,
        "end": 17515
      },
      "nameSpan": {
        "start": 16748,
        "end": 16763
      }
    }
  ],
  "actions": [
    {
      "name": "escrow_home",
      "intent": "LockRail",
      "span": {
        "start": 17518,
        "end": 17551
      },
      "nameSpan": {
        "start": 17525,
        "end": 17536
      },
      "support": "SpecifiedOnly",
      "coverage": {
        "syntax": "Checked",
        "names": "Checked",
        "quantities": "Checked",
        "financialRelations": "Open",
        "localPreparation": "Unsupported"
      }
    },
    {
      "name": "claim_foreign",
      "intent": "TakeClaim",
      "span": {
        "start": 17554,
        "end": 17590
      },
      "nameSpan": {
        "start": 17561,
        "end": 17574
      },
      "support": "SpecifiedOnly",
      "coverage": {
        "syntax": "Checked",
        "names": "Checked",
        "quantities": "Checked",
        "financialRelations": "Open",
        "localPreparation": "Unsupported"
      }
    },
    {
      "name": "recover_home",
      "intent": "RecoverRail",
      "span": {
        "start": 17593,
        "end": 17630
      },
      "nameSpan": {
        "start": 17600,
        "end": 17612
      },
      "support": "SpecifiedOnly",
      "coverage": {
        "syntax": "Checked",
        "names": "Checked",
        "quantities": "Checked",
        "financialRelations": "Open",
        "localPreparation": "Unsupported"
      }
    },
    {
      "name": "deposit_home",
      "intent": "StakeHome",
      "span": {
        "start": 17633,
        "end": 17668
      },
      "nameSpan": {
        "start": 17640,
        "end": 17652
      },
      "support": "SpecifiedOnly",
      "coverage": {
        "syntax": "Checked",
        "names": "Checked",
        "quantities": "Checked",
        "financialRelations": "Open",
        "localPreparation": "Unsupported"
      }
    },
    {
      "name": "reward_home",
      "intent": "RewardHome",
      "span": {
        "start": 17671,
        "end": 17706
      },
      "nameSpan": {
        "start": 17678,
        "end": 17689
      },
      "support": "SpecifiedOnly",
      "coverage": {
        "syntax": "Checked",
        "names": "Checked",
        "quantities": "Checked",
        "financialRelations": "Open",
        "localPreparation": "Unsupported"
      }
    },
    {
      "name": "slash_home",
      "intent": "SlashHome",
      "span": {
        "start": 17709,
        "end": 17742
      },
      "nameSpan": {
        "start": 17716,
        "end": 17726
      },
      "support": "SpecifiedOnly",
      "coverage": {
        "syntax": "Checked",
        "names": "Checked",
        "quantities": "Checked",
        "financialRelations": "Open",
        "localPreparation": "Unsupported"
      }
    },
    {
      "name": "unbond_home",
      "intent": "UnbondHome",
      "span": {
        "start": 17745,
        "end": 17780
      },
      "nameSpan": {
        "start": 17752,
        "end": 17763
      },
      "support": "SpecifiedOnly",
      "coverage": {
        "syntax": "Checked",
        "names": "Checked",
        "quantities": "Checked",
        "financialRelations": "Open",
        "localPreparation": "Unsupported"
      }
    },
    {
      "name": "withdraw_home",
      "intent": "WithdrawHome",
      "span": {
        "start": 17783,
        "end": 17822
      },
      "nameSpan": {
        "start": 17790,
        "end": 17803
      },
      "support": "SpecifiedOnly",
      "coverage": {
        "syntax": "Checked",
        "names": "Checked",
        "quantities": "Checked",
        "financialRelations": "Open",
        "localPreparation": "Unsupported"
      }
    },
    {
      "name": "deposit_foreign",
      "intent": "StakeForeign",
      "span": {
        "start": 17825,
        "end": 17866
      },
      "nameSpan": {
        "start": 17832,
        "end": 17847
      },
      "support": "SpecifiedOnly",
      "coverage": {
        "syntax": "Checked",
        "names": "Checked",
        "quantities": "Checked",
        "financialRelations": "Open",
        "localPreparation": "Unsupported"
      }
    },
    {
      "name": "reward_foreign",
      "intent": "RewardForeign",
      "span": {
        "start": 17869,
        "end": 17910
      },
      "nameSpan": {
        "start": 17876,
        "end": 17890
      },
      "support": "SpecifiedOnly",
      "coverage": {
        "syntax": "Checked",
        "names": "Checked",
        "quantities": "Checked",
        "financialRelations": "Open",
        "localPreparation": "Unsupported"
      }
    },
    {
      "name": "slash_foreign",
      "intent": "SlashForeign",
      "span": {
        "start": 17913,
        "end": 17952
      },
      "nameSpan": {
        "start": 17920,
        "end": 17933
      },
      "support": "SpecifiedOnly",
      "coverage": {
        "syntax": "Checked",
        "names": "Checked",
        "quantities": "Checked",
        "financialRelations": "Open",
        "localPreparation": "Unsupported"
      }
    },
    {
      "name": "unbond_foreign",
      "intent": "UnbondForeign",
      "span": {
        "start": 17955,
        "end": 17996
      },
      "nameSpan": {
        "start": 17962,
        "end": 17976
      },
      "support": "SpecifiedOnly",
      "coverage": {
        "syntax": "Checked",
        "names": "Checked",
        "quantities": "Checked",
        "financialRelations": "Open",
        "localPreparation": "Unsupported"
      }
    },
    {
      "name": "withdraw_foreign",
      "intent": "WithdrawForeign",
      "span": {
        "start": 17999,
        "end": 18044
      },
      "nameSpan": {
        "start": 18006,
        "end": 18022
      },
      "support": "SpecifiedOnly",
      "coverage": {
        "syntax": "Checked",
        "names": "Checked",
        "quantities": "Checked",
        "financialRelations": "Open",
        "localPreparation": "Unsupported"
      }
    }
  ],
  "references": [
    {
      "name": "HomeRail",
      "useSpan": {
        "start": 988,
        "end": 996
      },
      "declarationSpan": {
        "start": 750,
        "end": 847
      }
    },
    {
      "name": "HomeRail",
      "useSpan": {
        "start": 1065,
        "end": 1073
      },
      "declarationSpan": {
        "start": 750,
        "end": 847
      }
    },
    {
      "name": "HomeRail",
      "useSpan": {
        "start": 1142,
        "end": 1150
      },
      "declarationSpan": {
        "start": 750,
        "end": 847
      }
    },
    {
      "name": "ForeignClaim",
      "useSpan": {
        "start": 1215,
        "end": 1227
      },
      "declarationSpan": {
        "start": 850,
        "end": 954
      }
    },
    {
      "name": "ForeignClaim",
      "useSpan": {
        "start": 1294,
        "end": 1306
      },
      "declarationSpan": {
        "start": 850,
        "end": 954
      }
    },
    {
      "name": "ForeignClaim",
      "useSpan": {
        "start": 1381,
        "end": 1393
      },
      "declarationSpan": {
        "start": 850,
        "end": 954
      }
    },
    {
      "name": "HomeRail",
      "useSpan": {
        "start": 1460,
        "end": 1468
      },
      "declarationSpan": {
        "start": 750,
        "end": 847
      }
    },
    {
      "name": "ForeignClaim",
      "useSpan": {
        "start": 1601,
        "end": 1613
      },
      "declarationSpan": {
        "start": 850,
        "end": 954
      }
    },
    {
      "name": "HomeRail",
      "useSpan": {
        "start": 1756,
        "end": 1764
      },
      "declarationSpan": {
        "start": 750,
        "end": 847
      }
    },
    {
      "name": "RailUSD",
      "useSpan": {
        "start": 1805,
        "end": 1812
      },
      "declarationSpan": {
        "start": 1430,
        "end": 1567
      }
    },
    {
      "name": "ForeignClaim",
      "useSpan": {
        "start": 1862,
        "end": 1874
      },
      "declarationSpan": {
        "start": 850,
        "end": 954
      }
    },
    {
      "name": "ClaimUSD",
      "useSpan": {
        "start": 1916,
        "end": 1924
      },
      "declarationSpan": {
        "start": 1570,
        "end": 1714
      }
    },
    {
      "name": "partial_share_atoms",
      "useSpan": {
        "start": 2183,
        "end": 2202
      },
      "declarationSpan": {
        "start": 2044,
        "end": 2087
      }
    },
    {
      "name": "full_share_atoms",
      "useSpan": {
        "start": 2236,
        "end": 2252
      },
      "declarationSpan": {
        "start": 2001,
        "end": 2041
      }
    },
    {
      "name": "share_ratio_right",
      "useSpan": {
        "start": 2284,
        "end": 2301
      },
      "declarationSpan": {
        "start": 2210,
        "end": 2257
      }
    },
    {
      "name": "share_ratio_left",
      "useSpan": {
        "start": 2304,
        "end": 2320
      },
      "declarationSpan": {
        "start": 2158,
        "end": 2207
      }
    },
    {
      "name": "claim_face_atom_count",
      "useSpan": {
        "start": 2516,
        "end": 2537
      },
      "declarationSpan": {
        "start": 2371,
        "end": 2421
      }
    },
    {
      "name": "rail_face_atom_count",
      "useSpan": {
        "start": 2540,
        "end": 2560
      },
      "declarationSpan": {
        "start": 2324,
        "end": 2368
      }
    },
    {
      "name": "RailUSD",
      "useSpan": {
        "start": 2605,
        "end": 2612
      },
      "declarationSpan": {
        "start": 1430,
        "end": 1567
      }
    },
    {
      "name": "RailUSD",
      "useSpan": {
        "start": 2587,
        "end": 2594
      },
      "declarationSpan": {
        "start": 1430,
        "end": 1567
      }
    },
    {
      "name": "RailUSD",
      "useSpan": {
        "start": 2667,
        "end": 2674
      },
      "declarationSpan": {
        "start": 1430,
        "end": 1567
      }
    },
    {
      "name": "RailUSD",
      "useSpan": {
        "start": 2643,
        "end": 2650
      },
      "declarationSpan": {
        "start": 1430,
        "end": 1567
      }
    },
    {
      "name": "escrow_face",
      "useSpan": {
        "start": 2716,
        "end": 2727
      },
      "declarationSpan": {
        "start": 2564,
        "end": 2613
      }
    },
    {
      "name": "home_face_atoms",
      "useSpan": {
        "start": 2730,
        "end": 2745
      },
      "declarationSpan": {
        "start": 2616,
        "end": 2691
      }
    },
    {
      "name": "RailUSD",
      "useSpan": {
        "start": 2789,
        "end": 2796
      },
      "declarationSpan": {
        "start": 1430,
        "end": 1567
      }
    },
    {
      "name": "RailUSD",
      "useSpan": {
        "start": 2773,
        "end": 2780
      },
      "declarationSpan": {
        "start": 1430,
        "end": 1567
      }
    },
    {
      "name": "RailUSD",
      "useSpan": {
        "start": 2839,
        "end": 2846
      },
      "declarationSpan": {
        "start": 1430,
        "end": 1567
      }
    },
    {
      "name": "RailUSD",
      "useSpan": {
        "start": 2823,
        "end": 2830
      },
      "declarationSpan": {
        "start": 1430,
        "end": 1567
      }
    },
    {
      "name": "reward_slice",
      "useSpan": {
        "start": 2875,
        "end": 2887
      },
      "declarationSpan": {
        "start": 2749,
        "end": 2797
      }
    },
    {
      "name": "slash_slice",
      "useSpan": {
        "start": 2890,
        "end": 2901
      },
      "declarationSpan": {
        "start": 2800,
        "end": 2847
      }
    },
    {
      "name": "RailUSD",
      "useSpan": {
        "start": 2946,
        "end": 2953
      },
      "declarationSpan": {
        "start": 1430,
        "end": 1567
      }
    },
    {
      "name": "RailUSD",
      "useSpan": {
        "start": 2930,
        "end": 2937
      },
      "declarationSpan": {
        "start": 1430,
        "end": 1567
      }
    },
    {
      "name": "reward_stated",
      "useSpan": {
        "start": 2976,
        "end": 2989
      },
      "declarationSpan": {
        "start": 2905,
        "end": 2954
      }
    },
    {
      "name": "reward_and_slash",
      "useSpan": {
        "start": 2992,
        "end": 3008
      },
      "declarationSpan": {
        "start": 2850,
        "end": 2902
      }
    },
    {
      "name": "RailUSD",
      "useSpan": {
        "start": 3060,
        "end": 3067
      },
      "declarationSpan": {
        "start": 1430,
        "end": 1567
      }
    },
    {
      "name": "RailUSD",
      "useSpan": {
        "start": 3042,
        "end": 3049
      },
      "declarationSpan": {
        "start": 1430,
        "end": 1567
      }
    },
    {
      "name": "RailUSD",
      "useSpan": {
        "start": 3114,
        "end": 3121
      },
      "declarationSpan": {
        "start": 1430,
        "end": 1567
      }
    },
    {
      "name": "RailUSD",
      "useSpan": {
        "start": 3097,
        "end": 3104
      },
      "declarationSpan": {
        "start": 1430,
        "end": 1567
      }
    },
    {
      "name": "proportional_slice",
      "useSpan": {
        "start": 3143,
        "end": 3161
      },
      "declarationSpan": {
        "start": 3012,
        "end": 3068
      }
    },
    {
      "name": "withdraw_floor",
      "useSpan": {
        "start": 3164,
        "end": 3178
      },
      "declarationSpan": {
        "start": 3071,
        "end": 3122
      }
    },
    {
      "name": "escrow_face",
      "useSpan": {
        "start": 3206,
        "end": 3217
      },
      "declarationSpan": {
        "start": 2564,
        "end": 2613
      }
    },
    {
      "name": "proportional_slice",
      "useSpan": {
        "start": 3250,
        "end": 3268
      },
      "declarationSpan": {
        "start": 3012,
        "end": 3068
      }
    },
    {
      "name": "home_five_slices",
      "useSpan": {
        "start": 3304,
        "end": 3320
      },
      "declarationSpan": {
        "start": 3225,
        "end": 3273
      }
    },
    {
      "name": "home_two_fifths",
      "useSpan": {
        "start": 3323,
        "end": 3338
      },
      "declarationSpan": {
        "start": 3182,
        "end": 3222
      }
    },
    {
      "name": "withdraw_floor",
      "useSpan": {
        "start": 3376,
        "end": 3390
      },
      "declarationSpan": {
        "start": 3071,
        "end": 3122
      }
    },
    {
      "name": "proportional_slice",
      "useSpan": {
        "start": 3395,
        "end": 3413
      },
      "declarationSpan": {
        "start": 3012,
        "end": 3068
      }
    },
    {
      "name": "tighter_home_floor",
      "useSpan": {
        "start": 3438,
        "end": 3456
      },
      "declarationSpan": {
        "start": 3342,
        "end": 3415
      }
    },
    {
      "name": "withdraw_floor",
      "useSpan": {
        "start": 3459,
        "end": 3473
      },
      "declarationSpan": {
        "start": 3071,
        "end": 3122
      }
    },
    {
      "name": "ClaimUSD",
      "useSpan": {
        "start": 3522,
        "end": 3530
      },
      "declarationSpan": {
        "start": 1570,
        "end": 1714
      }
    },
    {
      "name": "ClaimUSD",
      "useSpan": {
        "start": 3499,
        "end": 3507
      },
      "declarationSpan": {
        "start": 1570,
        "end": 1714
      }
    },
    {
      "name": "ClaimUSD",
      "useSpan": {
        "start": 3582,
        "end": 3590
      },
      "declarationSpan": {
        "start": 1570,
        "end": 1714
      }
    },
    {
      "name": "ClaimUSD",
      "useSpan": {
        "start": 3557,
        "end": 3565
      },
      "declarationSpan": {
        "start": 1570,
        "end": 1714
      }
    },
    {
      "name": "claim_face",
      "useSpan": {
        "start": 3633,
        "end": 3643
      },
      "declarationSpan": {
        "start": 3477,
        "end": 3531
      }
    },
    {
      "name": "claim_atoms",
      "useSpan": {
        "start": 3646,
        "end": 3657
      },
      "declarationSpan": {
        "start": 3534,
        "end": 3612
      }
    },
    {
      "name": "ClaimUSD",
      "useSpan": {
        "start": 3708,
        "end": 3716
      },
      "declarationSpan": {
        "start": 1570,
        "end": 1714
      }
    },
    {
      "name": "ClaimUSD",
      "useSpan": {
        "start": 3687,
        "end": 3695
      },
      "declarationSpan": {
        "start": 1570,
        "end": 1714
      }
    },
    {
      "name": "ClaimUSD",
      "useSpan": {
        "start": 3766,
        "end": 3774
      },
      "declarationSpan": {
        "start": 1570,
        "end": 1714
      }
    },
    {
      "name": "ClaimUSD",
      "useSpan": {
        "start": 3745,
        "end": 3753
      },
      "declarationSpan": {
        "start": 1570,
        "end": 1714
      }
    },
    {
      "name": "foreign_reward",
      "useSpan": {
        "start": 3811,
        "end": 3825
      },
      "declarationSpan": {
        "start": 3661,
        "end": 3717
      }
    },
    {
      "name": "foreign_slash",
      "useSpan": {
        "start": 3828,
        "end": 3841
      },
      "declarationSpan": {
        "start": 3720,
        "end": 3775
      }
    },
    {
      "name": "ClaimUSD",
      "useSpan": {
        "start": 3899,
        "end": 3907
      },
      "declarationSpan": {
        "start": 1570,
        "end": 1714
      }
    },
    {
      "name": "ClaimUSD",
      "useSpan": {
        "start": 3878,
        "end": 3886
      },
      "declarationSpan": {
        "start": 1570,
        "end": 1714
      }
    },
    {
      "name": "foreign_reward_stated",
      "useSpan": {
        "start": 3938,
        "end": 3959
      },
      "declarationSpan": {
        "start": 3845,
        "end": 3908
      }
    },
    {
      "name": "foreign_reward_and_slash",
      "useSpan": {
        "start": 3962,
        "end": 3986
      },
      "declarationSpan": {
        "start": 3778,
        "end": 3842
      }
    },
    {
      "name": "ClaimUSD",
      "useSpan": {
        "start": 4038,
        "end": 4046
      },
      "declarationSpan": {
        "start": 1570,
        "end": 1714
      }
    },
    {
      "name": "ClaimUSD",
      "useSpan": {
        "start": 4015,
        "end": 4023
      },
      "declarationSpan": {
        "start": 1570,
        "end": 1714
      }
    },
    {
      "name": "ClaimUSD",
      "useSpan": {
        "start": 4097,
        "end": 4105
      },
      "declarationSpan": {
        "start": 1570,
        "end": 1714
      }
    },
    {
      "name": "ClaimUSD",
      "useSpan": {
        "start": 4075,
        "end": 4083
      },
      "declarationSpan": {
        "start": 1570,
        "end": 1714
      }
    },
    {
      "name": "foreign_slice",
      "useSpan": {
        "start": 4135,
        "end": 4148
      },
      "declarationSpan": {
        "start": 3990,
        "end": 4047
      }
    },
    {
      "name": "foreign_floor",
      "useSpan": {
        "start": 4151,
        "end": 4164
      },
      "declarationSpan": {
        "start": 4050,
        "end": 4106
      }
    },
    {
      "name": "claim_face",
      "useSpan": {
        "start": 4195,
        "end": 4205
      },
      "declarationSpan": {
        "start": 3477,
        "end": 3531
      }
    },
    {
      "name": "foreign_slice",
      "useSpan": {
        "start": 4241,
        "end": 4254
      },
      "declarationSpan": {
        "start": 3990,
        "end": 4047
      }
    },
    {
      "name": "foreign_five_slices",
      "useSpan": {
        "start": 4293,
        "end": 4312
      },
      "declarationSpan": {
        "start": 4213,
        "end": 4259
      }
    },
    {
      "name": "foreign_two_fifths",
      "useSpan": {
        "start": 4315,
        "end": 4333
      },
      "declarationSpan": {
        "start": 4168,
        "end": 4210
      }
    },
    {
      "name": "Custodian",
      "useSpan": {
        "start": 4534,
        "end": 4543
      },
      "declarationSpan": {
        "start": 1031,
        "end": 1104
      }
    },
    {
      "name": "window_close",
      "useSpan": {
        "start": 4590,
        "end": 4602
      },
      "declarationSpan": {
        "start": 1966,
        "end": 1998
      }
    },
    {
      "name": "escrow_face",
      "useSpan": {
        "start": 4646,
        "end": 4657
      },
      "declarationSpan": {
        "start": 2564,
        "end": 2613
      }
    },
    {
      "name": "Staker",
      "useSpan": {
        "start": 4692,
        "end": 4698
      },
      "declarationSpan": {
        "start": 957,
        "end": 1028
      }
    },
    {
      "name": "Staker",
      "useSpan": {
        "start": 4813,
        "end": 4819
      },
      "declarationSpan": {
        "start": 957,
        "end": 1028
      }
    },
    {
      "name": "Holder",
      "useSpan": {
        "start": 4886,
        "end": 4892
      },
      "declarationSpan": {
        "start": 1184,
        "end": 1255
      }
    },
    {
      "name": "ForeignClaim",
      "useSpan": {
        "start": 4937,
        "end": 4949
      },
      "declarationSpan": {
        "start": 850,
        "end": 954
      }
    },
    {
      "name": "window_open",
      "useSpan": {
        "start": 5060,
        "end": 5071
      },
      "declarationSpan": {
        "start": 1932,
        "end": 1963
      }
    },
    {
      "name": "HomeRail",
      "useSpan": {
        "start": 5203,
        "end": 5211
      },
      "declarationSpan": {
        "start": 750,
        "end": 847
      }
    },
    {
      "name": "escrow_face",
      "useSpan": {
        "start": 5366,
        "end": 5377
      },
      "declarationSpan": {
        "start": 2564,
        "end": 2613
      }
    },
    {
      "name": "ForeignClaim",
      "useSpan": {
        "start": 5804,
        "end": 5816
      },
      "declarationSpan": {
        "start": 850,
        "end": 954
      }
    },
    {
      "name": "claim_face",
      "useSpan": {
        "start": 5961,
        "end": 5971
      },
      "declarationSpan": {
        "start": 3477,
        "end": 3531
      }
    },
    {
      "name": "HomeRail",
      "useSpan": {
        "start": 6415,
        "end": 6423
      },
      "declarationSpan": {
        "start": 750,
        "end": 847
      }
    },
    {
      "name": "proportional_slice",
      "useSpan": {
        "start": 6575,
        "end": 6593
      },
      "declarationSpan": {
        "start": 3012,
        "end": 3068
      }
    },
    {
      "name": "ForeignClaim",
      "useSpan": {
        "start": 7023,
        "end": 7035
      },
      "declarationSpan": {
        "start": 850,
        "end": 954
      }
    },
    {
      "name": "foreign_slice",
      "useSpan": {
        "start": 7182,
        "end": 7195
      },
      "declarationSpan": {
        "start": 3990,
        "end": 4047
      }
    },
    {
      "name": "EscrowLock",
      "useSpan": {
        "start": 7679,
        "end": 7689
      },
      "declarationSpan": {
        "start": 5170,
        "end": 5769
      }
    },
    {
      "name": "ClaimDuty",
      "useSpan": {
        "start": 7695,
        "end": 7704
      },
      "declarationSpan": {
        "start": 5772,
        "end": 6375
      }
    },
    {
      "name": "HomeUnbondDuty",
      "useSpan": {
        "start": 7710,
        "end": 7724
      },
      "declarationSpan": {
        "start": 6378,
        "end": 6980
      }
    },
    {
      "name": "ForeignUnbondDuty",
      "useSpan": {
        "start": 7730,
        "end": 7747
      },
      "declarationSpan": {
        "start": 6983,
        "end": 7606
      }
    },
    {
      "name": "EscrowAuthority",
      "useSpan": {
        "start": 8146,
        "end": 8161
      },
      "declarationSpan": {
        "start": 4496,
        "end": 4751
      }
    },
    {
      "name": "HomeRail",
      "useSpan": {
        "start": 8201,
        "end": 8209
      },
      "declarationSpan": {
        "start": 750,
        "end": 847
      }
    },
    {
      "name": "RailUSD",
      "useSpan": {
        "start": 8222,
        "end": 8229
      },
      "declarationSpan": {
        "start": 1430,
        "end": 1567
      }
    },
    {
      "name": "Staker",
      "useSpan": {
        "start": 8243,
        "end": 8249
      },
      "declarationSpan": {
        "start": 957,
        "end": 1028
      }
    },
    {
      "name": "DutyTerms",
      "useSpan": {
        "start": 8263,
        "end": 8272
      },
      "declarationSpan": {
        "start": 4337,
        "end": 4493
      }
    },
    {
      "name": "EscrowAuthority",
      "useSpan": {
        "start": 8289,
        "end": 8304
      },
      "declarationSpan": {
        "start": 4496,
        "end": 4751
      }
    },
    {
      "name": "HomeRail",
      "useSpan": {
        "start": 8332,
        "end": 8340
      },
      "declarationSpan": {
        "start": 750,
        "end": 847
      }
    },
    {
      "name": "window_open",
      "useSpan": {
        "start": 8352,
        "end": 8363
      },
      "declarationSpan": {
        "start": 1932,
        "end": 1963
      }
    },
    {
      "name": "window_close",
      "useSpan": {
        "start": 8373,
        "end": 8385
      },
      "declarationSpan": {
        "start": 1966,
        "end": 1998
      }
    },
    {
      "name": "escrow_face",
      "useSpan": {
        "start": 8403,
        "end": 8414
      },
      "declarationSpan": {
        "start": 2564,
        "end": 2613
      }
    },
    {
      "name": "home_face_gap",
      "useSpan": {
        "start": 8429,
        "end": 8442
      },
      "declarationSpan": {
        "start": 2694,
        "end": 2746
      }
    },
    {
      "name": "escrow_face",
      "useSpan": {
        "start": 8459,
        "end": 8470
      },
      "declarationSpan": {
        "start": 2564,
        "end": 2613
      }
    },
    {
      "name": "Staker",
      "useSpan": {
        "start": 8937,
        "end": 8943
      },
      "declarationSpan": {
        "start": 957,
        "end": 1028
      }
    },
    {
      "name": "escrow_face",
      "useSpan": {
        "start": 8957,
        "end": 8968
      },
      "declarationSpan": {
        "start": 2564,
        "end": 2613
      }
    },
    {
      "name": "ForeignClaim",
      "useSpan": {
        "start": 8987,
        "end": 8999
      },
      "declarationSpan": {
        "start": 850,
        "end": 954
      }
    },
    {
      "name": "ForeignClaim",
      "useSpan": {
        "start": 9073,
        "end": 9085
      },
      "declarationSpan": {
        "start": 850,
        "end": 954
      }
    },
    {
      "name": "ClaimUSD",
      "useSpan": {
        "start": 9098,
        "end": 9106
      },
      "declarationSpan": {
        "start": 1570,
        "end": 1714
      }
    },
    {
      "name": "Holder",
      "useSpan": {
        "start": 9120,
        "end": 9126
      },
      "declarationSpan": {
        "start": 1184,
        "end": 1255
      }
    },
    {
      "name": "DutyTerms",
      "useSpan": {
        "start": 9140,
        "end": 9149
      },
      "declarationSpan": {
        "start": 4337,
        "end": 4493
      }
    },
    {
      "name": "ForeignClaim",
      "useSpan": {
        "start": 9221,
        "end": 9233
      },
      "declarationSpan": {
        "start": 850,
        "end": 954
      }
    },
    {
      "name": "window_open",
      "useSpan": {
        "start": 9245,
        "end": 9256
      },
      "declarationSpan": {
        "start": 1932,
        "end": 1963
      }
    },
    {
      "name": "window_close",
      "useSpan": {
        "start": 9266,
        "end": 9278
      },
      "declarationSpan": {
        "start": 1966,
        "end": 1998
      }
    },
    {
      "name": "claim_face",
      "useSpan": {
        "start": 9296,
        "end": 9306
      },
      "declarationSpan": {
        "start": 3477,
        "end": 3531
      }
    },
    {
      "name": "claim_gap",
      "useSpan": {
        "start": 9321,
        "end": 9330
      },
      "declarationSpan": {
        "start": 3615,
        "end": 3658
      }
    },
    {
      "name": "claim_face",
      "useSpan": {
        "start": 9347,
        "end": 9357
      },
      "declarationSpan": {
        "start": 3477,
        "end": 3531
      }
    },
    {
      "name": "Holder",
      "useSpan": {
        "start": 9857,
        "end": 9863
      },
      "declarationSpan": {
        "start": 1184,
        "end": 1255
      }
    },
    {
      "name": "claim_face",
      "useSpan": {
        "start": 9877,
        "end": 9887
      },
      "declarationSpan": {
        "start": 3477,
        "end": 3531
      }
    },
    {
      "name": "HomeRail",
      "useSpan": {
        "start": 9901,
        "end": 9909
      },
      "declarationSpan": {
        "start": 750,
        "end": 847
      }
    },
    {
      "name": "HomeRail",
      "useSpan": {
        "start": 9985,
        "end": 9993
      },
      "declarationSpan": {
        "start": 750,
        "end": 847
      }
    },
    {
      "name": "RailUSD",
      "useSpan": {
        "start": 10006,
        "end": 10013
      },
      "declarationSpan": {
        "start": 1430,
        "end": 1567
      }
    },
    {
      "name": "Staker",
      "useSpan": {
        "start": 10027,
        "end": 10033
      },
      "declarationSpan": {
        "start": 957,
        "end": 1028
      }
    },
    {
      "name": "DutyTerms",
      "useSpan": {
        "start": 10047,
        "end": 10056
      },
      "declarationSpan": {
        "start": 4337,
        "end": 4493
      }
    },
    {
      "name": "EscrowAuthority",
      "useSpan": {
        "start": 10073,
        "end": 10088
      },
      "declarationSpan": {
        "start": 4496,
        "end": 4751
      }
    },
    {
      "name": "HomeRail",
      "useSpan": {
        "start": 10116,
        "end": 10124
      },
      "declarationSpan": {
        "start": 750,
        "end": 847
      }
    },
    {
      "name": "window_open",
      "useSpan": {
        "start": 10136,
        "end": 10147
      },
      "declarationSpan": {
        "start": 1932,
        "end": 1963
      }
    },
    {
      "name": "window_close",
      "useSpan": {
        "start": 10157,
        "end": 10169
      },
      "declarationSpan": {
        "start": 1966,
        "end": 1998
      }
    },
    {
      "name": "window_close",
      "useSpan": {
        "start": 10192,
        "end": 10204
      },
      "declarationSpan": {
        "start": 1966,
        "end": 1998
      }
    },
    {
      "name": "escrow_face",
      "useSpan": {
        "start": 10221,
        "end": 10232
      },
      "declarationSpan": {
        "start": 2564,
        "end": 2613
      }
    },
    {
      "name": "RailUSD",
      "useSpan": {
        "start": 10252,
        "end": 10259
      },
      "declarationSpan": {
        "start": 1430,
        "end": 1567
      }
    },
    {
      "name": "escrow_face",
      "useSpan": {
        "start": 10276,
        "end": 10287
      },
      "declarationSpan": {
        "start": 2564,
        "end": 2613
      }
    },
    {
      "name": "Staker",
      "useSpan": {
        "start": 10700,
        "end": 10706
      },
      "declarationSpan": {
        "start": 957,
        "end": 1028
      }
    },
    {
      "name": "escrow_face",
      "useSpan": {
        "start": 10720,
        "end": 10731
      },
      "declarationSpan": {
        "start": 2564,
        "end": 2613
      }
    },
    {
      "name": "HomeRail",
      "useSpan": {
        "start": 10805,
        "end": 10813
      },
      "declarationSpan": {
        "start": 750,
        "end": 847
      }
    },
    {
      "name": "RailUSD",
      "useSpan": {
        "start": 10826,
        "end": 10833
      },
      "declarationSpan": {
        "start": 1430,
        "end": 1567
      }
    },
    {
      "name": "Staker",
      "useSpan": {
        "start": 10847,
        "end": 10853
      },
      "declarationSpan": {
        "start": 957,
        "end": 1028
      }
    },
    {
      "name": "DutyTerms",
      "useSpan": {
        "start": 10867,
        "end": 10876
      },
      "declarationSpan": {
        "start": 4337,
        "end": 4493
      }
    },
    {
      "name": "HomeRail",
      "useSpan": {
        "start": 10904,
        "end": 10912
      },
      "declarationSpan": {
        "start": 750,
        "end": 847
      }
    },
    {
      "name": "window_open",
      "useSpan": {
        "start": 10924,
        "end": 10935
      },
      "declarationSpan": {
        "start": 1932,
        "end": 1963
      }
    },
    {
      "name": "window_close",
      "useSpan": {
        "start": 10945,
        "end": 10957
      },
      "declarationSpan": {
        "start": 1966,
        "end": 1998
      }
    },
    {
      "name": "escrow_face",
      "useSpan": {
        "start": 10975,
        "end": 10986
      },
      "declarationSpan": {
        "start": 2564,
        "end": 2613
      }
    },
    {
      "name": "RailUSD",
      "useSpan": {
        "start": 11006,
        "end": 11013
      },
      "declarationSpan": {
        "start": 1430,
        "end": 1567
      }
    },
    {
      "name": "escrow_face",
      "useSpan": {
        "start": 11030,
        "end": 11041
      },
      "declarationSpan": {
        "start": 2564,
        "end": 2613
      }
    },
    {
      "name": "Staker",
      "useSpan": {
        "start": 11451,
        "end": 11457
      },
      "declarationSpan": {
        "start": 957,
        "end": 1028
      }
    },
    {
      "name": "HomeShares",
      "useSpan": {
        "start": 11471,
        "end": 11481
      },
      "declarationSpan": {
        "start": 1717,
        "end": 1817
      }
    },
    {
      "name": "escrow_face",
      "useSpan": {
        "start": 11496,
        "end": 11507
      },
      "declarationSpan": {
        "start": 2564,
        "end": 2613
      }
    },
    {
      "name": "HomeRail",
      "useSpan": {
        "start": 11550,
        "end": 11558
      },
      "declarationSpan": {
        "start": 750,
        "end": 847
      }
    },
    {
      "name": "RailUSD",
      "useSpan": {
        "start": 11571,
        "end": 11578
      },
      "declarationSpan": {
        "start": 1430,
        "end": 1567
      }
    },
    {
      "name": "DutyTerms",
      "useSpan": {
        "start": 11592,
        "end": 11601
      },
      "declarationSpan": {
        "start": 4337,
        "end": 4493
      }
    },
    {
      "name": "reward_stated",
      "useSpan": {
        "start": 11618,
        "end": 11631
      },
      "declarationSpan": {
        "start": 2905,
        "end": 2954
      }
    },
    {
      "name": "reward_gap",
      "useSpan": {
        "start": 11646,
        "end": 11656
      },
      "declarationSpan": {
        "start": 2957,
        "end": 3009
      }
    },
    {
      "name": "reward_slice",
      "useSpan": {
        "start": 11673,
        "end": 11685
      },
      "declarationSpan": {
        "start": 2749,
        "end": 2797
      }
    },
    {
      "name": "HomeShares",
      "useSpan": {
        "start": 12066,
        "end": 12076
      },
      "declarationSpan": {
        "start": 1717,
        "end": 1817
      }
    },
    {
      "name": "reward_and_slash",
      "useSpan": {
        "start": 12090,
        "end": 12106
      },
      "declarationSpan": {
        "start": 2850,
        "end": 2902
      }
    },
    {
      "name": "HomeRail",
      "useSpan": {
        "start": 12148,
        "end": 12156
      },
      "declarationSpan": {
        "start": 750,
        "end": 847
      }
    },
    {
      "name": "RailUSD",
      "useSpan": {
        "start": 12169,
        "end": 12176
      },
      "declarationSpan": {
        "start": 1430,
        "end": 1567
      }
    },
    {
      "name": "DutyTerms",
      "useSpan": {
        "start": 12190,
        "end": 12199
      },
      "declarationSpan": {
        "start": 4337,
        "end": 4493
      }
    },
    {
      "name": "slash_slice",
      "useSpan": {
        "start": 12216,
        "end": 12227
      },
      "declarationSpan": {
        "start": 2800,
        "end": 2847
      }
    },
    {
      "name": "slash_slice",
      "useSpan": {
        "start": 12244,
        "end": 12255
      },
      "declarationSpan": {
        "start": 2800,
        "end": 2847
      }
    },
    {
      "name": "HomeShares",
      "useSpan": {
        "start": 12673,
        "end": 12683
      },
      "declarationSpan": {
        "start": 1717,
        "end": 1817
      }
    },
    {
      "name": "slash_slice",
      "useSpan": {
        "start": 12697,
        "end": 12708
      },
      "declarationSpan": {
        "start": 2800,
        "end": 2847
      }
    },
    {
      "name": "HomeRail",
      "useSpan": {
        "start": 12751,
        "end": 12759
      },
      "declarationSpan": {
        "start": 750,
        "end": 847
      }
    },
    {
      "name": "RailUSD",
      "useSpan": {
        "start": 12772,
        "end": 12779
      },
      "declarationSpan": {
        "start": 1430,
        "end": 1567
      }
    },
    {
      "name": "Staker",
      "useSpan": {
        "start": 12793,
        "end": 12799
      },
      "declarationSpan": {
        "start": 957,
        "end": 1028
      }
    },
    {
      "name": "DutyTerms",
      "useSpan": {
        "start": 12813,
        "end": 12822
      },
      "declarationSpan": {
        "start": 4337,
        "end": 4493
      }
    },
    {
      "name": "Staker",
      "useSpan": {
        "start": 13229,
        "end": 13235
      },
      "declarationSpan": {
        "start": 957,
        "end": 1028
      }
    },
    {
      "name": "HomeShares",
      "useSpan": {
        "start": 13249,
        "end": 13259
      },
      "declarationSpan": {
        "start": 1717,
        "end": 1817
      }
    },
    {
      "name": "partial_share_atoms",
      "useSpan": {
        "start": 13278,
        "end": 13297
      },
      "declarationSpan": {
        "start": 2044,
        "end": 2087
      }
    },
    {
      "name": "HomeRail",
      "useSpan": {
        "start": 13342,
        "end": 13350
      },
      "declarationSpan": {
        "start": 750,
        "end": 847
      }
    },
    {
      "name": "RailUSD",
      "useSpan": {
        "start": 13363,
        "end": 13370
      },
      "declarationSpan": {
        "start": 1430,
        "end": 1567
      }
    },
    {
      "name": "Staker",
      "useSpan": {
        "start": 13384,
        "end": 13390
      },
      "declarationSpan": {
        "start": 957,
        "end": 1028
      }
    },
    {
      "name": "DutyTerms",
      "useSpan": {
        "start": 13404,
        "end": 13413
      },
      "declarationSpan": {
        "start": 4337,
        "end": 4493
      }
    },
    {
      "name": "proportional_slice",
      "useSpan": {
        "start": 13430,
        "end": 13448
      },
      "declarationSpan": {
        "start": 3012,
        "end": 3068
      }
    },
    {
      "name": "floor_gap",
      "useSpan": {
        "start": 13463,
        "end": 13472
      },
      "declarationSpan": {
        "start": 3125,
        "end": 3179
      }
    },
    {
      "name": "withdraw_floor",
      "useSpan": {
        "start": 13489,
        "end": 13503
      },
      "declarationSpan": {
        "start": 3071,
        "end": 3122
      }
    },
    {
      "name": "Staker",
      "useSpan": {
        "start": 13930,
        "end": 13936
      },
      "declarationSpan": {
        "start": 957,
        "end": 1028
      }
    },
    {
      "name": "HomeShares",
      "useSpan": {
        "start": 13950,
        "end": 13960
      },
      "declarationSpan": {
        "start": 1717,
        "end": 1817
      }
    },
    {
      "name": "partial_share_atoms",
      "useSpan": {
        "start": 13979,
        "end": 13998
      },
      "declarationSpan": {
        "start": 2044,
        "end": 2087
      }
    },
    {
      "name": "tighter_home_floor",
      "useSpan": {
        "start": 14021,
        "end": 14039
      },
      "declarationSpan": {
        "start": 3342,
        "end": 3415
      }
    },
    {
      "name": "ForeignClaim",
      "useSpan": {
        "start": 14084,
        "end": 14096
      },
      "declarationSpan": {
        "start": 850,
        "end": 954
      }
    },
    {
      "name": "ClaimUSD",
      "useSpan": {
        "start": 14109,
        "end": 14117
      },
      "declarationSpan": {
        "start": 1570,
        "end": 1714
      }
    },
    {
      "name": "Holder",
      "useSpan": {
        "start": 14131,
        "end": 14137
      },
      "declarationSpan": {
        "start": 1184,
        "end": 1255
      }
    },
    {
      "name": "DutyTerms",
      "useSpan": {
        "start": 14151,
        "end": 14160
      },
      "declarationSpan": {
        "start": 4337,
        "end": 4493
      }
    },
    {
      "name": "ForeignClaim",
      "useSpan": {
        "start": 14232,
        "end": 14244
      },
      "declarationSpan": {
        "start": 850,
        "end": 954
      }
    },
    {
      "name": "window_open",
      "useSpan": {
        "start": 14256,
        "end": 14267
      },
      "declarationSpan": {
        "start": 1932,
        "end": 1963
      }
    },
    {
      "name": "window_close",
      "useSpan": {
        "start": 14277,
        "end": 14289
      },
      "declarationSpan": {
        "start": 1966,
        "end": 1998
      }
    },
    {
      "name": "claim_face",
      "useSpan": {
        "start": 14307,
        "end": 14317
      },
      "declarationSpan": {
        "start": 3477,
        "end": 3531
      }
    },
    {
      "name": "ClaimUSD",
      "useSpan": {
        "start": 14341,
        "end": 14349
      },
      "declarationSpan": {
        "start": 1570,
        "end": 1714
      }
    },
    {
      "name": "claim_face",
      "useSpan": {
        "start": 14366,
        "end": 14376
      },
      "declarationSpan": {
        "start": 3477,
        "end": 3531
      }
    },
    {
      "name": "Holder",
      "useSpan": {
        "start": 14779,
        "end": 14785
      },
      "declarationSpan": {
        "start": 1184,
        "end": 1255
      }
    },
    {
      "name": "ForeignShares",
      "useSpan": {
        "start": 14799,
        "end": 14812
      },
      "declarationSpan": {
        "start": 1820,
        "end": 1929
      }
    },
    {
      "name": "claim_face",
      "useSpan": {
        "start": 14827,
        "end": 14837
      },
      "declarationSpan": {
        "start": 3477,
        "end": 3531
      }
    },
    {
      "name": "ForeignClaim",
      "useSpan": {
        "start": 14883,
        "end": 14895
      },
      "declarationSpan": {
        "start": 850,
        "end": 954
      }
    },
    {
      "name": "ClaimUSD",
      "useSpan": {
        "start": 14908,
        "end": 14916
      },
      "declarationSpan": {
        "start": 1570,
        "end": 1714
      }
    },
    {
      "name": "DutyTerms",
      "useSpan": {
        "start": 14930,
        "end": 14939
      },
      "declarationSpan": {
        "start": 4337,
        "end": 4493
      }
    },
    {
      "name": "foreign_reward_stated",
      "useSpan": {
        "start": 14956,
        "end": 14977
      },
      "declarationSpan": {
        "start": 3845,
        "end": 3908
      }
    },
    {
      "name": "foreign_reward_gap",
      "useSpan": {
        "start": 14992,
        "end": 15010
      },
      "declarationSpan": {
        "start": 3911,
        "end": 3987
      }
    },
    {
      "name": "foreign_reward",
      "useSpan": {
        "start": 15027,
        "end": 15041
      },
      "declarationSpan": {
        "start": 3661,
        "end": 3717
      }
    },
    {
      "name": "ForeignShares",
      "useSpan": {
        "start": 15475,
        "end": 15488
      },
      "declarationSpan": {
        "start": 1820,
        "end": 1929
      }
    },
    {
      "name": "foreign_reward_and_slash",
      "useSpan": {
        "start": 15502,
        "end": 15526
      },
      "declarationSpan": {
        "start": 3778,
        "end": 3842
      }
    },
    {
      "name": "ForeignClaim",
      "useSpan": {
        "start": 15571,
        "end": 15583
      },
      "declarationSpan": {
        "start": 850,
        "end": 954
      }
    },
    {
      "name": "ClaimUSD",
      "useSpan": {
        "start": 15596,
        "end": 15604
      },
      "declarationSpan": {
        "start": 1570,
        "end": 1714
      }
    },
    {
      "name": "DutyTerms",
      "useSpan": {
        "start": 15618,
        "end": 15627
      },
      "declarationSpan": {
        "start": 4337,
        "end": 4493
      }
    },
    {
      "name": "foreign_slash",
      "useSpan": {
        "start": 15644,
        "end": 15657
      },
      "declarationSpan": {
        "start": 3720,
        "end": 3775
      }
    },
    {
      "name": "foreign_slash",
      "useSpan": {
        "start": 15674,
        "end": 15687
      },
      "declarationSpan": {
        "start": 3720,
        "end": 3775
      }
    },
    {
      "name": "ForeignShares",
      "useSpan": {
        "start": 16079,
        "end": 16092
      },
      "declarationSpan": {
        "start": 1820,
        "end": 1929
      }
    },
    {
      "name": "foreign_slash",
      "useSpan": {
        "start": 16106,
        "end": 16119
      },
      "declarationSpan": {
        "start": 3720,
        "end": 3775
      }
    },
    {
      "name": "ForeignClaim",
      "useSpan": {
        "start": 16165,
        "end": 16177
      },
      "declarationSpan": {
        "start": 850,
        "end": 954
      }
    },
    {
      "name": "ClaimUSD",
      "useSpan": {
        "start": 16190,
        "end": 16198
      },
      "declarationSpan": {
        "start": 1570,
        "end": 1714
      }
    },
    {
      "name": "Holder",
      "useSpan": {
        "start": 16212,
        "end": 16218
      },
      "declarationSpan": {
        "start": 1184,
        "end": 1255
      }
    },
    {
      "name": "DutyTerms",
      "useSpan": {
        "start": 16232,
        "end": 16241
      },
      "declarationSpan": {
        "start": 4337,
        "end": 4493
      }
    },
    {
      "name": "Holder",
      "useSpan": {
        "start": 16661,
        "end": 16667
      },
      "declarationSpan": {
        "start": 1184,
        "end": 1255
      }
    },
    {
      "name": "ForeignShares",
      "useSpan": {
        "start": 16681,
        "end": 16694
      },
      "declarationSpan": {
        "start": 1820,
        "end": 1929
      }
    },
    {
      "name": "partial_share_atoms",
      "useSpan": {
        "start": 16713,
        "end": 16732
      },
      "declarationSpan": {
        "start": 2044,
        "end": 2087
      }
    },
    {
      "name": "ForeignClaim",
      "useSpan": {
        "start": 16780,
        "end": 16792
      },
      "declarationSpan": {
        "start": 850,
        "end": 954
      }
    },
    {
      "name": "ClaimUSD",
      "useSpan": {
        "start": 16805,
        "end": 16813
      },
      "declarationSpan": {
        "start": 1570,
        "end": 1714
      }
    },
    {
      "name": "Holder",
      "useSpan": {
        "start": 16827,
        "end": 16833
      },
      "declarationSpan": {
        "start": 1184,
        "end": 1255
      }
    },
    {
      "name": "DutyTerms",
      "useSpan": {
        "start": 16847,
        "end": 16856
      },
      "declarationSpan": {
        "start": 4337,
        "end": 4493
      }
    },
    {
      "name": "foreign_slice",
      "useSpan": {
        "start": 16873,
        "end": 16886
      },
      "declarationSpan": {
        "start": 3990,
        "end": 4047
      }
    },
    {
      "name": "foreign_floor_gap",
      "useSpan": {
        "start": 16901,
        "end": 16918
      },
      "declarationSpan": {
        "start": 4109,
        "end": 4165
      }
    },
    {
      "name": "foreign_floor",
      "useSpan": {
        "start": 16935,
        "end": 16948
      },
      "declarationSpan": {
        "start": 4050,
        "end": 4106
      }
    },
    {
      "name": "Holder",
      "useSpan": {
        "start": 17402,
        "end": 17408
      },
      "declarationSpan": {
        "start": 1184,
        "end": 1255
      }
    },
    {
      "name": "ForeignShares",
      "useSpan": {
        "start": 17422,
        "end": 17435
      },
      "declarationSpan": {
        "start": 1820,
        "end": 1929
      }
    },
    {
      "name": "partial_share_atoms",
      "useSpan": {
        "start": 17454,
        "end": 17473
      },
      "declarationSpan": {
        "start": 2044,
        "end": 2087
      }
    },
    {
      "name": "foreign_floor",
      "useSpan": {
        "start": 17496,
        "end": 17509
      },
      "declarationSpan": {
        "start": 4050,
        "end": 4106
      }
    },
    {
      "name": "LockRail",
      "useSpan": {
        "start": 17542,
        "end": 17550
      },
      "declarationSpan": {
        "start": 8169,
        "end": 9037
      }
    },
    {
      "name": "TakeClaim",
      "useSpan": {
        "start": 17580,
        "end": 17589
      },
      "declarationSpan": {
        "start": 9040,
        "end": 9947
      }
    },
    {
      "name": "RecoverRail",
      "useSpan": {
        "start": 17618,
        "end": 17629
      },
      "declarationSpan": {
        "start": 9950,
        "end": 10769
      }
    },
    {
      "name": "StakeHome",
      "useSpan": {
        "start": 17658,
        "end": 17667
      },
      "declarationSpan": {
        "start": 10772,
        "end": 11513
      }
    },
    {
      "name": "RewardHome",
      "useSpan": {
        "start": 17695,
        "end": 17705
      },
      "declarationSpan": {
        "start": 11516,
        "end": 12112
      }
    },
    {
      "name": "SlashHome",
      "useSpan": {
        "start": 17732,
        "end": 17741
      },
      "declarationSpan": {
        "start": 12115,
        "end": 12714
      }
    },
    {
      "name": "UnbondHome",
      "useSpan": {
        "start": 17769,
        "end": 17779
      },
      "declarationSpan": {
        "start": 12717,
        "end": 13303
      }
    },
    {
      "name": "WithdrawHome",
      "useSpan": {
        "start": 17809,
        "end": 17821
      },
      "declarationSpan": {
        "start": 13306,
        "end": 14045
      }
    },
    {
      "name": "StakeForeign",
      "useSpan": {
        "start": 17853,
        "end": 17865
      },
      "declarationSpan": {
        "start": 14048,
        "end": 14843
      }
    },
    {
      "name": "RewardForeign",
      "useSpan": {
        "start": 17896,
        "end": 17909
      },
      "declarationSpan": {
        "start": 14846,
        "end": 15532
      }
    },
    {
      "name": "SlashForeign",
      "useSpan": {
        "start": 17939,
        "end": 17951
      },
      "declarationSpan": {
        "start": 15535,
        "end": 16125
      }
    },
    {
      "name": "UnbondForeign",
      "useSpan": {
        "start": 17982,
        "end": 17995
      },
      "declarationSpan": {
        "start": 16128,
        "end": 16738
      }
    },
    {
      "name": "WithdrawForeign",
      "useSpan": {
        "start": 18028,
        "end": 18043
      },
      "declarationSpan": {
        "start": 16741,
        "end": 17515
      }
    }
  ],
  "fieldUses": [
    {
      "containerSpan": {
        "start": 768,
        "end": 846
      },
      "key": "id",
      "span": {
        "start": 778,
        "end": 788
      }
    },
    {
      "containerSpan": {
        "start": 768,
        "end": 846
      },
      "key": "chain",
      "span": {
        "start": 801,
        "end": 812
      }
    },
    {
      "containerSpan": {
        "start": 768,
        "end": 846
      },
      "key": "network",
      "span": {
        "start": 827,
        "end": 842
      }
    },
    {
      "containerSpan": {
        "start": 872,
        "end": 953
      },
      "key": "id",
      "span": {
        "start": 882,
        "end": 896
      }
    },
    {
      "containerSpan": {
        "start": 872,
        "end": 953
      },
      "key": "chain",
      "span": {
        "start": 909,
        "end": 920
      }
    },
    {
      "containerSpan": {
        "start": 872,
        "end": 953
      },
      "key": "network",
      "span": {
        "start": 935,
        "end": 949
      }
    },
    {
      "containerSpan": {
        "start": 974,
        "end": 1027
      },
      "key": "domain",
      "span": {
        "start": 988,
        "end": 996
      }
    },
    {
      "containerSpan": {
        "start": 974,
        "end": 1027
      },
      "key": "id",
      "span": {
        "start": 1006,
        "end": 1023
      }
    },
    {
      "containerSpan": {
        "start": 1051,
        "end": 1103
      },
      "key": "domain",
      "span": {
        "start": 1065,
        "end": 1073
      }
    },
    {
      "containerSpan": {
        "start": 1051,
        "end": 1103
      },
      "key": "id",
      "span": {
        "start": 1083,
        "end": 1099
      }
    },
    {
      "containerSpan": {
        "start": 1128,
        "end": 1180
      },
      "key": "domain",
      "span": {
        "start": 1142,
        "end": 1150
      }
    },
    {
      "containerSpan": {
        "start": 1128,
        "end": 1180
      },
      "key": "id",
      "span": {
        "start": 1160,
        "end": 1176
      }
    },
    {
      "containerSpan": {
        "start": 1201,
        "end": 1254
      },
      "key": "domain",
      "span": {
        "start": 1215,
        "end": 1227
      }
    },
    {
      "containerSpan": {
        "start": 1201,
        "end": 1254
      },
      "key": "id",
      "span": {
        "start": 1237,
        "end": 1250
      }
    },
    {
      "containerSpan": {
        "start": 1280,
        "end": 1338
      },
      "key": "domain",
      "span": {
        "start": 1294,
        "end": 1306
      }
    },
    {
      "containerSpan": {
        "start": 1280,
        "end": 1338
      },
      "key": "id",
      "span": {
        "start": 1316,
        "end": 1334
      }
    },
    {
      "containerSpan": {
        "start": 1367,
        "end": 1426
      },
      "key": "domain",
      "span": {
        "start": 1381,
        "end": 1393
      }
    },
    {
      "containerSpan": {
        "start": 1367,
        "end": 1426
      },
      "key": "id",
      "span": {
        "start": 1403,
        "end": 1422
      }
    },
    {
      "containerSpan": {
        "start": 1446,
        "end": 1566
      },
      "key": "domain",
      "span": {
        "start": 1460,
        "end": 1468
      }
    },
    {
      "containerSpan": {
        "start": 1446,
        "end": 1566
      },
      "key": "id",
      "span": {
        "start": 1478,
        "end": 1496
      }
    },
    {
      "containerSpan": {
        "start": 1446,
        "end": 1566
      },
      "key": "scale",
      "span": {
        "start": 1509,
        "end": 1510
      }
    },
    {
      "containerSpan": {
        "start": 1446,
        "end": 1566
      },
      "key": "representation",
      "span": {
        "start": 1532,
        "end": 1543
      }
    },
    {
      "containerSpan": {
        "start": 1446,
        "end": 1566
      },
      "key": "symbol",
      "span": {
        "start": 1557,
        "end": 1562
      }
    },
    {
      "containerSpan": {
        "start": 1587,
        "end": 1713
      },
      "key": "domain",
      "span": {
        "start": 1601,
        "end": 1613
      }
    },
    {
      "containerSpan": {
        "start": 1587,
        "end": 1713
      },
      "key": "id",
      "span": {
        "start": 1623,
        "end": 1640
      }
    },
    {
      "containerSpan": {
        "start": 1587,
        "end": 1713
      },
      "key": "scale",
      "span": {
        "start": 1653,
        "end": 1654
      }
    },
    {
      "containerSpan": {
        "start": 1587,
        "end": 1713
      },
      "key": "representation",
      "span": {
        "start": 1676,
        "end": 1690
      }
    },
    {
      "containerSpan": {
        "start": 1587,
        "end": 1713
      },
      "key": "symbol",
      "span": {
        "start": 1704,
        "end": 1709
      }
    },
    {
      "containerSpan": {
        "start": 1742,
        "end": 1816
      },
      "key": "domain",
      "span": {
        "start": 1756,
        "end": 1764
      }
    },
    {
      "containerSpan": {
        "start": 1742,
        "end": 1816
      },
      "key": "id",
      "span": {
        "start": 1774,
        "end": 1790
      }
    },
    {
      "containerSpan": {
        "start": 1742,
        "end": 1816
      },
      "key": "backing",
      "span": {
        "start": 1805,
        "end": 1812
      }
    },
    {
      "containerSpan": {
        "start": 1848,
        "end": 1928
      },
      "key": "domain",
      "span": {
        "start": 1862,
        "end": 1874
      }
    },
    {
      "containerSpan": {
        "start": 1848,
        "end": 1928
      },
      "key": "id",
      "span": {
        "start": 1884,
        "end": 1901
      }
    },
    {
      "containerSpan": {
        "start": 1848,
        "end": 1928
      },
      "key": "backing",
      "span": {
        "start": 1916,
        "end": 1924
      }
    },
    {
      "containerSpan": {
        "start": 2654,
        "end": 2690
      },
      "key": "asset",
      "span": {
        "start": 2667,
        "end": 2674
      }
    },
    {
      "containerSpan": {
        "start": 2654,
        "end": 2690
      },
      "key": "value",
      "span": {
        "start": 2683,
        "end": 2689
      }
    },
    {
      "containerSpan": {
        "start": 3369,
        "end": 3414
      },
      "key": "a",
      "span": {
        "start": 3376,
        "end": 3390
      }
    },
    {
      "containerSpan": {
        "start": 3369,
        "end": 3414
      },
      "key": "b",
      "span": {
        "start": 3395,
        "end": 3413
      }
    },
    {
      "containerSpan": {
        "start": 3569,
        "end": 3611
      },
      "key": "asset",
      "span": {
        "start": 3582,
        "end": 3590
      }
    },
    {
      "containerSpan": {
        "start": 3569,
        "end": 3611
      },
      "key": "value",
      "span": {
        "start": 3599,
        "end": 3610
      }
    },
    {
      "containerSpan": {
        "start": 4356,
        "end": 4492
      },
      "key": "id",
      "span": {
        "start": 4366,
        "end": 4384
      }
    },
    {
      "containerSpan": {
        "start": 4356,
        "end": 4492
      },
      "key": "epoch",
      "span": {
        "start": 4397,
        "end": 4398
      }
    },
    {
      "containerSpan": {
        "start": 4356,
        "end": 4492
      },
      "key": "source_hash",
      "span": {
        "start": 4417,
        "end": 4439
      }
    },
    {
      "containerSpan": {
        "start": 4356,
        "end": 4492
      },
      "key": "duty_preservation",
      "span": {
        "start": 4464,
        "end": 4488
      }
    },
    {
      "containerSpan": {
        "start": 4520,
        "end": 4750
      },
      "key": "issuer",
      "span": {
        "start": 4534,
        "end": 4543
      }
    },
    {
      "containerSpan": {
        "start": 4520,
        "end": 4750
      },
      "key": "scope",
      "span": {
        "start": 4556,
        "end": 4576
      }
    },
    {
      "containerSpan": {
        "start": 4520,
        "end": 4750
      },
      "key": "expiry",
      "span": {
        "start": 4590,
        "end": 4602
      }
    },
    {
      "containerSpan": {
        "start": 4520,
        "end": 4750
      },
      "key": "revocation_epoch",
      "span": {
        "start": 4626,
        "end": 4627
      }
    },
    {
      "containerSpan": {
        "start": 4520,
        "end": 4750
      },
      "key": "gross_limit",
      "span": {
        "start": 4646,
        "end": 4657
      }
    },
    {
      "containerSpan": {
        "start": 4520,
        "end": 4750
      },
      "key": "work_limit",
      "span": {
        "start": 4675,
        "end": 4676
      }
    },
    {
      "containerSpan": {
        "start": 4520,
        "end": 4750
      },
      "key": "signers",
      "span": {
        "start": 4691,
        "end": 4699
      }
    },
    {
      "containerSpan": {
        "start": 4520,
        "end": 4750
      },
      "key": "evidence",
      "span": {
        "start": 4715,
        "end": 4746
      }
    },
    {
      "containerSpan": {
        "start": 4774,
        "end": 4823
      },
      "key": "id",
      "span": {
        "start": 4784,
        "end": 4798
      }
    },
    {
      "containerSpan": {
        "start": 4774,
        "end": 4823
      },
      "key": "account",
      "span": {
        "start": 4813,
        "end": 4819
      }
    },
    {
      "containerSpan": {
        "start": 4847,
        "end": 4896
      },
      "key": "id",
      "span": {
        "start": 4857,
        "end": 4871
      }
    },
    {
      "containerSpan": {
        "start": 4847,
        "end": 4896
      },
      "key": "account",
      "span": {
        "start": 4886,
        "end": 4892
      }
    },
    {
      "containerSpan": {
        "start": 4923,
        "end": 5166
      },
      "key": "domain",
      "span": {
        "start": 4937,
        "end": 4949
      }
    },
    {
      "containerSpan": {
        "start": 4923,
        "end": 5166
      },
      "key": "id",
      "span": {
        "start": 4959,
        "end": 4969
      }
    },
    {
      "containerSpan": {
        "start": 4923,
        "end": 5166
      },
      "key": "unit",
      "span": {
        "start": 4981,
        "end": 5003
      }
    },
    {
      "containerSpan": {
        "start": 4923,
        "end": 5166
      },
      "key": "source",
      "span": {
        "start": 5017,
        "end": 5038
      }
    },
    {
      "containerSpan": {
        "start": 4923,
        "end": 5166
      },
      "key": "observed_round",
      "span": {
        "start": 5060,
        "end": 5071
      }
    },
    {
      "containerSpan": {
        "start": 4923,
        "end": 5166
      },
      "key": "maximum_age",
      "span": {
        "start": 5090,
        "end": 5091
      }
    },
    {
      "containerSpan": {
        "start": 4923,
        "end": 5166
      },
      "key": "finality",
      "span": {
        "start": 5107,
        "end": 5121
      }
    },
    {
      "containerSpan": {
        "start": 4923,
        "end": 5166
      },
      "key": "provenance",
      "span": {
        "start": 5139,
        "end": 5162
      }
    },
    {
      "containerSpan": {
        "start": 5189,
        "end": 5768
      },
      "key": "domain",
      "span": {
        "start": 5203,
        "end": 5211
      }
    },
    {
      "containerSpan": {
        "start": 5189,
        "end": 5768
      },
      "key": "id",
      "span": {
        "start": 5221,
        "end": 5234
      }
    },
    {
      "containerSpan": {
        "start": 5189,
        "end": 5768
      },
      "key": "duty",
      "span": {
        "start": 5246,
        "end": 5329
      }
    },
    {
      "containerSpan": {
        "start": 5189,
        "end": 5768
      },
      "key": "status",
      "span": {
        "start": 5343,
        "end": 5352
      }
    },
    {
      "containerSpan": {
        "start": 5189,
        "end": 5768
      },
      "key": "amount",
      "span": {
        "start": 5366,
        "end": 5377
      }
    },
    {
      "containerSpan": {
        "start": 5189,
        "end": 5768
      },
      "key": "evidence",
      "span": {
        "start": 5393,
        "end": 5452
      }
    },
    {
      "containerSpan": {
        "start": 5189,
        "end": 5768
      },
      "key": "relation",
      "span": {
        "start": 5468,
        "end": 5506
      }
    },
    {
      "containerSpan": {
        "start": 5189,
        "end": 5768
      },
      "key": "paired_claim",
      "span": {
        "start": 5526,
        "end": 5542
      }
    },
    {
      "containerSpan": {
        "start": 5189,
        "end": 5768
      },
      "key": "failure",
      "span": {
        "start": 5557,
        "end": 5615
      }
    },
    {
      "containerSpan": {
        "start": 5189,
        "end": 5768
      },
      "key": "retained_duties",
      "span": {
        "start": 5638,
        "end": 5688
      }
    },
    {
      "containerSpan": {
        "start": 5189,
        "end": 5768
      },
      "key": "trigger",
      "span": {
        "start": 5703,
        "end": 5716
      }
    },
    {
      "containerSpan": {
        "start": 5189,
        "end": 5768
      },
      "key": "completion",
      "span": {
        "start": 5734,
        "end": 5764
      }
    },
    {
      "containerSpan": {
        "start": 5790,
        "end": 6374
      },
      "key": "domain",
      "span": {
        "start": 5804,
        "end": 5816
      }
    },
    {
      "containerSpan": {
        "start": 5790,
        "end": 6374
      },
      "key": "id",
      "span": {
        "start": 5826,
        "end": 5841
      }
    },
    {
      "containerSpan": {
        "start": 5790,
        "end": 6374
      },
      "key": "duty",
      "span": {
        "start": 5853,
        "end": 5915
      }
    },
    {
      "containerSpan": {
        "start": 5790,
        "end": 6374
      },
      "key": "status",
      "span": {
        "start": 5929,
        "end": 5947
      }
    },
    {
      "containerSpan": {
        "start": 5790,
        "end": 6374
      },
      "key": "amount",
      "span": {
        "start": 5961,
        "end": 5971
      }
    },
    {
      "containerSpan": {
        "start": 5790,
        "end": 6374
      },
      "key": "evidence",
      "span": {
        "start": 5987,
        "end": 6039
      }
    },
    {
      "containerSpan": {
        "start": 5790,
        "end": 6374
      },
      "key": "relation",
      "span": {
        "start": 6055,
        "end": 6126
      }
    },
    {
      "containerSpan": {
        "start": 5790,
        "end": 6374
      },
      "key": "paired_claim",
      "span": {
        "start": 6146,
        "end": 6162
      }
    },
    {
      "containerSpan": {
        "start": 5790,
        "end": 6374
      },
      "key": "failure",
      "span": {
        "start": 6177,
        "end": 6227
      }
    },
    {
      "containerSpan": {
        "start": 5790,
        "end": 6374
      },
      "key": "retained_duties",
      "span": {
        "start": 6250,
        "end": 6293
      }
    },
    {
      "containerSpan": {
        "start": 5790,
        "end": 6374
      },
      "key": "trigger",
      "span": {
        "start": 6308,
        "end": 6323
      }
    },
    {
      "containerSpan": {
        "start": 5790,
        "end": 6374
      },
      "key": "completion",
      "span": {
        "start": 6341,
        "end": 6370
      }
    },
    {
      "containerSpan": {
        "start": 6401,
        "end": 6979
      },
      "key": "domain",
      "span": {
        "start": 6415,
        "end": 6423
      }
    },
    {
      "containerSpan": {
        "start": 6401,
        "end": 6979
      },
      "key": "id",
      "span": {
        "start": 6433,
        "end": 6446
      }
    },
    {
      "containerSpan": {
        "start": 6401,
        "end": 6979
      },
      "key": "duty",
      "span": {
        "start": 6458,
        "end": 6527
      }
    },
    {
      "containerSpan": {
        "start": 6401,
        "end": 6979
      },
      "key": "status",
      "span": {
        "start": 6541,
        "end": 6561
      }
    },
    {
      "containerSpan": {
        "start": 6401,
        "end": 6979
      },
      "key": "amount",
      "span": {
        "start": 6575,
        "end": 6593
      }
    },
    {
      "containerSpan": {
        "start": 6401,
        "end": 6979
      },
      "key": "evidence",
      "span": {
        "start": 6609,
        "end": 6660
      }
    },
    {
      "containerSpan": {
        "start": 6401,
        "end": 6979
      },
      "key": "relation",
      "span": {
        "start": 6676,
        "end": 6748
      }
    },
    {
      "containerSpan": {
        "start": 6401,
        "end": 6979
      },
      "key": "paired_claim",
      "span": {
        "start": 6768,
        "end": 6784
      }
    },
    {
      "containerSpan": {
        "start": 6401,
        "end": 6979
      },
      "key": "failure",
      "span": {
        "start": 6799,
        "end": 6828
      }
    },
    {
      "containerSpan": {
        "start": 6401,
        "end": 6979
      },
      "key": "retained_duties",
      "span": {
        "start": 6851,
        "end": 6893
      }
    },
    {
      "containerSpan": {
        "start": 6401,
        "end": 6979
      },
      "key": "trigger",
      "span": {
        "start": 6908,
        "end": 6921
      }
    },
    {
      "containerSpan": {
        "start": 6401,
        "end": 6979
      },
      "key": "completion",
      "span": {
        "start": 6939,
        "end": 6975
      }
    },
    {
      "containerSpan": {
        "start": 7009,
        "end": 7605
      },
      "key": "domain",
      "span": {
        "start": 7023,
        "end": 7035
      }
    },
    {
      "containerSpan": {
        "start": 7009,
        "end": 7605
      },
      "key": "id",
      "span": {
        "start": 7045,
        "end": 7061
      }
    },
    {
      "containerSpan": {
        "start": 7009,
        "end": 7605
      },
      "key": "duty",
      "span": {
        "start": 7073,
        "end": 7134
      }
    },
    {
      "containerSpan": {
        "start": 7009,
        "end": 7605
      },
      "key": "status",
      "span": {
        "start": 7148,
        "end": 7168
      }
    },
    {
      "containerSpan": {
        "start": 7009,
        "end": 7605
      },
      "key": "amount",
      "span": {
        "start": 7182,
        "end": 7195
      }
    },
    {
      "containerSpan": {
        "start": 7009,
        "end": 7605
      },
      "key": "evidence",
      "span": {
        "start": 7211,
        "end": 7268
      }
    },
    {
      "containerSpan": {
        "start": 7009,
        "end": 7605
      },
      "key": "relation",
      "span": {
        "start": 7284,
        "end": 7352
      }
    },
    {
      "containerSpan": {
        "start": 7009,
        "end": 7605
      },
      "key": "paired_claim",
      "span": {
        "start": 7372,
        "end": 7388
      }
    },
    {
      "containerSpan": {
        "start": 7009,
        "end": 7605
      },
      "key": "failure",
      "span": {
        "start": 7403,
        "end": 7443
      }
    },
    {
      "containerSpan": {
        "start": 7009,
        "end": 7605
      },
      "key": "retained_duties",
      "span": {
        "start": 7466,
        "end": 7519
      }
    },
    {
      "containerSpan": {
        "start": 7009,
        "end": 7605
      },
      "key": "trigger",
      "span": {
        "start": 7534,
        "end": 7550
      }
    },
    {
      "containerSpan": {
        "start": 7009,
        "end": 7605
      },
      "key": "completion",
      "span": {
        "start": 7568,
        "end": 7601
      }
    },
    {
      "containerSpan": {
        "start": 7635,
        "end": 8165
      },
      "key": "id",
      "span": {
        "start": 7645,
        "end": 7664
      }
    },
    {
      "containerSpan": {
        "start": 7635,
        "end": 8165
      },
      "key": "stages",
      "span": {
        "start": 7678,
        "end": 7748
      }
    },
    {
      "containerSpan": {
        "start": 7635,
        "end": 8165
      },
      "key": "pending",
      "span": {
        "start": 7763,
        "end": 7851
      }
    },
    {
      "containerSpan": {
        "start": 7635,
        "end": 8165
      },
      "key": "timeout",
      "span": {
        "start": 7866,
        "end": 7915
      }
    },
    {
      "containerSpan": {
        "start": 7635,
        "end": 8165
      },
      "key": "recovery",
      "span": {
        "start": 7931,
        "end": 7978
      }
    },
    {
      "containerSpan": {
        "start": 7635,
        "end": 8165
      },
      "key": "failure",
      "span": {
        "start": 7993,
        "end": 8056
      }
    },
    {
      "containerSpan": {
        "start": 7635,
        "end": 8165
      },
      "key": "duty",
      "span": {
        "start": 8068,
        "end": 8129
      }
    },
    {
      "containerSpan": {
        "start": 7635,
        "end": 8165
      },
      "key": "authority",
      "span": {
        "start": 8146,
        "end": 8161
      }
    },
    {
      "containerSpan": {
        "start": 8317,
        "end": 8386
      },
      "key": "domain",
      "span": {
        "start": 8332,
        "end": 8340
      }
    },
    {
      "containerSpan": {
        "start": 8317,
        "end": 8386
      },
      "key": "from",
      "span": {
        "start": 8352,
        "end": 8363
      }
    },
    {
      "containerSpan": {
        "start": 8317,
        "end": 8386
      },
      "key": "to",
      "span": {
        "start": 8373,
        "end": 8385
      }
    },
    {
      "containerSpan": {
        "start": 8916,
        "end": 9032
      },
      "key": "owner",
      "span": {
        "start": 8937,
        "end": 8943
      }
    },
    {
      "containerSpan": {
        "start": 8916,
        "end": 9032
      },
      "key": "amount",
      "span": {
        "start": 8957,
        "end": 8968
      }
    },
    {
      "containerSpan": {
        "start": 8916,
        "end": 9032
      },
      "key": "destination",
      "span": {
        "start": 8987,
        "end": 8999
      }
    },
    {
      "containerSpan": {
        "start": 8916,
        "end": 9032
      },
      "key": "claim_id",
      "span": {
        "start": 9015,
        "end": 9031
      }
    },
    {
      "containerSpan": {
        "start": 8187,
        "end": 9036
      },
      "key": "domain",
      "span": {
        "start": 8201,
        "end": 8209
      }
    },
    {
      "containerSpan": {
        "start": 8187,
        "end": 9036
      },
      "key": "asset",
      "span": {
        "start": 8222,
        "end": 8229
      }
    },
    {
      "containerSpan": {
        "start": 8187,
        "end": 9036
      },
      "key": "signer",
      "span": {
        "start": 8243,
        "end": 8249
      }
    },
    {
      "containerSpan": {
        "start": 8187,
        "end": 9036
      },
      "key": "policy",
      "span": {
        "start": 8263,
        "end": 8272
      }
    },
    {
      "containerSpan": {
        "start": 8187,
        "end": 9036
      },
      "key": "authority",
      "span": {
        "start": 8289,
        "end": 8304
      }
    },
    {
      "containerSpan": {
        "start": 8187,
        "end": 9036
      },
      "key": "valid",
      "span": {
        "start": 8317,
        "end": 8386
      }
    },
    {
      "containerSpan": {
        "start": 8187,
        "end": 9036
      },
      "key": "gross_cap",
      "span": {
        "start": 8403,
        "end": 8414
      }
    },
    {
      "containerSpan": {
        "start": 8187,
        "end": 9036
      },
      "key": "fee_cap",
      "span": {
        "start": 8429,
        "end": 8442
      }
    },
    {
      "containerSpan": {
        "start": 8187,
        "end": 9036
      },
      "key": "net_floor",
      "span": {
        "start": 8459,
        "end": 8470
      }
    },
    {
      "containerSpan": {
        "start": 8187,
        "end": 9036
      },
      "key": "reads",
      "span": {
        "start": 8483,
        "end": 8498
      }
    },
    {
      "containerSpan": {
        "start": 8187,
        "end": 9036
      },
      "key": "writes",
      "span": {
        "start": 8512,
        "end": 8531
      }
    },
    {
      "containerSpan": {
        "start": 8187,
        "end": 9036
      },
      "key": "relation",
      "span": {
        "start": 8547,
        "end": 8617
      }
    },
    {
      "containerSpan": {
        "start": 8187,
        "end": 9036
      },
      "key": "failure",
      "span": {
        "start": 8632,
        "end": 8682
      }
    },
    {
      "containerSpan": {
        "start": 8187,
        "end": 9036
      },
      "key": "continuation",
      "span": {
        "start": 8702,
        "end": 8757
      }
    },
    {
      "containerSpan": {
        "start": 8187,
        "end": 9036
      },
      "key": "status",
      "span": {
        "start": 8771,
        "end": 8780
      }
    },
    {
      "containerSpan": {
        "start": 8187,
        "end": 9036
      },
      "key": "retained_duties",
      "span": {
        "start": 8803,
        "end": 8848
      }
    },
    {
      "containerSpan": {
        "start": 8187,
        "end": 9036
      },
      "key": "recovery",
      "span": {
        "start": 8864,
        "end": 8899
      }
    },
    {
      "containerSpan": {
        "start": 8187,
        "end": 9036
      },
      "key": "operation",
      "span": {
        "start": 8916,
        "end": 9032
      }
    },
    {
      "containerSpan": {
        "start": 9206,
        "end": 9279
      },
      "key": "domain",
      "span": {
        "start": 9221,
        "end": 9233
      }
    },
    {
      "containerSpan": {
        "start": 9206,
        "end": 9279
      },
      "key": "from",
      "span": {
        "start": 9245,
        "end": 9256
      }
    },
    {
      "containerSpan": {
        "start": 9206,
        "end": 9279
      },
      "key": "to",
      "span": {
        "start": 9266,
        "end": 9278
      }
    },
    {
      "containerSpan": {
        "start": 9837,
        "end": 9942
      },
      "key": "owner",
      "span": {
        "start": 9857,
        "end": 9863
      }
    },
    {
      "containerSpan": {
        "start": 9837,
        "end": 9942
      },
      "key": "amount",
      "span": {
        "start": 9877,
        "end": 9887
      }
    },
    {
      "containerSpan": {
        "start": 9837,
        "end": 9942
      },
      "key": "source",
      "span": {
        "start": 9901,
        "end": 9909
      }
    },
    {
      "containerSpan": {
        "start": 9837,
        "end": 9942
      },
      "key": "claim_id",
      "span": {
        "start": 9925,
        "end": 9941
      }
    },
    {
      "containerSpan": {
        "start": 9059,
        "end": 9946
      },
      "key": "domain",
      "span": {
        "start": 9073,
        "end": 9085
      }
    },
    {
      "containerSpan": {
        "start": 9059,
        "end": 9946
      },
      "key": "asset",
      "span": {
        "start": 9098,
        "end": 9106
      }
    },
    {
      "containerSpan": {
        "start": 9059,
        "end": 9946
      },
      "key": "signer",
      "span": {
        "start": 9120,
        "end": 9126
      }
    },
    {
      "containerSpan": {
        "start": 9059,
        "end": 9946
      },
      "key": "policy",
      "span": {
        "start": 9140,
        "end": 9149
      }
    },
    {
      "containerSpan": {
        "start": 9059,
        "end": 9946
      },
      "key": "authority",
      "span": {
        "start": 9166,
        "end": 9193
      }
    },
    {
      "containerSpan": {
        "start": 9059,
        "end": 9946
      },
      "key": "valid",
      "span": {
        "start": 9206,
        "end": 9279
      }
    },
    {
      "containerSpan": {
        "start": 9059,
        "end": 9946
      },
      "key": "gross_cap",
      "span": {
        "start": 9296,
        "end": 9306
      }
    },
    {
      "containerSpan": {
        "start": 9059,
        "end": 9946
      },
      "key": "fee_cap",
      "span": {
        "start": 9321,
        "end": 9330
      }
    },
    {
      "containerSpan": {
        "start": 9059,
        "end": 9946
      },
      "key": "net_floor",
      "span": {
        "start": 9347,
        "end": 9357
      }
    },
    {
      "containerSpan": {
        "start": 9059,
        "end": 9946
      },
      "key": "reads",
      "span": {
        "start": 9370,
        "end": 9387
      }
    },
    {
      "containerSpan": {
        "start": 9059,
        "end": 9946
      },
      "key": "writes",
      "span": {
        "start": 9401,
        "end": 9420
      }
    },
    {
      "containerSpan": {
        "start": 9059,
        "end": 9946
      },
      "key": "relation",
      "span": {
        "start": 9436,
        "end": 9509
      }
    },
    {
      "containerSpan": {
        "start": 9059,
        "end": 9946
      },
      "key": "failure",
      "span": {
        "start": 9524,
        "end": 9575
      }
    },
    {
      "containerSpan": {
        "start": 9059,
        "end": 9946
      },
      "key": "continuation",
      "span": {
        "start": 9595,
        "end": 9635
      }
    },
    {
      "containerSpan": {
        "start": 9059,
        "end": 9946
      },
      "key": "observation",
      "span": {
        "start": 9654,
        "end": 9715
      }
    },
    {
      "containerSpan": {
        "start": 9059,
        "end": 9946
      },
      "key": "status",
      "span": {
        "start": 9729,
        "end": 9747
      }
    },
    {
      "containerSpan": {
        "start": 9059,
        "end": 9946
      },
      "key": "retained_duties",
      "span": {
        "start": 9770,
        "end": 9820
      }
    },
    {
      "containerSpan": {
        "start": 9059,
        "end": 9946
      },
      "key": "operation",
      "span": {
        "start": 9837,
        "end": 9942
      }
    },
    {
      "containerSpan": {
        "start": 10101,
        "end": 10170
      },
      "key": "domain",
      "span": {
        "start": 10116,
        "end": 10124
      }
    },
    {
      "containerSpan": {
        "start": 10101,
        "end": 10170
      },
      "key": "from",
      "span": {
        "start": 10136,
        "end": 10147
      }
    },
    {
      "containerSpan": {
        "start": 10101,
        "end": 10170
      },
      "key": "to",
      "span": {
        "start": 10157,
        "end": 10169
      }
    },
    {
      "containerSpan": {
        "start": 10678,
        "end": 10764
      },
      "key": "owner",
      "span": {
        "start": 10700,
        "end": 10706
      }
    },
    {
      "containerSpan": {
        "start": 10678,
        "end": 10764
      },
      "key": "amount",
      "span": {
        "start": 10720,
        "end": 10731
      }
    },
    {
      "containerSpan": {
        "start": 10678,
        "end": 10764
      },
      "key": "claim_id",
      "span": {
        "start": 10747,
        "end": 10763
      }
    },
    {
      "containerSpan": {
        "start": 9971,
        "end": 10768
      },
      "key": "domain",
      "span": {
        "start": 9985,
        "end": 9993
      }
    },
    {
      "containerSpan": {
        "start": 9971,
        "end": 10768
      },
      "key": "asset",
      "span": {
        "start": 10006,
        "end": 10013
      }
    },
    {
      "containerSpan": {
        "start": 9971,
        "end": 10768
      },
      "key": "signer",
      "span": {
        "start": 10027,
        "end": 10033
      }
    },
    {
      "containerSpan": {
        "start": 9971,
        "end": 10768
      },
      "key": "policy",
      "span": {
        "start": 10047,
        "end": 10056
      }
    },
    {
      "containerSpan": {
        "start": 9971,
        "end": 10768
      },
      "key": "authority",
      "span": {
        "start": 10073,
        "end": 10088
      }
    },
    {
      "containerSpan": {
        "start": 9971,
        "end": 10768
      },
      "key": "valid",
      "span": {
        "start": 10101,
        "end": 10170
      }
    },
    {
      "containerSpan": {
        "start": 9971,
        "end": 10768
      },
      "key": "earliest_round",
      "span": {
        "start": 10192,
        "end": 10204
      }
    },
    {
      "containerSpan": {
        "start": 9971,
        "end": 10768
      },
      "key": "gross_cap",
      "span": {
        "start": 10221,
        "end": 10232
      }
    },
    {
      "containerSpan": {
        "start": 9971,
        "end": 10768
      },
      "key": "fee_cap",
      "span": {
        "start": 10247,
        "end": 10259
      }
    },
    {
      "containerSpan": {
        "start": 9971,
        "end": 10768
      },
      "key": "net_floor",
      "span": {
        "start": 10276,
        "end": 10287
      }
    },
    {
      "containerSpan": {
        "start": 9971,
        "end": 10768
      },
      "key": "reads",
      "span": {
        "start": 10300,
        "end": 10315
      }
    },
    {
      "containerSpan": {
        "start": 9971,
        "end": 10768
      },
      "key": "writes",
      "span": {
        "start": 10329,
        "end": 10348
      }
    },
    {
      "containerSpan": {
        "start": 9971,
        "end": 10768
      },
      "key": "relation",
      "span": {
        "start": 10364,
        "end": 10435
      }
    },
    {
      "containerSpan": {
        "start": 9971,
        "end": 10768
      },
      "key": "failure",
      "span": {
        "start": 10450,
        "end": 10500
      }
    },
    {
      "containerSpan": {
        "start": 9971,
        "end": 10768
      },
      "key": "continuation",
      "span": {
        "start": 10520,
        "end": 10568
      }
    },
    {
      "containerSpan": {
        "start": 9971,
        "end": 10768
      },
      "key": "status",
      "span": {
        "start": 10582,
        "end": 10591
      }
    },
    {
      "containerSpan": {
        "start": 9971,
        "end": 10768
      },
      "key": "retained_duties",
      "span": {
        "start": 10614,
        "end": 10661
      }
    },
    {
      "containerSpan": {
        "start": 9971,
        "end": 10768
      },
      "key": "operation",
      "span": {
        "start": 10678,
        "end": 10764
      }
    },
    {
      "containerSpan": {
        "start": 10889,
        "end": 10958
      },
      "key": "domain",
      "span": {
        "start": 10904,
        "end": 10912
      }
    },
    {
      "containerSpan": {
        "start": 10889,
        "end": 10958
      },
      "key": "from",
      "span": {
        "start": 10924,
        "end": 10935
      }
    },
    {
      "containerSpan": {
        "start": 10889,
        "end": 10958
      },
      "key": "to",
      "span": {
        "start": 10945,
        "end": 10957
      }
    },
    {
      "containerSpan": {
        "start": 11428,
        "end": 11508
      },
      "key": "owner",
      "span": {
        "start": 11451,
        "end": 11457
      }
    },
    {
      "containerSpan": {
        "start": 11428,
        "end": 11508
      },
      "key": "shares",
      "span": {
        "start": 11471,
        "end": 11481
      }
    },
    {
      "containerSpan": {
        "start": 11428,
        "end": 11508
      },
      "key": "backing",
      "span": {
        "start": 11496,
        "end": 11507
      }
    },
    {
      "containerSpan": {
        "start": 10791,
        "end": 11512
      },
      "key": "domain",
      "span": {
        "start": 10805,
        "end": 10813
      }
    },
    {
      "containerSpan": {
        "start": 10791,
        "end": 11512
      },
      "key": "asset",
      "span": {
        "start": 10826,
        "end": 10833
      }
    },
    {
      "containerSpan": {
        "start": 10791,
        "end": 11512
      },
      "key": "signer",
      "span": {
        "start": 10847,
        "end": 10853
      }
    },
    {
      "containerSpan": {
        "start": 10791,
        "end": 11512
      },
      "key": "policy",
      "span": {
        "start": 10867,
        "end": 10876
      }
    },
    {
      "containerSpan": {
        "start": 10791,
        "end": 11512
      },
      "key": "valid",
      "span": {
        "start": 10889,
        "end": 10958
      }
    },
    {
      "containerSpan": {
        "start": 10791,
        "end": 11512
      },
      "key": "gross_cap",
      "span": {
        "start": 10975,
        "end": 10986
      }
    },
    {
      "containerSpan": {
        "start": 10791,
        "end": 11512
      },
      "key": "fee_cap",
      "span": {
        "start": 11001,
        "end": 11013
      }
    },
    {
      "containerSpan": {
        "start": 10791,
        "end": 11512
      },
      "key": "net_floor",
      "span": {
        "start": 11030,
        "end": 11041
      }
    },
    {
      "containerSpan": {
        "start": 10791,
        "end": 11512
      },
      "key": "reads",
      "span": {
        "start": 11054,
        "end": 11069
      }
    },
    {
      "containerSpan": {
        "start": 10791,
        "end": 11512
      },
      "key": "writes",
      "span": {
        "start": 11083,
        "end": 11102
      }
    },
    {
      "containerSpan": {
        "start": 10791,
        "end": 11512
      },
      "key": "relation",
      "span": {
        "start": 11118,
        "end": 11175
      }
    },
    {
      "containerSpan": {
        "start": 10791,
        "end": 11512
      },
      "key": "rounding",
      "span": {
        "start": 11191,
        "end": 11236
      }
    },
    {
      "containerSpan": {
        "start": 10791,
        "end": 11512
      },
      "key": "continuation",
      "span": {
        "start": 11256,
        "end": 11316
      }
    },
    {
      "containerSpan": {
        "start": 10791,
        "end": 11512
      },
      "key": "status",
      "span": {
        "start": 11330,
        "end": 11346
      }
    },
    {
      "containerSpan": {
        "start": 10791,
        "end": 11512
      },
      "key": "retained_duties",
      "span": {
        "start": 11369,
        "end": 11411
      }
    },
    {
      "containerSpan": {
        "start": 10791,
        "end": 11512
      },
      "key": "operation",
      "span": {
        "start": 11428,
        "end": 11508
      }
    },
    {
      "containerSpan": {
        "start": 12043,
        "end": 12107
      },
      "key": "shares",
      "span": {
        "start": 12066,
        "end": 12076
      }
    },
    {
      "containerSpan": {
        "start": 12043,
        "end": 12107
      },
      "key": "amount",
      "span": {
        "start": 12090,
        "end": 12106
      }
    },
    {
      "containerSpan": {
        "start": 11536,
        "end": 12111
      },
      "key": "domain",
      "span": {
        "start": 11550,
        "end": 11558
      }
    },
    {
      "containerSpan": {
        "start": 11536,
        "end": 12111
      },
      "key": "asset",
      "span": {
        "start": 11571,
        "end": 11578
      }
    },
    {
      "containerSpan": {
        "start": 11536,
        "end": 12111
      },
      "key": "policy",
      "span": {
        "start": 11592,
        "end": 11601
      }
    },
    {
      "containerSpan": {
        "start": 11536,
        "end": 12111
      },
      "key": "gross_cap",
      "span": {
        "start": 11618,
        "end": 11631
      }
    },
    {
      "containerSpan": {
        "start": 11536,
        "end": 12111
      },
      "key": "fee_cap",
      "span": {
        "start": 11646,
        "end": 11656
      }
    },
    {
      "containerSpan": {
        "start": 11536,
        "end": 12111
      },
      "key": "net_floor",
      "span": {
        "start": 11673,
        "end": 11685
      }
    },
    {
      "containerSpan": {
        "start": 11536,
        "end": 12111
      },
      "key": "reads",
      "span": {
        "start": 11698,
        "end": 11713
      }
    },
    {
      "containerSpan": {
        "start": 11536,
        "end": 12111
      },
      "key": "writes",
      "span": {
        "start": 11727,
        "end": 11746
      }
    },
    {
      "containerSpan": {
        "start": 11536,
        "end": 12111
      },
      "key": "relation",
      "span": {
        "start": 11762,
        "end": 11826
      }
    },
    {
      "containerSpan": {
        "start": 11536,
        "end": 12111
      },
      "key": "rounding",
      "span": {
        "start": 11842,
        "end": 11878
      }
    },
    {
      "containerSpan": {
        "start": 11536,
        "end": 12111
      },
      "key": "continuation",
      "span": {
        "start": 11898,
        "end": 11936
      }
    },
    {
      "containerSpan": {
        "start": 11536,
        "end": 12111
      },
      "key": "status",
      "span": {
        "start": 11950,
        "end": 11966
      }
    },
    {
      "containerSpan": {
        "start": 11536,
        "end": 12111
      },
      "key": "retained_duties",
      "span": {
        "start": 11989,
        "end": 12026
      }
    },
    {
      "containerSpan": {
        "start": 11536,
        "end": 12111
      },
      "key": "operation",
      "span": {
        "start": 12043,
        "end": 12107
      }
    },
    {
      "containerSpan": {
        "start": 12651,
        "end": 12709
      },
      "key": "shares",
      "span": {
        "start": 12673,
        "end": 12683
      }
    },
    {
      "containerSpan": {
        "start": 12651,
        "end": 12709
      },
      "key": "amount",
      "span": {
        "start": 12697,
        "end": 12708
      }
    },
    {
      "containerSpan": {
        "start": 12134,
        "end": 12713
      },
      "key": "domain",
      "span": {
        "start": 12148,
        "end": 12156
      }
    },
    {
      "containerSpan": {
        "start": 12134,
        "end": 12713
      },
      "key": "asset",
      "span": {
        "start": 12169,
        "end": 12176
      }
    },
    {
      "containerSpan": {
        "start": 12134,
        "end": 12713
      },
      "key": "policy",
      "span": {
        "start": 12190,
        "end": 12199
      }
    },
    {
      "containerSpan": {
        "start": 12134,
        "end": 12713
      },
      "key": "gross_cap",
      "span": {
        "start": 12216,
        "end": 12227
      }
    },
    {
      "containerSpan": {
        "start": 12134,
        "end": 12713
      },
      "key": "net_floor",
      "span": {
        "start": 12244,
        "end": 12255
      }
    },
    {
      "containerSpan": {
        "start": 12134,
        "end": 12713
      },
      "key": "reads",
      "span": {
        "start": 12268,
        "end": 12283
      }
    },
    {
      "containerSpan": {
        "start": 12134,
        "end": 12713
      },
      "key": "writes",
      "span": {
        "start": 12297,
        "end": 12316
      }
    },
    {
      "containerSpan": {
        "start": 12134,
        "end": 12713
      },
      "key": "relation",
      "span": {
        "start": 12332,
        "end": 12384
      }
    },
    {
      "containerSpan": {
        "start": 12134,
        "end": 12713
      },
      "key": "loss",
      "span": {
        "start": 12396,
        "end": 12459
      }
    },
    {
      "containerSpan": {
        "start": 12134,
        "end": 12713
      },
      "key": "continuation",
      "span": {
        "start": 12479,
        "end": 12538
      }
    },
    {
      "containerSpan": {
        "start": 12134,
        "end": 12713
      },
      "key": "status",
      "span": {
        "start": 12552,
        "end": 12561
      }
    },
    {
      "containerSpan": {
        "start": 12134,
        "end": 12713
      },
      "key": "retained_duties",
      "span": {
        "start": 12584,
        "end": 12634
      }
    },
    {
      "containerSpan": {
        "start": 12134,
        "end": 12713
      },
      "key": "operation",
      "span": {
        "start": 12651,
        "end": 12709
      }
    },
    {
      "containerSpan": {
        "start": 13207,
        "end": 13298
      },
      "key": "owner",
      "span": {
        "start": 13229,
        "end": 13235
      }
    },
    {
      "containerSpan": {
        "start": 13207,
        "end": 13298
      },
      "key": "shares",
      "span": {
        "start": 13249,
        "end": 13259
      }
    },
    {
      "containerSpan": {
        "start": 13207,
        "end": 13298
      },
      "key": "share_atoms",
      "span": {
        "start": 13278,
        "end": 13297
      }
    },
    {
      "containerSpan": {
        "start": 12737,
        "end": 13302
      },
      "key": "domain",
      "span": {
        "start": 12751,
        "end": 12759
      }
    },
    {
      "containerSpan": {
        "start": 12737,
        "end": 13302
      },
      "key": "asset",
      "span": {
        "start": 12772,
        "end": 12779
      }
    },
    {
      "containerSpan": {
        "start": 12737,
        "end": 13302
      },
      "key": "signer",
      "span": {
        "start": 12793,
        "end": 12799
      }
    },
    {
      "containerSpan": {
        "start": 12737,
        "end": 13302
      },
      "key": "policy",
      "span": {
        "start": 12813,
        "end": 12822
      }
    },
    {
      "containerSpan": {
        "start": 12737,
        "end": 13302
      },
      "key": "reads",
      "span": {
        "start": 12835,
        "end": 12850
      }
    },
    {
      "containerSpan": {
        "start": 12737,
        "end": 13302
      },
      "key": "writes",
      "span": {
        "start": 12864,
        "end": 12883
      }
    },
    {
      "containerSpan": {
        "start": 12737,
        "end": 13302
      },
      "key": "relation",
      "span": {
        "start": 12899,
        "end": 12954
      }
    },
    {
      "containerSpan": {
        "start": 12737,
        "end": 13302
      },
      "key": "continuation",
      "span": {
        "start": 12974,
        "end": 13020
      }
    },
    {
      "containerSpan": {
        "start": 12737,
        "end": 13302
      },
      "key": "failure",
      "span": {
        "start": 13035,
        "end": 13086
      }
    },
    {
      "containerSpan": {
        "start": 12737,
        "end": 13302
      },
      "key": "status",
      "span": {
        "start": 13100,
        "end": 13120
      }
    },
    {
      "containerSpan": {
        "start": 12737,
        "end": 13302
      },
      "key": "retained_duties",
      "span": {
        "start": 13143,
        "end": 13190
      }
    },
    {
      "containerSpan": {
        "start": 12737,
        "end": 13302
      },
      "key": "operation",
      "span": {
        "start": 13207,
        "end": 13298
      }
    },
    {
      "containerSpan": {
        "start": 13906,
        "end": 14040
      },
      "key": "owner",
      "span": {
        "start": 13930,
        "end": 13936
      }
    },
    {
      "containerSpan": {
        "start": 13906,
        "end": 14040
      },
      "key": "shares",
      "span": {
        "start": 13950,
        "end": 13960
      }
    },
    {
      "containerSpan": {
        "start": 13906,
        "end": 14040
      },
      "key": "share_atoms",
      "span": {
        "start": 13979,
        "end": 13998
      }
    },
    {
      "containerSpan": {
        "start": 13906,
        "end": 14040
      },
      "key": "minimum_backing",
      "span": {
        "start": 14021,
        "end": 14039
      }
    },
    {
      "containerSpan": {
        "start": 13328,
        "end": 14044
      },
      "key": "domain",
      "span": {
        "start": 13342,
        "end": 13350
      }
    },
    {
      "containerSpan": {
        "start": 13328,
        "end": 14044
      },
      "key": "asset",
      "span": {
        "start": 13363,
        "end": 13370
      }
    },
    {
      "containerSpan": {
        "start": 13328,
        "end": 14044
      },
      "key": "signer",
      "span": {
        "start": 13384,
        "end": 13390
      }
    },
    {
      "containerSpan": {
        "start": 13328,
        "end": 14044
      },
      "key": "policy",
      "span": {
        "start": 13404,
        "end": 13413
      }
    },
    {
      "containerSpan": {
        "start": 13328,
        "end": 14044
      },
      "key": "gross_cap",
      "span": {
        "start": 13430,
        "end": 13448
      }
    },
    {
      "containerSpan": {
        "start": 13328,
        "end": 14044
      },
      "key": "fee_cap",
      "span": {
        "start": 13463,
        "end": 13472
      }
    },
    {
      "containerSpan": {
        "start": 13328,
        "end": 14044
      },
      "key": "net_floor",
      "span": {
        "start": 13489,
        "end": 13503
      }
    },
    {
      "containerSpan": {
        "start": 13328,
        "end": 14044
      },
      "key": "reads",
      "span": {
        "start": 13516,
        "end": 13531
      }
    },
    {
      "containerSpan": {
        "start": 13328,
        "end": 14044
      },
      "key": "writes",
      "span": {
        "start": 13545,
        "end": 13564
      }
    },
    {
      "containerSpan": {
        "start": 13328,
        "end": 14044
      },
      "key": "relation",
      "span": {
        "start": 13580,
        "end": 13662
      }
    },
    {
      "containerSpan": {
        "start": 13328,
        "end": 14044
      },
      "key": "rounding",
      "span": {
        "start": 13678,
        "end": 13723
      }
    },
    {
      "containerSpan": {
        "start": 13328,
        "end": 14044
      },
      "key": "continuation",
      "span": {
        "start": 13743,
        "end": 13785
      }
    },
    {
      "containerSpan": {
        "start": 13328,
        "end": 14044
      },
      "key": "status",
      "span": {
        "start": 13799,
        "end": 13819
      }
    },
    {
      "containerSpan": {
        "start": 13328,
        "end": 14044
      },
      "key": "retained_duties",
      "span": {
        "start": 13842,
        "end": 13889
      }
    },
    {
      "containerSpan": {
        "start": 13328,
        "end": 14044
      },
      "key": "operation",
      "span": {
        "start": 13906,
        "end": 14040
      }
    },
    {
      "containerSpan": {
        "start": 14217,
        "end": 14290
      },
      "key": "domain",
      "span": {
        "start": 14232,
        "end": 14244
      }
    },
    {
      "containerSpan": {
        "start": 14217,
        "end": 14290
      },
      "key": "from",
      "span": {
        "start": 14256,
        "end": 14267
      }
    },
    {
      "containerSpan": {
        "start": 14217,
        "end": 14290
      },
      "key": "to",
      "span": {
        "start": 14277,
        "end": 14289
      }
    },
    {
      "containerSpan": {
        "start": 14756,
        "end": 14838
      },
      "key": "owner",
      "span": {
        "start": 14779,
        "end": 14785
      }
    },
    {
      "containerSpan": {
        "start": 14756,
        "end": 14838
      },
      "key": "shares",
      "span": {
        "start": 14799,
        "end": 14812
      }
    },
    {
      "containerSpan": {
        "start": 14756,
        "end": 14838
      },
      "key": "backing",
      "span": {
        "start": 14827,
        "end": 14837
      }
    },
    {
      "containerSpan": {
        "start": 14070,
        "end": 14842
      },
      "key": "domain",
      "span": {
        "start": 14084,
        "end": 14096
      }
    },
    {
      "containerSpan": {
        "start": 14070,
        "end": 14842
      },
      "key": "asset",
      "span": {
        "start": 14109,
        "end": 14117
      }
    },
    {
      "containerSpan": {
        "start": 14070,
        "end": 14842
      },
      "key": "signer",
      "span": {
        "start": 14131,
        "end": 14137
      }
    },
    {
      "containerSpan": {
        "start": 14070,
        "end": 14842
      },
      "key": "policy",
      "span": {
        "start": 14151,
        "end": 14160
      }
    },
    {
      "containerSpan": {
        "start": 14070,
        "end": 14842
      },
      "key": "authority",
      "span": {
        "start": 14177,
        "end": 14204
      }
    },
    {
      "containerSpan": {
        "start": 14070,
        "end": 14842
      },
      "key": "valid",
      "span": {
        "start": 14217,
        "end": 14290
      }
    },
    {
      "containerSpan": {
        "start": 14070,
        "end": 14842
      },
      "key": "gross_cap",
      "span": {
        "start": 14307,
        "end": 14317
      }
    },
    {
      "containerSpan": {
        "start": 14070,
        "end": 14842
      },
      "key": "fee_cap",
      "span": {
        "start": 14332,
        "end": 14349
      }
    },
    {
      "containerSpan": {
        "start": 14070,
        "end": 14842
      },
      "key": "net_floor",
      "span": {
        "start": 14366,
        "end": 14376
      }
    },
    {
      "containerSpan": {
        "start": 14070,
        "end": 14842
      },
      "key": "reads",
      "span": {
        "start": 14389,
        "end": 14407
      }
    },
    {
      "containerSpan": {
        "start": 14070,
        "end": 14842
      },
      "key": "writes",
      "span": {
        "start": 14421,
        "end": 14440
      }
    },
    {
      "containerSpan": {
        "start": 14070,
        "end": 14842
      },
      "key": "relation",
      "span": {
        "start": 14456,
        "end": 14522
      }
    },
    {
      "containerSpan": {
        "start": 14070,
        "end": 14842
      },
      "key": "rounding",
      "span": {
        "start": 14538,
        "end": 14583
      }
    },
    {
      "containerSpan": {
        "start": 14070,
        "end": 14842
      },
      "key": "continuation",
      "span": {
        "start": 14603,
        "end": 14658
      }
    },
    {
      "containerSpan": {
        "start": 14070,
        "end": 14842
      },
      "key": "status",
      "span": {
        "start": 14672,
        "end": 14688
      }
    },
    {
      "containerSpan": {
        "start": 14070,
        "end": 14842
      },
      "key": "retained_duties",
      "span": {
        "start": 14711,
        "end": 14739
      }
    },
    {
      "containerSpan": {
        "start": 14070,
        "end": 14842
      },
      "key": "operation",
      "span": {
        "start": 14756,
        "end": 14838
      }
    },
    {
      "containerSpan": {
        "start": 15452,
        "end": 15527
      },
      "key": "shares",
      "span": {
        "start": 15475,
        "end": 15488
      }
    },
    {
      "containerSpan": {
        "start": 15452,
        "end": 15527
      },
      "key": "amount",
      "span": {
        "start": 15502,
        "end": 15526
      }
    },
    {
      "containerSpan": {
        "start": 14869,
        "end": 15531
      },
      "key": "domain",
      "span": {
        "start": 14883,
        "end": 14895
      }
    },
    {
      "containerSpan": {
        "start": 14869,
        "end": 15531
      },
      "key": "asset",
      "span": {
        "start": 14908,
        "end": 14916
      }
    },
    {
      "containerSpan": {
        "start": 14869,
        "end": 15531
      },
      "key": "policy",
      "span": {
        "start": 14930,
        "end": 14939
      }
    },
    {
      "containerSpan": {
        "start": 14869,
        "end": 15531
      },
      "key": "gross_cap",
      "span": {
        "start": 14956,
        "end": 14977
      }
    },
    {
      "containerSpan": {
        "start": 14869,
        "end": 15531
      },
      "key": "fee_cap",
      "span": {
        "start": 14992,
        "end": 15010
      }
    },
    {
      "containerSpan": {
        "start": 14869,
        "end": 15531
      },
      "key": "net_floor",
      "span": {
        "start": 15027,
        "end": 15041
      }
    },
    {
      "containerSpan": {
        "start": 14869,
        "end": 15531
      },
      "key": "reads",
      "span": {
        "start": 15054,
        "end": 15072
      }
    },
    {
      "containerSpan": {
        "start": 14869,
        "end": 15531
      },
      "key": "writes",
      "span": {
        "start": 15086,
        "end": 15105
      }
    },
    {
      "containerSpan": {
        "start": 14869,
        "end": 15531
      },
      "key": "relation",
      "span": {
        "start": 15121,
        "end": 15198
      }
    },
    {
      "containerSpan": {
        "start": 14869,
        "end": 15531
      },
      "key": "rounding",
      "span": {
        "start": 15214,
        "end": 15266
      }
    },
    {
      "containerSpan": {
        "start": 14869,
        "end": 15531
      },
      "key": "continuation",
      "span": {
        "start": 15286,
        "end": 15337
      }
    },
    {
      "containerSpan": {
        "start": 14869,
        "end": 15531
      },
      "key": "status",
      "span": {
        "start": 15351,
        "end": 15367
      }
    },
    {
      "containerSpan": {
        "start": 14869,
        "end": 15531
      },
      "key": "retained_duties",
      "span": {
        "start": 15390,
        "end": 15435
      }
    },
    {
      "containerSpan": {
        "start": 14869,
        "end": 15531
      },
      "key": "operation",
      "span": {
        "start": 15452,
        "end": 15527
      }
    },
    {
      "containerSpan": {
        "start": 16057,
        "end": 16120
      },
      "key": "shares",
      "span": {
        "start": 16079,
        "end": 16092
      }
    },
    {
      "containerSpan": {
        "start": 16057,
        "end": 16120
      },
      "key": "amount",
      "span": {
        "start": 16106,
        "end": 16119
      }
    },
    {
      "containerSpan": {
        "start": 15557,
        "end": 16124
      },
      "key": "domain",
      "span": {
        "start": 15571,
        "end": 15583
      }
    },
    {
      "containerSpan": {
        "start": 15557,
        "end": 16124
      },
      "key": "asset",
      "span": {
        "start": 15596,
        "end": 15604
      }
    },
    {
      "containerSpan": {
        "start": 15557,
        "end": 16124
      },
      "key": "policy",
      "span": {
        "start": 15618,
        "end": 15627
      }
    },
    {
      "containerSpan": {
        "start": 15557,
        "end": 16124
      },
      "key": "gross_cap",
      "span": {
        "start": 15644,
        "end": 15657
      }
    },
    {
      "containerSpan": {
        "start": 15557,
        "end": 16124
      },
      "key": "net_floor",
      "span": {
        "start": 15674,
        "end": 15687
      }
    },
    {
      "containerSpan": {
        "start": 15557,
        "end": 16124
      },
      "key": "reads",
      "span": {
        "start": 15700,
        "end": 15718
      }
    },
    {
      "containerSpan": {
        "start": 15557,
        "end": 16124
      },
      "key": "writes",
      "span": {
        "start": 15732,
        "end": 15751
      }
    },
    {
      "containerSpan": {
        "start": 15557,
        "end": 16124
      },
      "key": "relation",
      "span": {
        "start": 15767,
        "end": 15831
      }
    },
    {
      "containerSpan": {
        "start": 15557,
        "end": 16124
      },
      "key": "loss",
      "span": {
        "start": 15843,
        "end": 15891
      }
    },
    {
      "containerSpan": {
        "start": 15557,
        "end": 16124
      },
      "key": "continuation",
      "span": {
        "start": 15911,
        "end": 15951
      }
    },
    {
      "containerSpan": {
        "start": 15557,
        "end": 16124
      },
      "key": "status",
      "span": {
        "start": 15965,
        "end": 15974
      }
    },
    {
      "containerSpan": {
        "start": 15557,
        "end": 16124
      },
      "key": "retained_duties",
      "span": {
        "start": 15997,
        "end": 16040
      }
    },
    {
      "containerSpan": {
        "start": 15557,
        "end": 16124
      },
      "key": "operation",
      "span": {
        "start": 16057,
        "end": 16120
      }
    },
    {
      "containerSpan": {
        "start": 16639,
        "end": 16733
      },
      "key": "owner",
      "span": {
        "start": 16661,
        "end": 16667
      }
    },
    {
      "containerSpan": {
        "start": 16639,
        "end": 16733
      },
      "key": "shares",
      "span": {
        "start": 16681,
        "end": 16694
      }
    },
    {
      "containerSpan": {
        "start": 16639,
        "end": 16733
      },
      "key": "share_atoms",
      "span": {
        "start": 16713,
        "end": 16732
      }
    },
    {
      "containerSpan": {
        "start": 16151,
        "end": 16737
      },
      "key": "domain",
      "span": {
        "start": 16165,
        "end": 16177
      }
    },
    {
      "containerSpan": {
        "start": 16151,
        "end": 16737
      },
      "key": "asset",
      "span": {
        "start": 16190,
        "end": 16198
      }
    },
    {
      "containerSpan": {
        "start": 16151,
        "end": 16737
      },
      "key": "signer",
      "span": {
        "start": 16212,
        "end": 16218
      }
    },
    {
      "containerSpan": {
        "start": 16151,
        "end": 16737
      },
      "key": "policy",
      "span": {
        "start": 16232,
        "end": 16241
      }
    },
    {
      "containerSpan": {
        "start": 16151,
        "end": 16737
      },
      "key": "reads",
      "span": {
        "start": 16254,
        "end": 16272
      }
    },
    {
      "containerSpan": {
        "start": 16151,
        "end": 16737
      },
      "key": "writes",
      "span": {
        "start": 16286,
        "end": 16305
      }
    },
    {
      "containerSpan": {
        "start": 16151,
        "end": 16737
      },
      "key": "relation",
      "span": {
        "start": 16321,
        "end": 16390
      }
    },
    {
      "containerSpan": {
        "start": 16151,
        "end": 16737
      },
      "key": "continuation",
      "span": {
        "start": 16410,
        "end": 16451
      }
    },
    {
      "containerSpan": {
        "start": 16151,
        "end": 16737
      },
      "key": "failure",
      "span": {
        "start": 16466,
        "end": 16516
      }
    },
    {
      "containerSpan": {
        "start": 16151,
        "end": 16737
      },
      "key": "status",
      "span": {
        "start": 16530,
        "end": 16550
      }
    },
    {
      "containerSpan": {
        "start": 16151,
        "end": 16737
      },
      "key": "retained_duties",
      "span": {
        "start": 16573,
        "end": 16622
      }
    },
    {
      "containerSpan": {
        "start": 16151,
        "end": 16737
      },
      "key": "operation",
      "span": {
        "start": 16639,
        "end": 16733
      }
    },
    {
      "containerSpan": {
        "start": 17378,
        "end": 17510
      },
      "key": "owner",
      "span": {
        "start": 17402,
        "end": 17408
      }
    },
    {
      "containerSpan": {
        "start": 17378,
        "end": 17510
      },
      "key": "shares",
      "span": {
        "start": 17422,
        "end": 17435
      }
    },
    {
      "containerSpan": {
        "start": 17378,
        "end": 17510
      },
      "key": "share_atoms",
      "span": {
        "start": 17454,
        "end": 17473
      }
    },
    {
      "containerSpan": {
        "start": 17378,
        "end": 17510
      },
      "key": "minimum_backing",
      "span": {
        "start": 17496,
        "end": 17509
      }
    },
    {
      "containerSpan": {
        "start": 16766,
        "end": 17514
      },
      "key": "domain",
      "span": {
        "start": 16780,
        "end": 16792
      }
    },
    {
      "containerSpan": {
        "start": 16766,
        "end": 17514
      },
      "key": "asset",
      "span": {
        "start": 16805,
        "end": 16813
      }
    },
    {
      "containerSpan": {
        "start": 16766,
        "end": 17514
      },
      "key": "signer",
      "span": {
        "start": 16827,
        "end": 16833
      }
    },
    {
      "containerSpan": {
        "start": 16766,
        "end": 17514
      },
      "key": "policy",
      "span": {
        "start": 16847,
        "end": 16856
      }
    },
    {
      "containerSpan": {
        "start": 16766,
        "end": 17514
      },
      "key": "gross_cap",
      "span": {
        "start": 16873,
        "end": 16886
      }
    },
    {
      "containerSpan": {
        "start": 16766,
        "end": 17514
      },
      "key": "fee_cap",
      "span": {
        "start": 16901,
        "end": 16918
      }
    },
    {
      "containerSpan": {
        "start": 16766,
        "end": 17514
      },
      "key": "net_floor",
      "span": {
        "start": 16935,
        "end": 16948
      }
    },
    {
      "containerSpan": {
        "start": 16766,
        "end": 17514
      },
      "key": "reads",
      "span": {
        "start": 16961,
        "end": 17000
      }
    },
    {
      "containerSpan": {
        "start": 16766,
        "end": 17514
      },
      "key": "writes",
      "span": {
        "start": 17014,
        "end": 17033
      }
    },
    {
      "containerSpan": {
        "start": 16766,
        "end": 17514
      },
      "key": "relation",
      "span": {
        "start": 17049,
        "end": 17130
      }
    },
    {
      "containerSpan": {
        "start": 16766,
        "end": 17514
      },
      "key": "rounding",
      "span": {
        "start": 17146,
        "end": 17199
      }
    },
    {
      "containerSpan": {
        "start": 16766,
        "end": 17514
      },
      "key": "continuation",
      "span": {
        "start": 17219,
        "end": 17267
      }
    },
    {
      "containerSpan": {
        "start": 16766,
        "end": 17514
      },
      "key": "status",
      "span": {
        "start": 17281,
        "end": 17301
      }
    },
    {
      "containerSpan": {
        "start": 16766,
        "end": 17514
      },
      "key": "retained_duties",
      "span": {
        "start": 17324,
        "end": 17361
      }
    },
    {
      "containerSpan": {
        "start": 16766,
        "end": 17514
      },
      "key": "operation",
      "span": {
        "start": 17378,
        "end": 17510
      }
    }
  ],
  "operationSchemas": {
    "atoms": {
      "asset": "asset",
      "value": "scalar"
    },
    "min": {
      "a": "numeric",
      "b": "numeric"
    },
    "max": {
      "a": "numeric",
      "b": "numeric"
    },
    "rounds": {
      "domain": "domain",
      "from": "scalar",
      "to": "scalar"
    },
    "transfer": {
      "from": "account",
      "to": "account",
      "fee_to": "account",
      "value": "qty",
      "fee": "qty"
    },
    "repay": {
      "obligation": "obligation",
      "payer": "account",
      "amount": "qty"
    },
    "amm.swap_exact_input": {
      "pool": "pool",
      "owner": "account",
      "input": "qty",
      "output_asset": "asset",
      "net_floor": "qty",
      "fee_cap": "qty"
    },
    "amm.redeem": {
      "pool": "pool",
      "owner": "account",
      "share_atoms": "scalar"
    },
    "amm.mint": {
      "pool": "pool",
      "owner": "account",
      "amounts": "qty[]",
      "minimum_share_atoms": "scalar"
    },
    "lending.originate": {
      "obligation": "obligation",
      "debtor": "account",
      "creditor": "account",
      "principal": "qty",
      "collateral": "qty"
    },
    "lending.liquidate": {
      "obligation": "obligation"
    },
    "lending.roll_forward": {
      "obligation": "obligation",
      "to_round": "scalar"
    },
    "stablecoin.mint": {
      "instrument": "instrument",
      "owner": "account",
      "supply": "qty",
      "backing": "qty"
    },
    "stablecoin.redeem": {
      "instrument": "instrument",
      "owner": "account",
      "burn": "qty",
      "minimum_backing": "qty"
    },
    "stablecoin.emergency_settle": {
      "instrument": "instrument",
      "owner": "account",
      "claim": "qty"
    },
    "option.fix": {
      "instrument": "instrument",
      "observation": "observation"
    },
    "option.exercise": {
      "instrument": "instrument",
      "holder": "account"
    },
    "option.settle": {
      "instrument": "instrument",
      "holder": "account",
      "payoff": "qty"
    },
    "oracle.select": {
      "observation": "observation"
    },
    "governance.queue": {
      "policy": "policy",
      "next_epoch": "scalar"
    },
    "governance.execute": {
      "policy": "policy"
    },
    "governance.veto": {
      "policy": "policy"
    },
    "bridge.escrow": {
      "owner": "account",
      "amount": "qty",
      "destination": "domain",
      "claim_id": "string"
    },
    "bridge.claim": {
      "owner": "account",
      "amount": "qty",
      "source": "domain",
      "claim_id": "string"
    },
    "bridge.recover": {
      "owner": "account",
      "amount": "qty",
      "claim_id": "string"
    },
    "staking.deposit": {
      "owner": "account",
      "shares": "share_class",
      "backing": "qty"
    },
    "staking.reward": {
      "shares": "share_class",
      "amount": "qty"
    },
    "staking.slash": {
      "shares": "share_class",
      "amount": "qty"
    },
    "staking.unbond": {
      "owner": "account",
      "shares": "share_class",
      "share_atoms": "scalar"
    },
    "staking.withdraw": {
      "owner": "account",
      "shares": "share_class",
      "share_atoms": "scalar",
      "minimum_backing": "qty"
    }
  },
  "evidence": "AuthoringOnly",
  "openGates": [
    "authentication",
    "nativeProof",
    "financialCorrespondence",
    "atomicLedgerAcceptance"
  ]
}
