id,number,title,category,type,status,created,verified_at,cutoff,source_url,source_commit,source_sha256,source_file,requires,capability,core,purpose,methods_events,mandatory_optional,unspecified,limitations,reference_implementation,implementation_maturity,adoption_evidence,security_evidence,revision_notes,deployment_evidence,economic_adoption_evidence,evidence_axes,confidence,evidence_kind,material_revisions,inspected_revisions,historical_proposal_status,research_local_date,requires_evidence,author,economic_adoption,status_changes_checked,last_file_change
ERC-20,20,Token Standard,ERC,Standards Track,Final,2015-11-19,2026-09-09,2026-09-08T23:59:59Z,https://github.com/ethereum/ERCs/blob/f4c23717b6a6fc48436bb6778dcecce29cc5345c/ERCS/erc-20.md,f4c23717b6a6fc48436bb6778dcecce29cc5345c,50d0bdc535ed8987ac5c124cb5f9c39606806c97e909aae66ef4b747dd9c93dd,deliverables/modern-defi-taxonomy-2026-09-08/sources/assets/raw/erc-20.md,[],base_asset,True,"Fungible balance, transfer and delegated allowance accounting.","[""totalSupply balanceOf transfer transferFrom approve allowance; Transfer Approval""]",Transfers including zero must emit Transfer; successful approve emits Approval. Callers must handle false. name/symbol/decimals optional.,"Minting policy, backing, redemption, rebasing, fees, issuer rights and valuation.",A matching ABI does not prove transferred amount or absence of callbacks. Allowance replacement has ordering risk.,OpenZeppelin and ConsenSys examples embedded in registry assets.,Reference/interface availability only; no build or conformance test performed in this normative profile.,No current deployment or economic-adoption measurement established by this specification-only profile; join separately scoped validation cases.,Specification security considerations inspected; no independent audit or deployed-bytecode correspondence established.,"{""latest_file_commit"": {""sha"": ""8358b94b5ed4009473cb4c3040d9bba60e7bb786"", ""date"": ""2023-12-13T17:18:35Z"", ""message"": ""Copy ERC-20 reference implementations locally (#112)""}, ""status_events_found"": [], ""coverage"": ""ERCs repository file history from 2023 migration through cutoff; earlier EIPs history not exhaustively reconstructed. Latest file change is not necessarily a material revision or status change."", ""material_revision_date"": null}","No deployed address, block or bytecode-conformance result established by this normative-source profile.",Not measured in this profile; do not infer adoption from Final status or a reference implementation.,"{""formal_specification_status"": ""Final"", ""implementation_maturity"": ""Reference/interface availability only; no build or conformance test performed in this normative profile."", ""deployment_evidence"": ""No deployed address, block or bytecode-conformance result established by this normative-source profile."", ""economic_adoption"": ""Not measured in this profile; do not infer adoption from Final status or a reference implementation."", ""security_evidence"": ""Specification security considerations inspected; no independent audit or deployed-bytecode correspondence established.""}",high,source_fact,[],,,,,,,,
ERC-721,721,Non-Fungible Token Standard,ERC,Standards Track,Final,2018-01-24,2026-09-09,2026-09-08T23:59:59Z,https://github.com/ethereum/ERCs/blob/f4c23717b6a6fc48436bb6778dcecce29cc5345c/ERCS/erc-721.md,f4c23717b6a6fc48436bb6778dcecce29cc5345c,238787165c08ac748928ffad57a24045802174bb38220af9e7b63c44778b7372,deliverables/modern-defi-taxonomy-2026-09-08/sources/assets/raw/erc-721.md,[165],position_representation,True,"Individually identified transferable positions, independent of their financial payoff.","[""ownerOf balanceOf approve getApproved setApprovalForAll isApprovedForAll transferFrom safeTransferFrom; Transfer Approval ApprovalForAll""]",ERC-165 and core ownership/approval interface required; safe transfer checks contract acceptance via onERC721Received; metadata/enumeration optional.,"Mint/burn entry points, legal title, cash flows, valuation and unrestricted transfer.",Token IDs opaque; unsafe transfer may strand a position; callback acceptance is not economic safety.,"Specification lists 0xcert, Su Squares and example deed implementations; examples are historical, not current deployment audit.",Reference/interface availability only; no build or conformance test performed in this normative profile.,No current deployment or economic-adoption measurement established by this specification-only profile; join separately scoped validation cases.,Specification security considerations inspected; no independent audit or deployed-bytecode correspondence established.,"{""latest_file_commit"": {""sha"": ""49e372bc8e5fab0ba2f7e60da2f0c2895ea5b119"", ""date"": ""2025-05-13T21:06:55Z"", ""message"": ""Update ERC-3009: fix dead links (#953)\n\n* fix dead link in `erc-3009.md`\n\n* fix broken link to safeERC20.sol in `erc-721.md`\n\n* Duplicate SafeERC20.sol into erc-721\n\n* Duplicate reference implementation into ERC-3009's assets dir\n\n---------\n\nCo-authored-by: Sam Wilson <sam@binarycake.ca>""}, ""status_events_found"": [], ""coverage"": ""ERCs repository file history from 2023 migration through cutoff; earlier EIPs history not exhaustively reconstructed. Latest file change is not necessarily a material revision or status change."", ""material_revision_date"": null}","No deployed address, block or bytecode-conformance result established by this normative-source profile.",Not measured in this profile; do not infer adoption from Final status or a reference implementation.,"{""formal_specification_status"": ""Final"", ""implementation_maturity"": ""Reference/interface availability only; no build or conformance test performed in this normative profile."", ""deployment_evidence"": ""No deployed address, block or bytecode-conformance result established by this normative-source profile."", ""economic_adoption"": ""Not measured in this profile; do not infer adoption from Final status or a reference implementation."", ""security_evidence"": ""Specification security considerations inspected; no independent audit or deployed-bytecode correspondence established.""}",high,source_fact,[],,,,,,,,
ERC-1155,1155,Multi Token Standard,ERC,Standards Track,Final,2018-06-17,2026-09-09,2026-09-08T23:59:59Z,https://github.com/ethereum/ERCs/blob/f4c23717b6a6fc48436bb6778dcecce29cc5345c/ERCS/erc-1155.md,f4c23717b6a6fc48436bb6778dcecce29cc5345c,beac04fc902314ec0d60000e3bcb73cb7080d586f6a718b6b35a6d68a8ac98b1,deliverables/modern-defi-taxonomy-2026-09-08/sources/assets/raw/erc-1155.md,[165],position_representation,True,Multiple fungible or unique token IDs and batched transfers in one contract.,"[""balanceOf balanceOfBatch setApprovalForAll isApprovedForAll safeTransferFrom safeBatchTransferFrom onERC1155Received onERC1155BatchReceived; TransferSingle TransferBatch ApprovalForAll URI""]",ERC-165 required; standard safe transfers require receiver hooks and magic returns for contracts; balances/events updated before hook. Metadata URI extension optional.,"Economic meaning of an ID, payoff, granular per-ID allowances and minting policy.",Global operator spans all IDs; callbacks create control-flow dependencies. Special hybrid transfer exceptions require explicit implementation analysis.,Registry links enjin/erc-1155 and horizon-games/multi-token-standard.,Reference/interface availability only; no build or conformance test performed in this normative profile.,No current deployment or economic-adoption measurement established by this specification-only profile; join separately scoped validation cases.,Specification security considerations inspected; no independent audit or deployed-bytecode correspondence established.,"{""latest_file_commit"": {""sha"": ""8dd085d159cb123f545c272c0d871a5339550e79"", ""date"": ""2023-10-25T15:11:14Z"", ""message"": ""complete erc move""}, ""status_events_found"": [], ""coverage"": ""ERCs repository file history from 2023 migration through cutoff; earlier EIPs history not exhaustively reconstructed. Latest file change is not necessarily a material revision or status change."", ""material_revision_date"": null}","No deployed address, block or bytecode-conformance result established by this normative-source profile.",Not measured in this profile; do not infer adoption from Final status or a reference implementation.,"{""formal_specification_status"": ""Final"", ""implementation_maturity"": ""Reference/interface availability only; no build or conformance test performed in this normative profile."", ""deployment_evidence"": ""No deployed address, block or bytecode-conformance result established by this normative-source profile."", ""economic_adoption"": ""Not measured in this profile; do not infer adoption from Final status or a reference implementation."", ""security_evidence"": ""Specification security considerations inspected; no independent audit or deployed-bytecode correspondence established.""}",high,source_fact,[],,,,,,,,
ERC-6909,6909,Minimal Multi-Token Interface,ERC,Standards Track,Final,2023-04-19,2026-09-09,2026-09-08T23:59:59Z,https://github.com/ethereum/ERCs/blob/f4c23717b6a6fc48436bb6778dcecce29cc5345c/ERCS/erc-6909.md,f4c23717b6a6fc48436bb6778dcecce29cc5345c,5f65ed1db122a04547c413bc46ec18f59bfef4b2a148d20295e97999c6c7f299,deliverables/modern-defi-taxonomy-2026-09-08/sources/assets/raw/erc-6909.md,[165],position_representation,True,Minimal multi-token accounting with per-ID allowance and all-ID operators.,"[""balanceOf allowance isOperator transfer transferFrom approve setOperator; Transfer Approval OperatorSet""]",ERC-165 required; approval and operator models required; insufficient balance/permission must revert; transfers return true and emit events. Metadata/content URI/supply are extensions.,Batching and recipient callbacks deliberately omitted; payoff and backing unspecified.,Not backward compatible with ERC-1155. Operator authority spans IDs. Normative transferFrom operator exemption and Security Considerations allowance-order latitude deserve conformance attention.,Solidity reference contract embedded in specification.,Reference/interface availability only; no build or conformance test performed in this normative profile.,No current deployment or economic-adoption measurement established by this specification-only profile; join separately scoped validation cases.,Specification security considerations inspected; no independent audit or deployed-bytecode correspondence established.,"{""latest_file_commit"": {""sha"": ""af31ec48753a39e115c9ebcc1da56ede271208d4"", ""date"": ""2025-09-23T16:16:03Z"", ""message"": ""Update ERC-6909: Move to Final\n\nMerged by EIP-Bot.""}, ""status_events_found"": [{""sha"": ""af31ec48753a39e115c9ebcc1da56ede271208d4"", ""date"": ""2025-09-23T16:16:03Z"", ""message"": ""Update ERC-6909: Move to Final\n\nMerged by EIP-Bot.""}, {""sha"": ""47fc20e561a4bd7d2a3038a5d3276019c9034c06"", ""date"": ""2025-09-04T16:27:31Z"", ""message"": ""Update ERC-6909: Move to Last Call\n\nMerged by EIP-Bot.""}, {""sha"": ""33ff9823e15cb81a0e0880b7d36b7d4fbafa73b9"", ""date"": ""2024-10-01T14:14:48Z"", ""message"": ""Update ERC-6909: Move to Review\n\nMerged by EIP-Bot.""}], ""coverage"": ""ERCs repository file history from 2023 migration through cutoff; earlier EIPs history not exhaustively reconstructed. Latest file change is not necessarily a material revision or status change."", ""material_revision_date"": null}","No deployed address, block or bytecode-conformance result established by this normative-source profile.",Not measured in this profile; do not infer adoption from Final status or a reference implementation.,"{""formal_specification_status"": ""Final"", ""implementation_maturity"": ""Reference/interface availability only; no build or conformance test performed in this normative profile."", ""deployment_evidence"": ""No deployed address, block or bytecode-conformance result established by this normative-source profile."", ""economic_adoption"": ""Not measured in this profile; do not infer adoption from Final status or a reference implementation."", ""security_evidence"": ""Specification security considerations inspected; no independent audit or deployed-bytecode correspondence established.""}",high,source_fact,[],,,,,,,,
ERC-165,165,Standard Interface Detection,ERC,Standards Track,Final,2018-01-23,2026-09-09,2026-09-08T23:59:59Z,https://github.com/ethereum/ERCs/blob/f4c23717b6a6fc48436bb6778dcecce29cc5345c/ERCS/erc-165.md,f4c23717b6a6fc48436bb6778dcecce29cc5345c,f431a42854927b82c309060d017c5bd4f61abf8dc4679e466369e698a2d52396,deliverables/modern-defi-taxonomy-2026-09-08/sources/assets/raw/erc-165.md,[214],interface_discovery,True,Publish and detect supported function-selector interface IDs.,"[""supportsInterface""]","Must return true for 0x01ffc9a7, false for 0xffffffff and use at most 30000 gas; prescribed two-call detection.","Behavioral conformance, return semantics beyond discovery, economic rights and correct implementation.",Self-reporting interface detection cannot establish behavioral or economic compatibility.,Mapping and pure examples plus detection test contract in specification.,Reference/interface availability only; no build or conformance test performed in this normative profile.,No current deployment or economic-adoption measurement established by this specification-only profile; join separately scoped validation cases.,Specification security considerations inspected; no independent audit or deployed-bytecode correspondence established.,"{""latest_file_commit"": {""sha"": ""8dd085d159cb123f545c272c0d871a5339550e79"", ""date"": ""2023-10-25T15:11:14Z"", ""message"": ""complete erc move""}, ""status_events_found"": [], ""coverage"": ""ERCs repository file history from 2023 migration through cutoff; earlier EIPs history not exhaustively reconstructed. Latest file change is not necessarily a material revision or status change."", ""material_revision_date"": null}","No deployed address, block or bytecode-conformance result established by this normative-source profile.",Not measured in this profile; do not infer adoption from Final status or a reference implementation.,"{""formal_specification_status"": ""Final"", ""implementation_maturity"": ""Reference/interface availability only; no build or conformance test performed in this normative profile."", ""deployment_evidence"": ""No deployed address, block or bytecode-conformance result established by this normative-source profile."", ""economic_adoption"": ""Not measured in this profile; do not infer adoption from Final status or a reference implementation."", ""security_evidence"": ""Specification security considerations inspected; no independent audit or deployed-bytecode correspondence established.""}",high,source_fact,[],,,,,,,,
ERC-777,777,Token Standard,ERC,Standards Track,Final,2017-11-20,2026-09-09,2026-09-08T23:59:59Z,https://github.com/ethereum/ERCs/blob/f4c23717b6a6fc48436bb6778dcecce29cc5345c/ERCS/erc-777.md,f4c23717b6a6fc48436bb6778dcecce29cc5345c,ecfc54b909c7959efd93d58dfecb0046d35de0cd9cdad6180222115c02b83f8b,deliverables/modern-defi-taxonomy-2026-09-08/sources/assets/raw/erc-777.md,[1820],token_callbacks,False,Operator-managed token sends/burns with registered sender and recipient hooks.,"[""send operatorSend burn operatorBurn granularity defaultOperators authorizeOperator revokeOperator isOperatorFor tokensToSend tokensReceived; Sent Minted Burned AuthorizedOperator RevokedOperator""]","Register token/hook interfaces through ERC-1820. Sender hook before balance change, recipient hook after. Native send to contract without registered receiver reverts; ERC-20 compatibility is optional with explicit compatibility rules.","Backing and yield, economic trust in operators or hooks.",ERC-20-compatible paths still call registered hooks; assuming ERC-20 transfer is inert creates reentrancy hazards. Default operators may exist but holder can revoke.,"Specification links reference implementation and ERC-1820 registry; historical integration capability, not recommendation.",Reference/interface availability only; no build or conformance test performed in this normative profile.,No current deployment or economic-adoption measurement established by this specification-only profile; join separately scoped validation cases.,Specification security considerations inspected; no independent audit or deployed-bytecode correspondence established.,"{""latest_file_commit"": {""sha"": ""3f8812087affdcbe7f9c47949cdc3c6077523164"", ""date"": ""2024-03-13T17:36:32Z"", ""message"": ""Update ERC-777: fix typo (#182)\n\n* Update ERC-777 : fix typo\r\n\r\nsame as title\r\n\r\n* Add hyphen for `ERC-N`""}, ""status_events_found"": [], ""coverage"": ""ERCs repository file history from 2023 migration through cutoff; earlier EIPs history not exhaustively reconstructed. Latest file change is not necessarily a material revision or status change."", ""material_revision_date"": null}","No deployed address, block or bytecode-conformance result established by this normative-source profile.",Not measured in this profile; do not infer adoption from Final status or a reference implementation.,"{""formal_specification_status"": ""Final"", ""implementation_maturity"": ""Reference/interface availability only; no build or conformance test performed in this normative profile."", ""deployment_evidence"": ""No deployed address, block or bytecode-conformance result established by this normative-source profile."", ""economic_adoption"": ""Not measured in this profile; do not infer adoption from Final status or a reference implementation."", ""security_evidence"": ""Specification security considerations inspected; no independent audit or deployed-bytecode correspondence established.""}",high,source_fact,[],,,,,,,,
ERC-1363,1363,Payable Token,ERC,Standards Track,Final,2018-08-30,2026-09-09,2026-09-08T23:59:59Z,https://github.com/ethereum/ERCs/blob/f4c23717b6a6fc48436bb6778dcecce29cc5345c/ERCS/erc-1363.md,f4c23717b6a6fc48436bb6778dcecce29cc5345c,a8e671c82c2e9392ba695c592b20cf6b7eaf38131ac8718253ae2db8de88797d,deliverables/modern-defi-taxonomy-2026-09-08/sources/assets/raw/erc-1363.md,"[20, 165]",token_callbacks,False,Opt-in transfer/approval entry points which invoke receiver or spender code.,"[""transferAndCall transferFromAndCall approveAndCall onTransferReceived onApprovalReceived; inherited Transfer Approval""]","Implement ERC-20, ERC-165 and callback extensions; recipient/spender contract must return the specified magic value. Ordinary ERC-20 methods are not overridden by this extension.","Application payment obligations, callback application behavior and economic safety.",Callback reentrancy and allowance replacement race remain. Distinguish explicit AndCall flows from ERC-777 registered hooks on compatible ordinary transfers.,Normative interfaces embedded; no separately validated deployed implementation in this profile.,Reference/interface availability only; no build or conformance test performed in this normative profile.,No current deployment or economic-adoption measurement established by this specification-only profile; join separately scoped validation cases.,Specification security considerations inspected; no independent audit or deployed-bytecode correspondence established.,"{""latest_file_commit"": {""sha"": ""98037d78eed798981bffd3b8efb31b2eab0f4455"", ""date"": ""2024-03-05T15:13:56Z"", ""message"": ""fix: add missing return statement (#213)""}, ""status_events_found"": [], ""coverage"": ""ERCs repository file history from 2023 migration through cutoff; earlier EIPs history not exhaustively reconstructed. Latest file change is not necessarily a material revision or status change."", ""material_revision_date"": null}","No deployed address, block or bytecode-conformance result established by this normative-source profile.",Not measured in this profile; do not infer adoption from Final status or a reference implementation.,"{""formal_specification_status"": ""Final"", ""implementation_maturity"": ""Reference/interface availability only; no build or conformance test performed in this normative profile."", ""deployment_evidence"": ""No deployed address, block or bytecode-conformance result established by this normative-source profile."", ""economic_adoption"": ""Not measured in this profile; do not infer adoption from Final status or a reference implementation."", ""security_evidence"": ""Specification security considerations inspected; no independent audit or deployed-bytecode correspondence established.""}",high,source_fact,[],,,,,,,,
ERC-1820,1820,Pseudo-introspection Registry Contract,ERC,Standards Track,Final,2019-03-04,2026-09-09,2026-09-08T23:59:59Z,https://github.com/ethereum/ERCs/blob/f4c23717b6a6fc48436bb6778dcecce29cc5345c/ERCS/erc-1820.md,f4c23717b6a6fc48436bb6778dcecce29cc5345c,d443362a7379d69d999c979e094481ee8e993c6081be715ece13fbe1ac3bed62,deliverables/modern-defi-taxonomy-2026-09-08/sources/assets/raw/erc-1820.md,"[165, 214]",interface_discovery,False,"Registry mapping an account and named interface to an implementation, including externally owned accounts.","[""setInterfaceImplementer getInterfaceImplementer setManager getManager interfaceHash updateERC165Cache implementsERC165Interface; InterfaceImplementerSet ManagerChanged""]",Only manager sets implementer; third-party implementer acceptance magic required; ERC-165 reserved hashes forwarded; prescribed deterministic deployment transaction.,Correctness/trust of registered implementation; automatic cache invalidation.,Manager can redirect behavior; ERC-165 cache can be stale. Supersedes ERC-820 due to old detection bug.,Exact registry source and deployment transaction embedded; linked 0xjac/ERC1820. No new deployment performed.,Reference/interface availability only; no build or conformance test performed in this normative profile.,No current deployment or economic-adoption measurement established by this specification-only profile; join separately scoped validation cases.,Specification security considerations inspected; no independent audit or deployed-bytecode correspondence established.,"{""latest_file_commit"": {""sha"": ""8dd085d159cb123f545c272c0d871a5339550e79"", ""date"": ""2023-10-25T15:11:14Z"", ""message"": ""complete erc move""}, ""status_events_found"": [], ""coverage"": ""ERCs repository file history from 2023 migration through cutoff; earlier EIPs history not exhaustively reconstructed. Latest file change is not necessarily a material revision or status change."", ""material_revision_date"": null}","No deployed address, block or bytecode-conformance result established by this normative-source profile.",Not measured in this profile; do not infer adoption from Final status or a reference implementation.,"{""formal_specification_status"": ""Final"", ""implementation_maturity"": ""Reference/interface availability only; no build or conformance test performed in this normative profile."", ""deployment_evidence"": ""No deployed address, block or bytecode-conformance result established by this normative-source profile."", ""economic_adoption"": ""Not measured in this profile; do not infer adoption from Final status or a reference implementation."", ""security_evidence"": ""Specification security considerations inspected; no independent audit or deployed-bytecode correspondence established.""}",high,source_fact,[],,,,,,,,
ERC-4626,4626,Tokenized Vaults,ERC,Standards Track,Final,2021-12-22,2026-09-09,2026-09-08T23:59:59Z,https://github.com/ethereum/ERCs/blob/f4c23717b6a6fc48436bb6778dcecce29cc5345c/ERCS/erc-4626.md,f4c23717b6a6fc48436bb6778dcecce29cc5345c,698c05bff73bfb796f59cd7c4732edccdf7e40176f9bb027c19a0bbe7251e10a,deliverables/modern-defi-taxonomy-2026-09-08/sources/assets/raw/erc-4626.md,"[20, 2612]",vault_accounting,True,Share accounting and deposit/mint/withdraw/redeem interface for one underlying ERC-20 asset.,"[""asset totalAssets convertToShares convertToAssets maxDeposit maxMint maxWithdraw maxRedeem previewDeposit previewMint previewWithdraw previewRedeem deposit mint withdraw redeem; Deposit Withdraw""]","ERC-20 shares and optional ERC-20 metadata become mandatory; ERC-2612 permit remains MAY despite requires metadata. Conversion excludes fees/slippage, caller-independent, rounds down. Previews include fees and disregard user/global limits; max methods reflect limits conservatively.","Investment strategy, allocation/accounting internals, guaranteed yield, solvency, unrestricted transfer or immediate redemption availability.",Shares differ from asset units; totalAssets and conversion value are not realizable exit prices. Rounding/donation effects and malicious implementations need explicit integration checks.,"Specification links reference implementations; this profile audits normative interface, not a deployed instance.",Reference/interface availability only; no build or conformance test performed in this normative profile.,No current deployment or economic-adoption measurement established by this specification-only profile; join separately scoped validation cases.,Specification security considerations inspected; no independent audit or deployed-bytecode correspondence established.,"{""latest_file_commit"": {""sha"": ""cf8bff877b00d56cec0c60007a25bae0937d0d03"", ""date"": ""2024-09-25T14:09:05Z"", ""message"": ""Update erc-4626.md (#581)\n\na minimal implementation broken link fixed: https://github.com/transmissions11/solmate/blob/main/src/tokens/ERC4626.sol""}, ""status_events_found"": [], ""coverage"": ""ERCs repository file history from 2023 migration through cutoff; earlier EIPs history not exhaustively reconstructed. Latest file change is not necessarily a material revision or status change."", ""material_revision_date"": null, ""inspected_patch"": {""date"": ""2024-09-25"", ""summary"": ""Reference implementation URL repair only; not a normative interface revision."", ""evidence_file"": ""deliverables/modern-defi-taxonomy-2026-09-08/sources/assets/revision-4626.json"", ""material"": false}}","No deployed address, block or bytecode-conformance result established by this normative-source profile.",Not measured in this profile; do not infer adoption from Final status or a reference implementation.,"{""formal_specification_status"": ""Final"", ""implementation_maturity"": ""Reference/interface availability only; no build or conformance test performed in this normative profile."", ""deployment_evidence"": ""No deployed address, block or bytecode-conformance result established by this normative-source profile."", ""economic_adoption"": ""Not measured in this profile; do not infer adoption from Final status or a reference implementation."", ""security_evidence"": ""Specification security considerations inspected; no independent audit or deployed-bytecode correspondence established.""}",high,source_fact,[],"[{""date"": ""2024-09-25"", ""summary"": ""Reference implementation URL repair only; not a normative interface revision."", ""evidence_file"": ""deliverables/modern-defi-taxonomy-2026-09-08/sources/assets/revision-4626.json"", ""material"": false}]",,,,,,,
ERC-7535,7535,Native Asset ERC-4626 Tokenized Vault,ERC,Standards Track,Final,2023-10-12,2026-09-09,2026-09-08T23:59:59Z,https://github.com/ethereum/ERCs/blob/f4c23717b6a6fc48436bb6778dcecce29cc5345c/ERCS/erc-7535.md,f4c23717b6a6fc48436bb6778dcecce29cc5345c,754d348416e8afe83d9321fba86641a994c673903a996e48cac1b93702ca7824,deliverables/modern-defi-taxonomy-2026-09-08/sources/assets/raw/erc-7535.md,"[20, 4626, 7528]",vault_accounting,False,ERC-4626-shaped interface with native ETH assets and payable entry methods.,"[""asset deposit mint; inherited ERC-4626 methods and Deposit Withdraw""]",asset must return ERC-7528 native-asset sentinel; assets are wei; deposit uses msg.value and may ignore assets argument; no underlying ERC-20 approval flow. Wrapped-ETH vaults must not implement this extension.,"Excess ETH refund/absorption policy for mint, forced ETH accounting and fallback behavior.",Same selector does not mean same funding behavior; ETH sends create callback/forced-balance hazards.,Normative overrides; reference implementation not specified in this document.,Reference/interface availability only; no build or conformance test performed in this normative profile.,No current deployment or economic-adoption measurement established by this specification-only profile; join separately scoped validation cases.,Specification security considerations inspected; no independent audit or deployed-bytecode correspondence established.,"{""latest_file_commit"": {""sha"": ""7e585b75f2c83c51834291492faa8f897b1d956e"", ""date"": ""2024-04-02T14:17:28Z"", ""message"": ""Update ERC-7535: Move to Final\n\nMerged by EIP-Bot.""}, ""status_events_found"": [{""sha"": ""7e585b75f2c83c51834291492faa8f897b1d956e"", ""date"": ""2024-04-02T14:17:28Z"", ""message"": ""Update ERC-7535: Move to Final\n\nMerged by EIP-Bot.""}, {""sha"": ""8b6c7249ea6e0df7c3c0a8c85a25ab146a0e6fd6"", ""date"": ""2024-02-20T16:16:34Z"", ""message"": ""Update ERC-7535: Move to Last Call\n\nMerged by EIP-Bot.""}, {""sha"": ""707bc79e0a013d1784b005981909f6b9dc59f8a2"", ""date"": ""2023-11-28T15:29:59Z"", ""message"": ""Update ERC-7535: Move to Review\n\nMerged by EIP-Bot.""}], ""coverage"": ""ERCs repository file history from 2023 migration through cutoff; earlier EIPs history not exhaustively reconstructed. Latest file change is not necessarily a material revision or status change."", ""material_revision_date"": null}","No deployed address, block or bytecode-conformance result established by this normative-source profile.",Not measured in this profile; do not infer adoption from Final status or a reference implementation.,"{""formal_specification_status"": ""Final"", ""implementation_maturity"": ""Reference/interface availability only; no build or conformance test performed in this normative profile."", ""deployment_evidence"": ""No deployed address, block or bytecode-conformance result established by this normative-source profile."", ""economic_adoption"": ""Not measured in this profile; do not infer adoption from Final status or a reference implementation."", ""security_evidence"": ""Specification security considerations inspected; no independent audit or deployed-bytecode correspondence established.""}",high,source_fact,[],,,,,,,,
ERC-7540,7540,Asynchronous ERC-4626 Tokenized Vaults,ERC,Standards Track,Final,2023-10-18,2026-09-09,2026-09-08T23:59:59Z,https://github.com/ethereum/ERCs/blob/f4c23717b6a6fc48436bb6778dcecce29cc5345c/ERCS/erc-7540.md,f4c23717b6a6fc48436bb6778dcecce29cc5345c,3d517b81b0a39848241578efa6e175024ce8b52d03e15b6edda357087a38bc72,deliverables/modern-defi-taxonomy-2026-09-08/sources/assets/raw/erc-7540.md,"[20, 165, 4626, 7575]",request_lifecycle,True,Asynchronous deposit and/or redemption request lifecycle with later pull claims.,"[""requestDeposit pendingDepositRequest claimableDepositRequest requestRedeem pendingRedeemRequest claimableRedeemRequest setOperator isOperator deposit mint withdraw redeem; DepositRequest RedeemRequest OperatorSet Deposit Withdraw""]","Implement one/both async sides, synchronous ERC-4626 side otherwise; MUST implement ERC-7575/share and ERC-165. Affected previews always revert; assets/shares are committed at request, later entry/exit methods claim. Controller/operator authorization and non-skipped separate claim required.","Request fulfillment time, cancellation, yield while pending, final exchange rate and settlement mechanism.",Pending/Claimable/Claimed distinct. Nonzero common IDs transition together with common rate/pro-rata partial claims; ID zero aggregates controller state. No FIFO across IDs. ERC-4626 callers assuming previews/transfers can fail.,Illustrative flow code in specification; no deployed conformance established by it.,Reference/interface availability only; no build or conformance test performed in this normative profile.,No current deployment or economic-adoption measurement established by this specification-only profile; join separately scoped validation cases.,Specification security considerations inspected; no independent audit or deployed-bytecode correspondence established.,"{""latest_file_commit"": {""sha"": ""c0c9eb341d0f7c290140850af7ce0a2abed58900"", ""date"": ""2024-12-03T13:04:07Z"", ""message"": ""Update ERC-7540: Fix event names (#670)\n\n* Update ERC-7540: Fix event names\r\n\r\n* undo lint\r\n\r\n* fixes\r\n\r\n* fixes""}, ""status_events_found"": [{""sha"": ""bbfa0b69473de1b7980706d0243e6fba15aed4b8"", ""date"": ""2024-06-25T14:05:34Z"", ""message"": ""Update ERC-7540: Move to Final\n\nMerged by EIP-Bot.""}, {""sha"": ""9de3314cac8355dac2df0d9b5abdd3a31d5c69c4"", ""date"": ""2024-06-11T14:06:42Z"", ""message"": ""Update ERC-7540: Move to Last Call\n\nMerged by EIP-Bot.""}, {""sha"": ""607dd2b1821018782737a83d77b99ac5b1757157"", ""date"": ""2023-11-15T15:42:46Z"", ""message"": ""Update ERC-7540: Move to Review\n\nMerged by EIP-Bot.""}], ""coverage"": ""ERCs repository file history from 2023 migration through cutoff; earlier EIPs history not exhaustively reconstructed. Latest file change is not necessarily a material revision or status change."", ""material_revision_date"": ""2024-12-03"", ""observed_change_titles"": [{""sha"": ""c0c9eb341d0f7c290140850af7ce0a2abed58900"", ""date"": ""2024-12-03T13:04:07Z"", ""message"": ""Update ERC-7540: Fix event names (#670)\n\n* Update ERC-7540: Fix event names\r\n\r\n* undo lint\r\n\r\n* fixes\r\n\r\n* fixes""}, {""sha"": ""bbfa0b69473de1b7980706d0243e6fba15aed4b8"", ""date"": ""2024-06-25T14:05:34Z"", ""message"": ""Update ERC-7540: Move to Final\n\nMerged by EIP-Bot.""}, {""sha"": ""576f7f7bb823be8883f09536f057f8b7ea5f4927"", ""date"": ""2024-06-22T20:53:42Z"", ""message"": ""Update ERC-7540: Remove inequality\n\nMerged by EIP-Bot.""}, {""sha"": ""ec746f23128bef69e307fde8ff9566485ff3d0e3"", ""date"": ""2024-06-17T20:07:38Z"", ""message"": ""Update ERC-7540: Fix ERC7540 typo\n\nMerged by EIP-Bot.""}, {""sha"": ""878ef7694cac391d6c06d22fb5f6c4fc59aa21c4"", ""date"": ""2024-06-14T19:59:21Z"", ""message"": ""Update ERC-7540: Update ERC7540\n\nMerged by EIP-Bot.""}, {""sha"": ""fd5afe4e5d41724d66b520375efb91350634a8ba"", ""date"": ""2024-06-13T19:02:49Z"", ""message"": ""Update ERC-7540: Update ERC7540 interface IDs\n\nMerged by EIP-Bot.""}, {""sha"": ""9de3314cac8355dac2df0d9b5abdd3a31d5c69c4"", ""date"": ""2024-06-11T14:06:42Z"", ""message"": ""Update ERC-7540: Move to Last Call\n\nMerged by EIP-Bot.""}, {""sha"": ""f5325120b1feb8cfcb53e12fa2e485987b5b35e5"", ""date"": ""2024-06-03T11:38:04Z"", ""message"": ""Update ERC-7540: Update ERC7540\n\nMerged by EIP-Bot.""}, {""sha"": ""a673fbcc17f17235243d6ee876c3339830106e71"", ""date"": ""2024-06-02T19:58:42Z"", ""message"": ""Update ERC-7540: Update ERC7540\n\nMerged by EIP-Bot.""}, {""sha"": ""4b7fd77dbe95d3bc42023696eedcda3786eb6eb5"", ""date"": ""2024-05-30T19:55:07Z"", ""message"": ""Update ERC-7540: Update ERC7540\n\nMerged by EIP-Bot.""}], ""inspected_patch"": {""date"": ""2024-12-03"", ""summary"": ""Corrected prose event names RequestDeposit/RequestRedeem to DepositRequest/RedeemRequest and example claim controller argument."", ""evidence_file"": ""deliverables/modern-defi-taxonomy-2026-09-08/sources/assets/revision-7540.json"", ""material"": true}}","No deployed address, block or bytecode-conformance result established by this normative-source profile.",Not measured in this profile; do not infer adoption from Final status or a reference implementation.,"{""formal_specification_status"": ""Final"", ""implementation_maturity"": ""Reference/interface availability only; no build or conformance test performed in this normative profile."", ""deployment_evidence"": ""No deployed address, block or bytecode-conformance result established by this normative-source profile."", ""economic_adoption"": ""Not measured in this profile; do not infer adoption from Final status or a reference implementation."", ""security_evidence"": ""Specification security considerations inspected; no independent audit or deployed-bytecode correspondence established.""}",high,source_fact,"[{""date"": ""2024-12-03"", ""summary"": ""Corrected prose event names RequestDeposit/RequestRedeem to DepositRequest/RedeemRequest and example claim controller argument."", ""evidence_file"": ""deliverables/modern-defi-taxonomy-2026-09-08/sources/assets/revision-7540.json"", ""material"": true}]","[{""date"": ""2024-12-03"", ""summary"": ""Corrected prose event names RequestDeposit/RequestRedeem to DepositRequest/RedeemRequest and example claim controller argument."", ""evidence_file"": ""deliverables/modern-defi-taxonomy-2026-09-08/sources/assets/revision-7540.json"", ""material"": true}]",,,,,,,
ERC-7575,7575,Multi-Asset ERC-4626 Vaults,ERC,Standards Track,Final,2023-12-11,2026-09-09,2026-09-08T23:59:59Z,https://github.com/ethereum/ERCs/blob/f4c23717b6a6fc48436bb6778dcecce29cc5345c/ERCS/erc-7575.md,f4c23717b6a6fc48436bb6778dcecce29cc5345c,f8cd419ec250eca9201b13ed05d4f0e698a81b074d874e499ab7724954e8b077,deliverables/modern-defi-taxonomy-2026-09-08/sources/assets/raw/erc-7575.md,"[20, 165, 2771, 4626]",vault_accounting,True,Multiple asset-denominated entry points sharing an externalizable ERC-20 share token; also token-conversion pipes.,"[""share asset deposit mint withdraw redeem; optional share.vault(asset), VaultUpdate""]","Entry points implement ERC-4626 excluding ERC-20 methods/events; share returns ERC-20 address, may equal self, must not revert. Vault ERC-165 required. Share-to-vault lookup and share ERC-165 implementation are SHOULD; specified interface return behavior applies when present.","Common valuation method, redemption liquidity, legal claim, external-share authorization implementation.","Explicitly not fully ERC-4626-compatible when entry point is not share token. Pipes can be unidirectional. Metadata requires 2771 but trusted-forwarder use is a possible security arrangement, not universal mandated architecture.",Embedded pseudocode explicitly incomplete and not production/security guarantee.,Reference/interface availability only; no build or conformance test performed in this normative profile.,No current deployment or economic-adoption measurement established by this specification-only profile; join separately scoped validation cases.,Specification security considerations inspected; no independent audit or deployed-bytecode correspondence established.,"{""latest_file_commit"": {""sha"": ""bb17ed70c740dded2fda53b33ee2d855a54c8810"", ""date"": ""2024-06-11T14:04:13Z"", ""message"": ""Update ERC-7575: Move to Final\n\nMerged by EIP-Bot.""}, ""status_events_found"": [{""sha"": ""bb17ed70c740dded2fda53b33ee2d855a54c8810"", ""date"": ""2024-06-11T14:04:13Z"", ""message"": ""Update ERC-7575: Move to Final\n\nMerged by EIP-Bot.""}, {""sha"": ""f1b2b2022c5cbded9cda1596ace649da4b1d24c3"", ""date"": ""2024-05-28T14:07:00Z"", ""message"": ""Update ERC-7575: Move to Last Call\n\nMerged by EIP-Bot.""}, {""sha"": ""bec9292c13ed4af06ae8a8b9e2bae9cea7d12153"", ""date"": ""2024-04-16T14:55:29Z"", ""message"": ""Update ERC-7575: Move to Review\n\nMerged by EIP-Bot.""}], ""coverage"": ""ERCs repository file history from 2023 migration through cutoff; earlier EIPs history not exhaustively reconstructed. Latest file change is not necessarily a material revision or status change."", ""material_revision_date"": null, ""observed_change_titles"": [{""sha"": ""bb17ed70c740dded2fda53b33ee2d855a54c8810"", ""date"": ""2024-06-11T14:04:13Z"", ""message"": ""Update ERC-7575: Move to Final\n\nMerged by EIP-Bot.""}, {""sha"": ""5003fce9f8eb8a8a15b215096452d9a17895aadf"", ""date"": ""2024-05-28T14:28:53Z"", ""message"": ""Update ERC-7575: ERC7575 fixes\n\nMerged by EIP-Bot.""}, {""sha"": ""f1b2b2022c5cbded9cda1596ace649da4b1d24c3"", ""date"": ""2024-05-28T14:07:00Z"", ""message"": ""Update ERC-7575: Move to Last Call\n\nMerged by EIP-Bot.""}, {""sha"": ""d813a80d433c4058de50b3e29ef252448a5943b7"", ""date"": ""2024-05-28T11:09:32Z"", ""message"": ""Update ERC-7575: ERC7575 clarifications\n\nMerged by EIP-Bot.""}, {""sha"": ""c2cddc455fd9c2dc3d4b6dd567ad6e8518fc56f1"", ""date"": ""2024-05-21T16:36:08Z"", ""message"": ""Update ERC-7540: Update ERC7540 and ERC7575\n\nMerged by EIP-Bot.""}, {""sha"": ""b90325dedf0b99db451d45c7393bbe1575ffbb74"", ""date"": ""2024-04-28T02:49:56Z"", ""message"": ""Update ERC-7540: Spell check ERC7540 and ERC7575\n\nMerged by EIP-Bot.""}, {""sha"": ""bec9292c13ed4af06ae8a8b9e2bae9cea7d12153"", ""date"": ""2024-04-16T14:55:29Z"", ""message"": ""Update ERC-7575: Move to Review\n\nMerged by EIP-Bot.""}, {""sha"": ""6a52272a40ef8bf8d842e2a142f2013661626667"", ""date"": ""2024-03-21T08:59:26Z"", ""message"": ""Update ERC-7575: Fix typos in ERC7575\n\nMerged by EIP-Bot.""}, {""sha"": ""e8bc4c07afa44b840d86b31523731ff175f9af91"", ""date"": ""2024-03-21T08:41:46Z"", ""message"": ""Update ERC-7540: Simplify ERC7575\n\nMerged by EIP-Bot.""}, {""sha"": ""7f5bb28ff09bc76d25637b857daf34af3ec00fdb"", ""date"": ""2024-02-20T16:45:43Z"", ""message"": ""Add ERC: Partial and Extended ERC-4626 Vaults\n\nMerged by EIP-Bot.""}]}","No deployed address, block or bytecode-conformance result established by this normative-source profile.",Not measured in this profile; do not infer adoption from Final status or a reference implementation.,"{""formal_specification_status"": ""Final"", ""implementation_maturity"": ""Reference/interface availability only; no build or conformance test performed in this normative profile."", ""deployment_evidence"": ""No deployed address, block or bytecode-conformance result established by this normative-source profile."", ""economic_adoption"": ""Not measured in this profile; do not infer adoption from Final status or a reference implementation."", ""security_evidence"": ""Specification security considerations inspected; no independent audit or deployed-bytecode correspondence established.""}",high,source_fact,[],,,,,,,,
ERC-5095,5095,Principal Token,ERC,Standards Track,Stagnant,2022-05-01,2026-09-09,2026-09-08T23:59:59Z,https://github.com/ethereum/ERCs/blob/f4c23717b6a6fc48436bb6778dcecce29cc5345c/ERCS/erc-5095.md,f4c23717b6a6fc48436bb6778dcecce29cc5345c,521e4a040c4cfb6c83b62cd4703d523176483af5c8b686d5db0e115dfeafb484,deliverables/modern-defi-taxonomy-2026-09-08/sources/assets/raw/erc-5095.md,"[20, 2612]",principal_claim,False,"Maturity-bearing principal-token redemption interface, shaped around a future underlying asset claim.","[""underlying maturity convertToUnderlying convertToPrincipal maxRedeem previewRedeem redeem maxWithdraw previewWithdraw withdraw; Redeem""]",ERC-20 plus metadata required; ERC-2612 MAY. Mature redemption burns principal for underlying; conversions fee-exclusive/round down; previews fee-inclusive and disregard limits.,"Custody location, underlying investment/accounting, issuance method, default treatment and post-maturity yield policy.",Not ERC-4626 inheritance: omits mint/deposit deliberately. Before-maturity ideal conversion is not current executable redemption or market price.,Embedded abstract/reference Solidity. No deployment or adoption established here.,Reference/interface availability only; no build or conformance test performed in this normative profile.,No current deployment or economic-adoption measurement established by this specification-only profile; join separately scoped validation cases.,Specification security considerations inspected; no independent audit or deployed-bytecode correspondence established.,"{""latest_file_commit"": {""sha"": ""8dd085d159cb123f545c272c0d871a5339550e79"", ""date"": ""2023-10-25T15:11:14Z"", ""message"": ""complete erc move""}, ""status_events_found"": [], ""coverage"": ""ERCs repository file history from 2023 migration through cutoff; earlier EIPs history not exhaustively reconstructed. Latest file change is not necessarily a material revision or status change."", ""material_revision_date"": null}","No deployed address, block or bytecode-conformance result established by this normative-source profile.",Not measured in this profile; do not infer adoption from Final status or a reference implementation.,"{""formal_specification_status"": ""Stagnant"", ""implementation_maturity"": ""Reference/interface availability only; no build or conformance test performed in this normative profile."", ""deployment_evidence"": ""No deployed address, block or bytecode-conformance result established by this normative-source profile."", ""economic_adoption"": ""Not measured in this profile; do not infer adoption from Final status or a reference implementation."", ""security_evidence"": ""Specification security considerations inspected; no independent audit or deployed-bytecode correspondence established.""}",high,source_fact,[],,,,,,,,
ERC-5115,5115,SY Token,ERC,Standards Track,Draft,2022-05-30,2026-09-09,2026-09-08T23:59:59Z,https://github.com/ethereum/ERCs/blob/f4c23717b6a6fc48436bb6778dcecce29cc5345c/ERCS/erc-5115.md,f4c23717b6a6fc48436bb6778dcecce29cc5345c,94d8064e543af5e9fb411207a8dcbf8678c3e76cc345dcb914c8d4a8f0b1a74e,deliverables/modern-defi-taxonomy-2026-09-08/sources/assets/raw/erc-5115.md,[20],yield_wrapper,False,Standardized-yield wrapper with multiple input/output tokens and a separate accounting asset.,"[""deposit redeem exchangeRate getTokensIn getTokensOut yieldToken previewDeposit previewRedeem; Deposit Redeem""]",ERC-20 metadata required; minimum output guards; exchangeRate scales shares-to-accounting-assets by 1e18 and excludes fees. ERC-165 and permit optional.,"Return-generating strategy, guaranteed appreciation, universal reward interface, backing and redemption liquidity.",Not a 4626 extension: inputs/outputs can differ from accounting units. Pinned Draft prose mentions depositFromInternalBalance absent from deposit ABI; burnFromInternalBalance prose needs code-level comparison.,Interface in registry; no normative reference implementation section. Compare actual Pendle SY code/version separately before saying conforms.,Reference/interface availability only; no build or conformance test performed in this normative profile.,No current deployment or economic-adoption measurement established by this specification-only profile; join separately scoped validation cases.,Specification security considerations inspected; no independent audit or deployed-bytecode correspondence established.,"{""latest_file_commit"": {""sha"": ""d8b5d431db50371e7b5760bf245cc38190ac1623"", ""date"": ""2024-03-20T10:28:17Z"", ""message"": ""Update ERC-5115: Update preview functions behavior to allow revert on special cases\n\nMerged by EIP-Bot.""}, ""status_events_found"": [], ""coverage"": ""ERCs repository file history from 2023 migration through cutoff; earlier EIPs history not exhaustively reconstructed. Latest file change is not necessarily a material revision or status change."", ""material_revision_date"": ""2024-03-20"", ""observed_change_titles"": [{""sha"": ""d8b5d431db50371e7b5760bf245cc38190ac1623"", ""date"": ""2024-03-20T10:28:17Z"", ""message"": ""Update ERC-5115: Update preview functions behavior to allow revert on special cases\n\nMerged by EIP-Bot.""}, {""sha"": ""8dd085d159cb123f545c272c0d871a5339550e79"", ""date"": ""2023-10-25T15:11:14Z"", ""message"": ""complete erc move""}], ""inspected_patch"": {""date"": ""2024-03-20"", ""summary"": ""Preview functions changed from MUST NOT revert to SHOULD ONLY revert if the relevant mint/burn is forbidden."", ""evidence_file"": ""deliverables/modern-defi-taxonomy-2026-09-08/sources/assets/revision-5115.json"", ""material"": true}}","No deployed address, block or bytecode-conformance result established by this normative-source profile.",Not measured in this profile; do not infer adoption from Final status or a reference implementation.,"{""formal_specification_status"": ""Draft"", ""implementation_maturity"": ""Reference/interface availability only; no build or conformance test performed in this normative profile."", ""deployment_evidence"": ""No deployed address, block or bytecode-conformance result established by this normative-source profile."", ""economic_adoption"": ""Not measured in this profile; do not infer adoption from Final status or a reference implementation."", ""security_evidence"": ""Specification security considerations inspected; no independent audit or deployed-bytecode correspondence established.""}",high,source_fact,"[{""date"": ""2024-03-20"", ""summary"": ""Preview functions changed from MUST NOT revert to SHOULD ONLY revert if the relevant mint/burn is forbidden."", ""evidence_file"": ""deliverables/modern-defi-taxonomy-2026-09-08/sources/assets/revision-5115.json"", ""material"": true}]","[{""date"": ""2024-03-20"", ""summary"": ""Preview functions changed from MUST NOT revert to SHOULD ONLY revert if the relevant mint/burn is forbidden."", ""evidence_file"": ""deliverables/modern-defi-taxonomy-2026-09-08/sources/assets/revision-5115.json"", ""material"": true}]",,,,,,,
ERC-3156,3156,Flash Loans,ERC,Standards Track,Final,2020-11-15,2026-09-09,2026-09-08T23:59:59Z,https://github.com/ethereum/ERCs/blob/f4c23717b6a6fc48436bb6778dcecce29cc5345c/ERCS/erc-3156.md,f4c23717b6a6fc48436bb6778dcecce29cc5345c,5a6d84516fa65e7be9f0e235498fdcb6a81c9770b09b0ac6cb633d4a07769e22,deliverables/modern-defi-taxonomy-2026-09-08/sources/assets/raw/erc-3156.md,[],flash_liquidity,True,Same-transaction single-asset loan with borrower callback and principal-plus-fee pull repayment.,"[""maxFlashLoan flashFee flashLoan onFlashLoan""]","Unsupported token: maxFlashLoan returns zero, flashFee reverts. Transfer before callback; pass initiator/parameters unchanged; verify callback magic; pull amount+fee or revert. Borrower approves repayment.","General lending, cross-transaction credit, collateral, alternate-token repayment and multi-asset batch loan API.",Callback arguments require trusted lender and appropriate initiator validation. Flash liquidity is a capability; vulnerability lies in susceptible surrounding logic.,"Embedded borrower, flash-mint and flash-loan reference implementations.",Reference/interface availability only; no build or conformance test performed in this normative profile.,No current deployment or economic-adoption measurement established by this specification-only profile; join separately scoped validation cases.,Specification security considerations inspected; no independent audit or deployed-bytecode correspondence established.,"{""latest_file_commit"": {""sha"": ""8dd085d159cb123f545c272c0d871a5339550e79"", ""date"": ""2023-10-25T15:11:14Z"", ""message"": ""complete erc move""}, ""status_events_found"": [], ""coverage"": ""ERCs repository file history from 2023 migration through cutoff; earlier EIPs history not exhaustively reconstructed. Latest file change is not necessarily a material revision or status change."", ""material_revision_date"": null}","No deployed address, block or bytecode-conformance result established by this normative-source profile.",Not measured in this profile; do not infer adoption from Final status or a reference implementation.,"{""formal_specification_status"": ""Final"", ""implementation_maturity"": ""Reference/interface availability only; no build or conformance test performed in this normative profile."", ""deployment_evidence"": ""No deployed address, block or bytecode-conformance result established by this normative-source profile."", ""economic_adoption"": ""Not measured in this profile; do not infer adoption from Final status or a reference implementation."", ""security_evidence"": ""Specification security considerations inspected; no independent audit or deployed-bytecode correspondence established.""}",high,source_fact,[],,,,,,,,
ERC-3525,3525,Semi-Fungible Token,ERC,Standards Track,Final,2020-12-01,2026-09-09,2026-09-08T23:59:59Z,https://github.com/ethereum/ERCs/blob/f4c23717b6a6fc48436bb6778dcecce29cc5345c/ERCS/erc-3525.md,f4c23717b6a6fc48436bb6778dcecce29cc5345c,8c8fff18a53638a7c3e4696f35a0947f08cc562ce4bcd91d4b5d69a18d2213c5,deliverables/modern-defi-taxonomy-2026-09-08/sources/assets/raw/erc-3525.md,"[20, 165, 721]",position_representation,False,Semi-fungible ID/SLOT/VALUE representation allowing partial value transfers within a slot.,"[""valueDecimals balanceOf(tokenId) slotOf approve allowance transferFrom(id,id,value) transferFrom(id,address,value); TransferValue ApprovalValue SlotChanged""]",ERC-721 and ERC-165 required; value transfer must respect matching slots and approvals; receiver callback called if implemented. Slot enumeration/slot approvals/metadata optional.,"Meaning of slot/value, financial obligation, legal rights, valuation and cash-flow execution.","Value approval does not authorize moving entire ERC-721 token. Slot equivalence is implementation-scoped, not cross-contract fungibility.",ERC3525.sol in pinned registry assets.,Reference/interface availability only; no build or conformance test performed in this normative profile.,No current deployment or economic-adoption measurement established by this specification-only profile; join separately scoped validation cases.,Specification security considerations inspected; no independent audit or deployed-bytecode correspondence established.,"{""latest_file_commit"": {""sha"": ""8dd085d159cb123f545c272c0d871a5339550e79"", ""date"": ""2023-10-25T15:11:14Z"", ""message"": ""complete erc move""}, ""status_events_found"": [], ""coverage"": ""ERCs repository file history from 2023 migration through cutoff; earlier EIPs history not exhaustively reconstructed. Latest file change is not necessarily a material revision or status change."", ""material_revision_date"": null}","No deployed address, block or bytecode-conformance result established by this normative-source profile.",Not measured in this profile; do not infer adoption from Final status or a reference implementation.,"{""formal_specification_status"": ""Final"", ""implementation_maturity"": ""Reference/interface availability only; no build or conformance test performed in this normative profile."", ""deployment_evidence"": ""No deployed address, block or bytecode-conformance result established by this normative-source profile."", ""economic_adoption"": ""Not measured in this profile; do not infer adoption from Final status or a reference implementation."", ""security_evidence"": ""Specification security considerations inspected; no independent audit or deployed-bytecode correspondence established.""}",high,source_fact,[],,,,,,,,
ERC-3475,3475,Abstract Storage Bonds,ERC,Standards Track,Final,2021-04-05,2026-09-09,2026-09-08T23:59:59Z,https://github.com/ethereum/ERCs/blob/f4c23717b6a6fc48436bb6778dcecce29cc5345c/ERCS/erc-3475.md,f4c23717b6a6fc48436bb6778dcecce29cc5345c,fec8bacdaae05037ea82cc5f517713fe282db6453cc5bebe0d147a97433763fa,deliverables/modern-defi-taxonomy-2026-09-08/sources/assets/raw/erc-3475.md,"[20, 721, 1155]",debt_instrument,False,Class/nonce obligation balances with abstract on-chain metadata and batch issuance/redemption/transfer.,"[""transferFrom transferAllowanceFrom issue redeem burn approve setApprovalFor balanceOf classMetadata nonceMetadata classValues nonceValues getProgress; Issue Redeem burn Transfer ApprovalFor""]",Events must accompany obligation lifecycle operations; owner/operator or scoped class/nonce approvals authorize movement. Metadata titles SHOULD not be empty.,"Universal economic semantics of abstract metadata, valuation, creditworthiness, enforceable legal redemption and standardized lending mechanism.",Frontmatter dependencies and compatibility prose do not imply its class/nonce ABI is a drop-in ERC-20/721/1155 token. Broad operator includes transfer/burn/redeem.,"Minimal ERC3475.sol, interface, metadata example and tests linked in registry assets.",Reference/interface availability only; no build or conformance test performed in this normative profile.,No current deployment or economic-adoption measurement established by this specification-only profile; join separately scoped validation cases.,Specification security considerations inspected; no independent audit or deployed-bytecode correspondence established.,"{""latest_file_commit"": {""sha"": ""8dd085d159cb123f545c272c0d871a5339550e79"", ""date"": ""2023-10-25T15:11:14Z"", ""message"": ""complete erc move""}, ""status_events_found"": [], ""coverage"": ""ERCs repository file history from 2023 migration through cutoff; earlier EIPs history not exhaustively reconstructed. Latest file change is not necessarily a material revision or status change."", ""material_revision_date"": null}","No deployed address, block or bytecode-conformance result established by this normative-source profile.",Not measured in this profile; do not infer adoption from Final status or a reference implementation.,"{""formal_specification_status"": ""Final"", ""implementation_maturity"": ""Reference/interface availability only; no build or conformance test performed in this normative profile."", ""deployment_evidence"": ""No deployed address, block or bytecode-conformance result established by this normative-source profile."", ""economic_adoption"": ""Not measured in this profile; do not infer adoption from Final status or a reference implementation."", ""security_evidence"": ""Specification security considerations inspected; no independent audit or deployed-bytecode correspondence established.""}",high,source_fact,[],,,,,,,,
ERC-7092,7092,Financial Bonds,ERC,Standards Track,Final,2023-05-28,2026-09-09,2026-09-08T23:59:59Z,https://github.com/ethereum/ERCs/blob/f4c23717b6a6fc48436bb6778dcecce29cc5345c/ERCS/erc-7092.md,f4c23717b6a6fc48436bb6778dcecce29cc5345c,24ce077b908767b322a3225db1fc97ee1ce507fb1f3733f082aef4637d940cbc,deliverables/modern-defi-taxonomy-2026-09-08/sources/assets/raw/erc-7092.md,[165],debt_instrument,False,"Bond-specific principal, coupon, issuance and maturity fields with transfers of debt claims.","[""isin name symbol currency denomination issueVolume couponRate issueDate maturityDate principalOf allowance approve decreaseAllowance transfer transferFrom batchApprove batchTransfer; Transfer Approval TransferBatch ApprovalBatch""]",Core bond interface and ERC-165 required. Additional coupon currency/type/frequency/day-count and cross-chain interfaces OPTIONAL; cross-chain calls name destination chain/contract.,"Default/restructuring waterfall, legal enforceability, coupon payment engine, identity registry and cross-chain verification protocol.",Explicitly not ERC-20/1155 backward-compatible; totalSupply/balanceOf absent from core. Optional cross-chain method does not establish cross-chain atomicity.,ERC7092.sol and callable/puttable/convertible illustrations; examples do not prove live bond issuance.,Reference/interface availability only; no build or conformance test performed in this normative profile.,No current deployment or economic-adoption measurement established by this specification-only profile; join separately scoped validation cases.,Specification security considerations inspected; no independent audit or deployed-bytecode correspondence established.,"{""latest_file_commit"": {""sha"": ""bedc74b0d501ccc38d9faf095f6a1bf90eea75e7"", ""date"": ""2025-11-21T17:51:53Z"", ""message"": ""Update erc-7092.md (#1190)""}, ""status_events_found"": [{""sha"": ""3d158743b3cc3d6e77d52bf2894ad36abd865597"", ""date"": ""2024-03-05T16:05:57Z"", ""message"": ""Update ERC-7092: Move to Final\n\nMerged by EIP-Bot.""}, {""sha"": ""38ca16681c9fecee48b2afdc87561083481fcf27"", ""date"": ""2024-01-24T16:18:47Z"", ""message"": ""Update ERC-7092: Move to Last Call\n\nMerged by EIP-Bot.""}, {""sha"": ""03065fbac39dd232fc47986ad55fe3c3cbedffb9"", ""date"": ""2023-11-14T15:29:17Z"", ""message"": ""Update ERC-7092: Move to Review\n\nMerged by EIP-Bot.""}], ""coverage"": ""ERCs repository file history from 2023 migration through cutoff; earlier EIPs history not exhaustively reconstructed. Latest file change is not necessarily a material revision or status change."", ""material_revision_date"": null, ""inspected_patch"": {""date"": ""2025-11-21"", ""summary"": ""Spelling corrections only; no normative interface change in this commit."", ""evidence_file"": ""deliverables/modern-defi-taxonomy-2026-09-08/sources/assets/revision-7092.json"", ""material"": false}}","No deployed address, block or bytecode-conformance result established by this normative-source profile.",Not measured in this profile; do not infer adoption from Final status or a reference implementation.,"{""formal_specification_status"": ""Final"", ""implementation_maturity"": ""Reference/interface availability only; no build or conformance test performed in this normative profile."", ""deployment_evidence"": ""No deployed address, block or bytecode-conformance result established by this normative-source profile."", ""economic_adoption"": ""Not measured in this profile; do not infer adoption from Final status or a reference implementation."", ""security_evidence"": ""Specification security considerations inspected; no independent audit or deployed-bytecode correspondence established.""}",high,source_fact,[],"[{""date"": ""2025-11-21"", ""summary"": ""Spelling corrections only; no normative interface change in this commit."", ""evidence_file"": ""deliverables/modern-defi-taxonomy-2026-09-08/sources/assets/revision-7092.json"", ""material"": false}]",,,,,,,
ERC-3643,3643,T-REX - Token for Regulated EXchanges,ERC,Standards Track,Final,2021-07-09,2026-09-09,2026-09-08T23:59:59Z,https://github.com/ethereum/ERCs/blob/f4c23717b6a6fc48436bb6778dcecce29cc5345c/ERCS/erc-3643.md,f4c23717b6a6fc48436bb6778dcecce29cc5345c,f1b564f7fa0ab763bf0e386eeba2e44c31f84f51b5a9a87aaa7abfba91ddd999,deliverables/modern-defi-taxonomy-2026-09-08/sources/assets/raw/erc-3643.md,"[20, 173]",permissioned_asset,True,"Permissioned ERC-20 token suite with on-chain identities, eligibility, compliance and issuer/agent controls.","[""transfer transferFrom isVerified canTransfer forcedTransfer recoveryAddress pause unpause freezePartialTokens unfreezePartialTokens mint burn; registry/agent/control events""]","ERC-20 plus owner/agent roles and on-chain identity required. Ordinary transfer checks free balance, frozen/paused state, receiver identity and global compliance. Mint/forcedTransfer bypass global compliance but check receiver; burn bypasses eligibility.","Actual compliance with law, issuer solvency, custody, enforceable ownership/redemption and correctness of identity attestations.",Ordinary permission checks differ from privileged powers. A pool can hold compatible tokens yet be unable to exit after eligibility/control changes.,Tokeny T-REX suite and registry-linked interfaces; documentary implementation evidence only.,Reference/interface availability only; no build or conformance test performed in this normative profile.,No current deployment or economic-adoption measurement established by this specification-only profile; join separately scoped validation cases.,Specification security considerations inspected; no independent audit or deployed-bytecode correspondence established.,"{""latest_file_commit"": {""sha"": ""4b8674884dfc8ba8ede9c5e7e39ef9ab7e766c1a"", ""date"": ""2023-12-12T15:13:44Z"", ""message"": ""Update ERC-3643: Move to Final\n\nMerged by EIP-Bot.""}, ""status_events_found"": [{""sha"": ""4b8674884dfc8ba8ede9c5e7e39ef9ab7e766c1a"", ""date"": ""2023-12-12T15:13:44Z"", ""message"": ""Update ERC-3643: Move to Final\n\nMerged by EIP-Bot.""}, {""sha"": ""f74ee6817c64c35f31f6a459ecd0bf48d245d198"", ""date"": ""2023-11-14T15:52:39Z"", ""message"": ""Update ERC-3643: Move to Last Call\n\nMerged by EIP-Bot.""}], ""coverage"": ""ERCs repository file history from 2023 migration through cutoff; earlier EIPs history not exhaustively reconstructed. Latest file change is not necessarily a material revision or status change."", ""material_revision_date"": null}","No deployed address, block or bytecode-conformance result established by this normative-source profile.",Not measured in this profile; do not infer adoption from Final status or a reference implementation.,"{""formal_specification_status"": ""Final"", ""implementation_maturity"": ""Reference/interface availability only; no build or conformance test performed in this normative profile."", ""deployment_evidence"": ""No deployed address, block or bytecode-conformance result established by this normative-source profile."", ""economic_adoption"": ""Not measured in this profile; do not infer adoption from Final status or a reference implementation."", ""security_evidence"": ""Specification security considerations inspected; no independent audit or deployed-bytecode correspondence established.""}",high,source_fact,[],,,,,,,,
ERC-7943,7943,uRWA - Universal Real World Asset Interface,ERC,Standards Track,Final,2025-06-10,2026-09-09,2026-09-08T23:59:59Z,https://github.com/ethereum/ERCs/blob/f4c23717b6a6fc48436bb6778dcecce29cc5345c/ERCS/erc-7943.md,f4c23717b6a6fc48436bb6778dcecce29cc5345c,36ed5d2db5f9675a5d6efaf56b168d7ba6d561baea98a762e73bd82272a14642,deliverables/modern-defi-taxonomy-2026-09-08/sources/assets/raw/erc-7943.md,[165],permissioned_asset,True,"Minimal permissioned-token interface separating send/receive eligibility, transfer checks, freezing and forced transfers.","[""canSend canReceive canTransfer getFrozenTokens setFrozenTokens forcedTransfer; Frozen ForcedTransfer""]",ERC-165 and chosen base token required; eligibility/check views must not revert; public transfer enforces restrictions. Privileged functions require access control; freeze may exceed current balance; forced transfer may bypass specified checks with correct unfreeze/event order.,"Identity system, legal compliance, legal title, custody or mandated access-control scheme.","canTransfer concerns permission rules and unfrozen balance, not a universal allowance/balance guarantee. Registry reference examples explicitly educational and unaudited.","uRWA20.sol/uRWA721.sol/uRWA1155.sol in pinned assets, educational/unaudited.",Reference/interface availability only; no build or conformance test performed in this normative profile.,No current deployment or economic-adoption measurement established by this specification-only profile; join separately scoped validation cases.,Specification security considerations inspected; no independent audit or deployed-bytecode correspondence established.,"{""latest_file_commit"": {""sha"": ""46745bdc97a8bb246f03d3f4b7c5c4963c7573ff"", ""date"": ""2026-05-05T16:30:47Z"", ""message"": ""Update ERC-7943: Move to Final\n\nMerged by EIP-Bot.""}, ""status_events_found"": [{""sha"": ""46745bdc97a8bb246f03d3f4b7c5c4963c7573ff"", ""date"": ""2026-05-05T16:30:47Z"", ""message"": ""Update ERC-7943: Move to Final\n\nMerged by EIP-Bot.""}, {""sha"": ""88aaafb5392a20732b26ffa60d5a8c128a4c59f3"", ""date"": ""2026-01-13T17:00:17Z"", ""message"": ""Update ERC-7943: Move to Last Call\n\nMerged by EIP-Bot.""}, {""sha"": ""1ff395a038815ec1d8fe8405df49bd788f2f4757"", ""date"": ""2025-07-29T16:40:19Z"", ""message"": ""Update ERC-7943: Move to Review\n\nMerged by EIP-Bot.""}], ""coverage"": ""ERCs repository file history from 2023 migration through cutoff; earlier EIPs history not exhaustively reconstructed. Latest file change is not necessarily a material revision or status change."", ""material_revision_date"": ""2026-03-20"", ""observed_change_titles"": [{""sha"": ""46745bdc97a8bb246f03d3f4b7c5c4963c7573ff"", ""date"": ""2026-05-05T16:30:47Z"", ""message"": ""Update ERC-7943: Move to Final\n\nMerged by EIP-Bot.""}, {""sha"": ""461afa02410375d9e4c354b18005e0f9c9ab97e3"", ""date"": ""2026-03-20T14:45:09Z"", ""message"": ""Update ERC-7943: Update 7943\n\nMerged by EIP-Bot.""}, {""sha"": ""88aaafb5392a20732b26ffa60d5a8c128a4c59f3"", ""date"": ""2026-01-13T17:00:17Z"", ""message"": ""Update ERC-7943: Move to Last Call\n\nMerged by EIP-Bot.""}, {""sha"": ""057035f84a738a20ce406bfa942f82ae6619423a"", ""date"": ""2025-12-15T13:48:30Z"", ""message"": ""Update ERC-7943: erc-7943.md - nitpicking edit of RFC2119 terms\n\nMerged by EIP-Bot.""}, {""sha"": ""6b37920ff85403e307f28409b34305da747ddb29"", ""date"": ""2025-11-10T09:28:24Z"", ""message"": ""Update ERC-7943: Round of feedback uRWA\n\nMerged by EIP-Bot.""}, {""sha"": ""3469c1b016f757451ee61401ff82cc85db045d90"", ""date"": ""2025-10-29T14:18:05Z"", ""message"": ""Update ERC-7943: [WIP] Add delta freezes,  fix backward compatibility\n\nMerged by EIP-Bot.""}, {""sha"": ""a666862cc7527b4351364c77ccf01b529b6af836"", ""date"": ""2025-09-22T11:58:12Z"", ""message"": ""Update ERC-7943: small formatting\n\nMerged by EIP-Bot.""}, {""sha"": ""0ad86e63c97d05707149e763eb74e6541e99e602"", ""date"": ""2025-09-22T11:33:00Z"", ""message"": ""Update ERC-7943: Split into separate interfaces\n\nMerged by EIP-Bot.""}, {""sha"": ""61a5a097663afc2158c2a6a26dfba29c198bbfd9"", ""date"": ""2025-09-11T12:38:56Z"", ""message"": ""Update ERC-7943: Align with ERC-3643 naming conventions and remove ERC7943NotAllowedTransfer\n\nMerged by EIP-Bot.""}, {""sha"": ""f2996c82da2a563f9a478b63970c912989147dc8"", ""date"": ""2025-08-13T15:25:25Z"", ""message"": ""Update ERC-7943: Make tokenId indexed for ForcedTransfer event\n\nMerged by EIP-Bot.""}], ""inspected_patch"": {""date"": ""2026-03-20"", ""summary"": ""Normative directional send/receive eligibility and transfer enforcement revisions; reference examples split whitelists; compare old canTransact-based integrations."", ""evidence_file"": ""deliverables/modern-defi-taxonomy-2026-09-08/sources/assets/revision-7943.json"", ""material"": true}}","No deployed address, block or bytecode-conformance result established by this normative-source profile.",Not measured in this profile; do not infer adoption from Final status or a reference implementation.,"{""formal_specification_status"": ""Final"", ""implementation_maturity"": ""Reference/interface availability only; no build or conformance test performed in this normative profile."", ""deployment_evidence"": ""No deployed address, block or bytecode-conformance result established by this normative-source profile."", ""economic_adoption"": ""Not measured in this profile; do not infer adoption from Final status or a reference implementation."", ""security_evidence"": ""Specification security considerations inspected; no independent audit or deployed-bytecode correspondence established.""}",high,source_fact,"[{""date"": ""2026-03-20"", ""summary"": ""Normative directional send/receive eligibility and transfer enforcement revisions; reference examples split whitelists; compare old canTransact-based integrations."", ""evidence_file"": ""deliverables/modern-defi-taxonomy-2026-09-08/sources/assets/revision-7943.json"", ""material"": true}]","[{""date"": ""2026-03-20"", ""summary"": ""Normative directional send/receive eligibility and transfer enforcement revisions; reference examples split whitelists; compare old canTransact-based integrations."", ""evidence_file"": ""deliverables/modern-defi-taxonomy-2026-09-08/sources/assets/revision-7943.json"", ""material"": true}]",,,,,,,
ERC-5143,5143,Slippage Protection for Tokenized Vault,ERC,Standards Track,Stagnant,2022-06-09,2026-09-09,2026-09-08T23:59:59Z,https://github.com/ethereum/ERCs/blob/f4c23717b6a6fc48436bb6778dcecce29cc5345c/ERCS/erc-5143.md,f4c23717b6a6fc48436bb6778dcecce29cc5345c,16464591a0fc0ea99070cad8322bceed1f7c4dfa94ae476ab126c29161a4776a,deliverables/modern-defi-taxonomy-2026-09-08/sources/assets/raw/erc-5143.md,"[20, 4626]",vault_slippage,False,Slippage-bounded overloaded ERC-4626 methods for direct user interactions.,"[""deposit(assets,receiver,minShares) mint(shares,receiver,maxAssets) withdraw(assets,receiver,owner,maxShares) redeem(shares,receiver,owner,minAssets); inherited Deposit Withdraw""]",Implement ERC-4626; corresponding operations revert unless min-output/max-input bounds met. Additional overloads retain ordinary methods.,"Limit availability, investment risk, queue handling and complete price-oracle safety.","Stagnant proposal, not assumed deployed; router output checks are an alternative implementation pattern.",Small Solidity wrapper implementation embedded.,Reference/interface availability only; no build or conformance test performed in this normative profile.,No current deployment or economic-adoption measurement established by this specification-only profile; join separately scoped validation cases.,Specification security considerations inspected; no independent audit or deployed-bytecode correspondence established.,"{""latest_file_commit"": {""sha"": ""8dd085d159cb123f545c272c0d871a5339550e79"", ""date"": ""2023-10-25T15:11:14Z"", ""message"": ""complete erc move""}, ""status_events_found"": [], ""coverage"": ""ERCs repository file history from 2023 migration through cutoff; earlier EIPs history not exhaustively reconstructed. Latest file change is not necessarily a material revision or status change."", ""material_revision_date"": null}","No deployed address, block or bytecode-conformance result established by this normative-source profile.",Not measured in this profile; do not infer adoption from Final status or a reference implementation.,"{""formal_specification_status"": ""Stagnant"", ""implementation_maturity"": ""Reference/interface availability only; no build or conformance test performed in this normative profile."", ""deployment_evidence"": ""No deployed address, block or bytecode-conformance result established by this normative-source profile."", ""economic_adoption"": ""Not measured in this profile; do not infer adoption from Final status or a reference implementation."", ""security_evidence"": ""Specification security considerations inspected; no independent audit or deployed-bytecode correspondence established.""}",high,source_fact,[],,,,,,,,
ERC-7887,7887,Cancelation for ERC-7540 Tokenized Vaults,ERC,Standards Track,Draft,2025-02-18,2026-09-09,2026-09-08T23:59:59Z,https://github.com/ethereum/ERCs/blob/f4c23717b6a6fc48436bb6778dcecce29cc5345c/ERCS/erc-7887.md,f4c23717b6a6fc48436bb6778dcecce29cc5345c,a4011f8a54d5f2b095bd3db33dd7770b957ac58841967ccab833067f01bea9c3,deliverables/modern-defi-taxonomy-2026-09-08/sources/assets/raw/erc-7887.md,"[165, 7540]",request_cancellation,False,Cancellation request and later claim for pending ERC-7540 deposits/redemptions.,"[""cancelDepositRequest pendingCancelDepositRequest claimableCancelDepositRequest claimCancelDepositRequest cancelRedeemRequest pendingCancelRedeemRequest claimableCancelRedeemRequest claimCancelRedeemRequest; CancelDepositRequest CancelDepositClaim CancelRedeemRequest CancelRedeemClaim""]",ERC-7540 and ERC-165 required; controller/operator authorization; cancellation must be claimed separately; corresponding new requests blocked while cancellation pending.,"Guaranteed completion deadline, liquidity, economic loss policy and conflict resolution beyond specified request state.",Pinned Draft inconsistent: claimCancelRedeemRequest prose says assets while outputs/events indicate shares; prose names ClaimCancelDepositRequest/ClaimCancelRedeemRequest events whereas declared events are CancelDepositClaim/CancelRedeemClaim. Lifecycle table decrement also differs. Preserve discrepancy rather than invent normative resolution.,No reference implementation in pinned proposal.,Reference/interface availability only; no build or conformance test performed in this normative profile.,No current deployment or economic-adoption measurement established by this specification-only profile; join separately scoped validation cases.,Specification security considerations inspected; no independent audit or deployed-bytecode correspondence established.,"{""latest_file_commit"": {""sha"": ""aaf6c12c34e1c832320614835d33ca14b74184fd"", ""date"": ""2025-03-18T16:08:00Z"", ""message"": ""Add ERC: Cancelation for ERC-7540 Tokenized Vaults\n\nMerged by EIP-Bot.""}, ""status_events_found"": [], ""coverage"": ""ERCs repository file history from 2023 migration through cutoff; earlier EIPs history not exhaustively reconstructed. Latest file change is not necessarily a material revision or status change."", ""material_revision_date"": null, ""observed_change_titles"": [{""sha"": ""aaf6c12c34e1c832320614835d33ca14b74184fd"", ""date"": ""2025-03-18T16:08:00Z"", ""message"": ""Add ERC: Cancelation for ERC-7540 Tokenized Vaults\n\nMerged by EIP-Bot.""}]}","No deployed address, block or bytecode-conformance result established by this normative-source profile.",Not measured in this profile; do not infer adoption from Final status or a reference implementation.,"{""formal_specification_status"": ""Draft"", ""implementation_maturity"": ""Reference/interface availability only; no build or conformance test performed in this normative profile."", ""deployment_evidence"": ""No deployed address, block or bytecode-conformance result established by this normative-source profile."", ""economic_adoption"": ""Not measured in this profile; do not infer adoption from Final status or a reference implementation."", ""security_evidence"": ""Specification security considerations inspected; no independent audit or deployed-bytecode correspondence established.""}",high,source_fact,[],,,,,,,,
ERC-8330,8330,Subject-Linked NAV Snapshot Oracle,ERC,Standards Track,Review,2026-07-05,2026-09-09,2026-09-08T23:59:59Z,https://github.com/ethereum/ERCs/blob/f4c23717b6a6fc48436bb6778dcecce29cc5345c/ERCS/erc-8330.md,f4c23717b6a6fc48436bb6778dcecce29cc5345c,217f465801898e30be819dd1a687ea9612c17238a609df8c613ee208292a336d,deliverables/modern-defi-taxonomy-2026-09-08/sources/assets/raw/erc-8330.md,[165],valuation_oracle,False,"Provider-attributed NAV snapshots per subject/currency, with corrections, administrative invalidation and two staleness clocks.","[""publishNAV setNAVBasis invalidateSnapshot latestNAV latestNAVStatus getSnapshot currentSnapshotIndex isSnapshotCurrent setStalenessConfig; NAVPublished NAVBasisConfigured NAVSnapshotInvalidated StalenessConfigUpdated; optional aggregatedNAV""]",ERC-165 required; immutable PER_UNIT/PER_SHARE/TOTAL stream basis; signed bounded NAV; provider/time uniqueness; corrections preserve lineage. Publication and valuation ages checked independently; latestNAV returns latest valuation despite staleness. Optional quorum lower-median aggregation.,"Truth/independence of providers, valid methodology, legal claim, executable price, liquidity and redemption.","Recent publication can carry stale valuation. Revoking provider does not invalidate its prior data. Unconfigured staleness-aware query reverts, so direct use can break non-reverting conversion surfaces.","Spec points to discussion-thread implementation/tests/audit; these links not independently inspected, so maturity/security remain unverified.",Reference/interface availability only; no build or conformance test performed in this normative profile.,No current deployment or economic-adoption measurement established by this specification-only profile; join separately scoped validation cases.,Specification security considerations inspected; no independent audit or deployed-bytecode correspondence established.,"{""latest_file_commit"": {""sha"": ""82e24eaa89f0acb3598ef4ee2445c56c8f036cda"", ""date"": ""2026-07-21T16:47:23Z"", ""message"": ""Update ERC-8330: Move to Review\n\nMerged by EIP-Bot.""}, ""status_events_found"": [{""sha"": ""82e24eaa89f0acb3598ef4ee2445c56c8f036cda"", ""date"": ""2026-07-21T16:47:23Z"", ""message"": ""Update ERC-8330: Move to Review\n\nMerged by EIP-Bot.""}], ""coverage"": ""ERCs repository file history from 2023 migration through cutoff; earlier EIPs history not exhaustively reconstructed. Latest file change is not necessarily a material revision or status change."", ""material_revision_date"": null, ""observed_change_titles"": [{""sha"": ""82e24eaa89f0acb3598ef4ee2445c56c8f036cda"", ""date"": ""2026-07-21T16:47:23Z"", ""message"": ""Update ERC-8330: Move to Review\n\nMerged by EIP-Bot.""}, {""sha"": ""d291750123c56f1e33f98b4504cc976d48306df7"", ""date"": ""2026-07-15T02:49:46Z"", ""message"": ""Add ERC: Subject-Linked NAV Snapshot Oracle\n\nMerged by EIP-Bot.""}], ""inspected_patch"": {""date"": ""2026-07-21"", ""summary"": ""Moved Draft to Review; removed specific prior-art ERC7726 link; no core interface change in this commit."", ""evidence_file"": ""deliverables/modern-defi-taxonomy-2026-09-08/sources/assets/revision-8330.json"", ""material"": false}}","No deployed address, block or bytecode-conformance result established by this normative-source profile.",Not measured in this profile; do not infer adoption from Final status or a reference implementation.,"{""formal_specification_status"": ""Review"", ""implementation_maturity"": ""Reference/interface availability only; no build or conformance test performed in this normative profile."", ""deployment_evidence"": ""No deployed address, block or bytecode-conformance result established by this normative-source profile."", ""economic_adoption"": ""Not measured in this profile; do not infer adoption from Final status or a reference implementation."", ""security_evidence"": ""Specification security considerations inspected; no independent audit or deployed-bytecode correspondence established.""}",high,source_fact,[],"[{""date"": ""2026-07-21"", ""summary"": ""Moved Draft to Review; removed specific prior-art ERC7726 link; no core interface change in this commit."", ""evidence_file"": ""deliverables/modern-defi-taxonomy-2026-09-08/sources/assets/revision-8330.json"", ""material"": false}]",,,,,,,
ERC-1400,1400,Security Token Standards,ERC (historical issue-body metadata),Standards Track (historical issue-body metadata),,2018-09-09,2026-09-09,2026-09-08T23:59:59Z,https://github.com/ethereum/EIPs/issues/1411,,91a2d8ddb02b916b159c437429c07b0bc6128b1175ab922d6a94a85f083227e6,deliverables/modern-defi-taxonomy-2026-09-08/sources/assets/raw/erc-1400-family-issue-1411.json,"[1410, 1594, 1644, 1643, 20, 1066]",permissioned_asset_historical,False,"Historical security-token family combining partitions, transfer restrictions, documents and controller operations.","[""balanceOfByPartition transferByPartition canTransfer canTransferByPartition getDocument setDocument controllerTransfer controllerRedeem; ControllerTransfer ControllerRedemption""]","Historical proposal requires ERC-20 compatibility, transfer prechecks, forced transfer and lifecycle/document events; ERC-777 compatibility optional.",Legal compliance/rights and jurisdictional validity; default partition selection is implementation detail.,No ERC-1400 file found at either pinned ERCs/ERCS or EIPs/EIPS path. Issue-body Draft is not asserted as current formal registry status. Family points to 1410/1594/1643/1644; one prose reference incorrectly says ERC-1655 (#1644).,Historical issue links SecurityTokenStandard/EIP-Spec and combined interface; no deployed conformance test.,Historical proposal only in this scope.,No current deployment or economic adoption established.,No independent implementation audit established.,"{""issue_created_at"": ""2018-09-13T21:22:51Z"", ""issue_updated_at"": ""2025-07-06T16:22:57Z"", ""material_revision_date"": null, ""coverage"": ""Current issue body captured; issue updated timestamp is not necessarily body revision date. Canonical registry absence limited to two exact pinned paths.""}","No deployed address, block or bytecode-conformance result established by this normative-source profile.",Not measured in this profile; do not infer adoption from Final status or a reference implementation.,"{""formal_specification_status"": null, ""implementation_maturity"": ""Historical proposal only in this scope."", ""deployment_evidence"": ""No deployed address, block or bytecode-conformance result established by this normative-source profile."", ""economic_adoption"": ""Not measured in this profile; do not infer adoption from Final status or a reference implementation."", ""security_evidence"": ""No independent implementation audit established.""}",medium,source_fact,[],,Draft,,,,,,
ERC-191,191,Signed Data Standard,ERC,Standards Track,Final,2016-01-20,2026-09-09T05:16:05Z,2026-09-08T23:59:59Z,https://github.com/ethereum/ERCs/blob/f4c23717b6a6fc48436bb6778dcecce29cc5345c/ERCS/erc-191.md,f4c23717b6a6fc48436bb6778dcecce29cc5345c,245855b782987babb3dc9daaf17d5fed68eae50cef56a27c30c0a4d9c2ed19df,deliverables/modern-defi-taxonomy-2026-09-08/sources/execution/raw/erc-191.md,[],authorization,True,Versioned signed-data envelope distinguishes contract messages from RLP transactions and permits validator binding.,"[""0x19 || version || versionData || message"", ""versions 0x00 (intended validator), 0x01 (EIP-712), 0x45 (personal_sign)""]",Version-specific encoding determines the signed digest; 0x00 includes intended-validator address. No new mandatory token methods or events.,"Application nonce, expiry, spending rights and signature acceptance policy.",An envelope alone supplies no application replay protection or meaningful user consent.,"In-spec Solidity signatureBasedExecution example; illustrative, not audited code.",Specification/reference-source reviewed; no compilation or runtime conformance tests performed in this atlas.,"Spec explicitly describes personal_sign framing; this is interface convention evidence, not a measured market share.",Motivation explains transaction/message confusion and cross-wallet replay; no audit or conformance run performed.,"Post-move ERC repository or current EIP file history inspected. Pre-2023 ERC histories were not reconstructed; absent material dates are unknown, not evidence of no change.",See adoption_evidence; no bytecode identity verification performed.,"Not measured; do not infer from formal status, source availability or cited use.",,high,source_fact,[],,,2026-09-08,Frontmatter exactly; references/optional runtime behavior recorded separately.,"Martin Holst Swende (@holiman), Nick Johnson <arachnid@notdot.net>","Not measured; do not infer from formal status, source availability or cited use.",[],"{""sha"": ""8dd085d159cb123f545c272c0d871a5339550e79"", ""date"": ""2023-10-25T15:11:14Z"", ""message"": ""complete erc move""}"
ERC-2612,2612,Permit Extension for EIP-20 Signed Approvals,ERC,Standards Track,Final,2020-04-13,2026-09-09T05:16:05Z,2026-09-08T23:59:59Z,https://github.com/ethereum/ERCs/blob/f4c23717b6a6fc48436bb6778dcecce29cc5345c/ERCS/erc-2612.md,f4c23717b6a6fc48436bb6778dcecce29cc5345c,7e84b4834dc4b55362c79fac29aa55e0372deea2a129a024bd147cc662bd8683,deliverables/modern-defi-taxonomy-2026-09-08/sources/execution/raw/erc-2612.md,"[20, 712]",authorization,True,Change ERC-20 allowance using an EIP-712 signature.,"[""permit(owner,spender,value,deadline,v,r,s)"", ""nonces(owner)"", ""DOMAIN_SEPARATOR()"", ""Approval""]","All three added functions required; valid permit sets allowance, increments owner nonce and emits Approval; invalid signature, zero owner or expired deadline must revert. Anyone may relay.","Transfer execution, relayer fee, whether a relayer submits, contract-wallet signature support.","Permit is approval, not payment. DAI allowed/expiry ABI and Stake expiring-allowance semantics differ. Domain/replay and approve-race risks remain.",Specification identifies Uniswap V2 as matching this presentation.,Specification/reference-source reviewed; no compilation or runtime conformance tests performed in this atlas.,Historical implementation evidence stated in specification: Uniswap V2; DAI and Stake explicitly deviations. No fresh deployed-bytecode conformance test.,"Spec analyzes front-running, zero-owner recovery, withholding, approval races and fork-domain replay.","Post-move ERC repository or current EIP file history inspected. Pre-2023 ERC histories were not reconstructed; absent material dates are unknown, not evidence of no change.",See adoption_evidence; no bytecode identity verification performed.,"Not measured; do not infer from formal status, source availability or cited use.",,high,source_fact,[],,,2026-09-08,Frontmatter exactly; references/optional runtime behavior recorded separately.,Martin Lundfall (@Mrchico),"Not measured; do not infer from formal status, source availability or cited use.",[],"{""sha"": ""f09e02501ba3a7a5ce4c3c12b225c14fa74cfa29"", ""date"": ""2023-11-15T16:20:50Z"", ""message"": ""ERC-2612 fix typo (#57)""}"
ERC-3009,3009,Transfer With Authorization,ERC,Standards Track,Draft,2020-09-28,2026-09-09T05:16:05Z,2026-09-08T23:59:59Z,https://github.com/ethereum/ERCs/blob/f4c23717b6a6fc48436bb6778dcecce29cc5345c/ERCS/erc-3009.md,f4c23717b6a6fc48436bb6778dcecce29cc5345c,a5b14cf2cda2ca3f3a79511ed67f74124cd662dea29634e6dcfb1d345964dbb5,deliverables/modern-defi-taxonomy-2026-09-08/sources/execution/raw/erc-3009.md,"[20, 712]",authorization,True,Transfer ERC-20 inventory with an independently nonce-scoped signed authorization instead of a persistent spender allowance.,"[""transferWithAuthorization"", ""receiveWithAuthorization"", ""authorizationState"", ""AuthorizationUsed"", ""cancelAuthorization (optional)"", ""AuthorizationCanceled (optional)""]",Core transfer/receive/state interface; receiveWithAuthorization checks caller equals payee. Unique bytes32 nonce and validAfter/validBefore bound authorization. Signed cancellation is explicitly optional.,"Application sequencing, business purpose and wrapper deposit accounting; contract-account signing is outside stated scope.",Transfer authorization does not ensure a wrapper processes the deposit. Use recipient-bound receive flow for contract integrations.,"In-spec EIP3009.sol plus assets/eip-3009/ERC3009.sol; specimen code, not newly tested.",Specification/reference-source reviewed; no compilation or runtime conformance tests performed in this atlas.,"Current source comments claim USDC production since2020 and x402 use, but comments are unverified author claims; no fresh deployment identity established here.",Security section explains extracted-authorization front-running causing unprocessed deposits and cross-function nonce reuse.,"Post-move ERC repository or current EIP file history inspected. Pre-2023 ERC histories were not reconstructed; absent material dates are unknown, not evidence of no change.",See adoption_evidence; no bytecode identity verification performed.,"Not measured; do not infer from formal status, source availability or cited use.",,high,source_fact,[],,,2026-09-08,Frontmatter exactly; references/optional runtime behavior recorded separately.,"Peter Jihoon Kim (@petejkim), Kevin Britz (@kbrizzle), David Knott (@DavidLKnott)","Not measured; do not infer from formal status, source availability or cited use.","[{""sha"": ""7c9338feb41279b037700259c631ff6f51b0df3d"", ""date"": ""2025-10-09T16:54:53Z"", ""message"": ""Update ERC-3009: Move to Draft\n\nMerged by EIP-Bot.""}]","{""sha"": ""7c9338feb41279b037700259c631ff6f51b0df3d"", ""date"": ""2025-10-09T16:54:53Z"", ""message"": ""Update ERC-3009: Move to Draft\n\nMerged by EIP-Bot.""}"
ERC-4494,4494,Permit for ERC-721 NFTs,ERC,Standards Track,Stagnant,2021-11-25,2026-09-09T05:16:05Z,2026-09-08T23:59:59Z,https://github.com/ethereum/ERCs/blob/f4c23717b6a6fc48436bb6778dcecce29cc5345c/ERCS/erc-4494.md,f4c23717b6a6fc48436bb6778dcecce29cc5345c,45f91fc50b1ff3b9bfd8d846fe587697721e68bad373d1a35ed89f803250f63b,deliverables/modern-defi-taxonomy-2026-09-08/sources/execution/raw/erc-4494.md,"[165, 712, 721]",authorization,False,Signature approval for a particular ERC-721 token ID.,"[""permit(spender,tokenId,deadline,signature)"", ""nonces(tokenId)"", ""DOMAIN_SEPARATOR()"", ""supportsInterface(0x5604e225)"", ""Approval""]",Added permit/nonce/domain functions and ERC-165 identifier required. Token nonce must increment on every transfer; signer must not be zero. Permit authorizes spender while owner retains possession.,"NFT valuation, collateral terms, transfer settlement and relayer economics.",Nonce is per token and transfer-sensitive; not interchangeable with ERC-2612. Uniswap V3 NonfungiblePositionManager permit is listed as a differing historical implementation.,Spec links https://github.com/dievardump/erc721-with-permits and tests.,Specification/reference-source reviewed; no compilation or runtime conformance tests performed in this atlas.,Reference implementation only; named historical NFT-permit variant is not proof of exact4494 conformance.,Spec cautions about invalid permit/transfer combinations and chain-fork domain replay.,"Post-move ERC repository or current EIP file history inspected. Pre-2023 ERC histories were not reconstructed; absent material dates are unknown, not evidence of no change.",See adoption_evidence; no bytecode identity verification performed.,"Not measured; do not infer from formal status, source availability or cited use.",,high,source_fact,[],,,2026-09-08,Frontmatter exactly; references/optional runtime behavior recorded separately.,"Simon Fremaux (@dievardump), William Schwab (@wschwab)","Not measured; do not infer from formal status, source availability or cited use.",[],"{""sha"": ""8dd085d159cb123f545c272c0d871a5339550e79"", ""date"": ""2023-10-25T15:11:14Z"", ""message"": ""complete erc move""}"
ERC-1271,1271,Standard Signature Validation Method for Contracts,ERC,Standards Track,Final,2018-07-25,2026-09-09T05:16:05Z,2026-09-08T23:59:59Z,https://github.com/ethereum/ERCs/blob/f4c23717b6a6fc48436bb6778dcecce29cc5345c/ERCS/erc-1271.md,f4c23717b6a6fc48436bb6778dcecce29cc5345c,99641cf0c535eed30843e61e3202bd8824b9d50004abe147532400b3f4f632ea,deliverables/modern-defi-taxonomy-2026-09-08/sources/execution/raw/erc-1271.md,[],authorization,True,Ask a contract account whether it accepts a signature over a digest.,"[""isValidSignature(bytes32,bytes) -> bytes4 0x1626ba7e""]","Must return magic value on success, must not mutate state, must allow external calls. Validation may depend on current state, time, signers or signature scheme.","How signatures are formed, authorization policy, permanence of validity and digest domain/replay protections.",Accepted now is not accepted forever. ecrecover-only integration excludes contract policies; boolean success or nonrevert is insufficient.,Inline validation and caller examples.,Specification/reference-source reviewed; no compilation or runtime conformance tests performed in this atlas.,"Permit2 pinned README explicitly supports ERC-1271; evidence is code/documentation integration, not deployment identity.",Spec warns against hardcoded gas caps and delegates correctness to the signing contract.,"Post-move ERC repository or current EIP file history inspected. Pre-2023 ERC histories were not reconstructed; absent material dates are unknown, not evidence of no change.",See adoption_evidence; no bytecode identity verification performed.,"Not measured; do not infer from formal status, source availability or cited use.",,high,source_fact,[],,,2026-09-08,Frontmatter exactly; references/optional runtime behavior recorded separately.,"Francisco Giordano (@frangio), Matt Condon (@shrugs), Philippe Castonguay (@PhABC), Amir Bandeali (@abandeali1), Jorge Izquierdo (@izqui), Bertrand Masius (@catageek)","Not measured; do not infer from formal status, source availability or cited use.",[],"{""sha"": ""8dd085d159cb123f545c272c0d871a5339550e79"", ""date"": ""2023-10-25T15:11:14Z"", ""message"": ""complete erc move""}"
ERC-6492,6492,Signature Validation for Predeploy Contracts,ERC,Standards Track,Final,2023-02-10,2026-09-09T05:16:05Z,2026-09-08T23:59:59Z,https://github.com/ethereum/ERCs/blob/f4c23717b6a6fc48436bb6778dcecce29cc5345c/ERCS/erc-6492.md,f4c23717b6a6fc48436bb6778dcecce29cc5345c,6a2a6b5f3c6b10c184b2a99dfe78c399212dbddc1d3d1ec36a85af9100de6fbc,deliverables/modern-defi-taxonomy-2026-09-08/sources/execution/raw/erc-6492.md,[1271],authorization,True,Verify signatures for counterfactual or not-yet-ready ERC-1271 contract accounts.,"[""factory/prepare target + calldata + original signature + 32-byte 0x6492\u20266492 suffix"", ""universal verifier -> isValidSignature""]","Detect wrapper before ERC-1271 and before ecrecover; deploy/prepare when needed, then verify on current contract. Wrapper optional for signer; mandated order applies to supporting verifier.","Factory trust, secure wallet initialization, application nonce/domain and network-specific authorization.",Preparation uses CALL and may cause side effects/reentrancy; same wallet address on another network may have different valid keys.,Inline UniversalSigValidator and ValidateSigOffchain; Ambire signature-validator identified by specification.,Specification/reference-source reviewed; no compilation or runtime conformance tests performed in this atlas.,Reference implementation/library identified; broad adoption and bytecode equivalence not established.,"Spec provides side-effect rollback pattern and discusses reentrancy, current-state verification and cross-network replay.","Post-move ERC repository or current EIP file history inspected. Pre-2023 ERC histories were not reconstructed; absent material dates are unknown, not evidence of no change.",See adoption_evidence; no bytecode identity verification performed.,"Not measured; do not infer from formal status, source availability or cited use.",,high,source_fact,[],,,2026-09-08,Frontmatter exactly; references/optional runtime behavior recorded separately.,"Ivo Georgiev (@Ivshti), Agustin Aguilar (@Agusx1211)","Not measured; do not infer from formal status, source availability or cited use.",[],"{""sha"": ""8dd085d159cb123f545c272c0d871a5339550e79"", ""date"": ""2023-10-25T15:11:14Z"", ""message"": ""complete erc move""}"
ERC-5164,5164,Cross-Chain Execution,ERC,Standards Track,Last Call,2022-06-14,2026-09-09T05:16:05Z,2026-09-08T23:59:59Z,https://github.com/ethereum/ERCs/blob/f4c23717b6a6fc48436bb6778dcecce29cc5345c/ERCS/erc-5164.md,f4c23717b6a6fc48436bb6778dcecce29cc5345c,61dd8a198c6ebf0796c174b3759ed5946cbc37ae61346a1906e2125ea5be9b68,deliverables/modern-defi-taxonomy-2026-09-08/sources/execution/raw/erc-5164.md,[],messaging,False,Dispatch and execute messages between EVM chains behind a common bridge interface.,"[""dispatchMessage(toChainId,to,data)"", ""MessageDispatched"", ""MessageIdExecuted"", ""MessageIdAlreadyExecuted"", ""MessageFailure""]","Unique cross-chain/dispatcher message ID, dispatch event and destination forwarding required. Executor must not successfully execute twice and must revert failed execution for retry; appended sender/chain/message metadata. Bridge data verification is SHOULD.","Bridge verification design, pricing, latency, finality policy and ordering.",No message-order guarantee; no global atomicity. Last Call deadline passing does not change formal status.,In-spec interfaces and ABI descriptors; no complete executable implementation verified.,Specification/reference-source reviewed; no compilation or runtime conformance tests performed in this atlas.,No deployment identity or economic adoption established in this bounded atlas.,Spec explicitly says bridge security depends on implementation.,"Post-move ERC repository or current EIP file history inspected. Pre-2023 ERC histories were not reconstructed; absent material dates are unknown, not evidence of no change.",See adoption_evidence; no bytecode identity verification performed.,"Not measured; do not infer from formal status, source availability or cited use.",,high,source_fact,[],,,2026-09-08,Frontmatter exactly; references/optional runtime behavior recorded separately.,"Brendan Asselstine (@asselstine), Pierrick Turelier (@PierrickGT), Chris Whinfrey (@cwhinfrey)","Not measured; do not infer from formal status, source availability or cited use.","[{""sha"": ""0e6ad5c280ebf42b247b323ae04c942e0b5e3431"", ""date"": ""2023-10-27T01:18:44Z"", ""message"": ""Updated 5164 to Last Call (#3)\n\n* Updated 5164 to Last Call\r\n\r\n* Bumped last call deadline by a few more days""}]","{""sha"": ""0e6ad5c280ebf42b247b323ae04c942e0b5e3431"", ""date"": ""2023-10-27T01:18:44Z"", ""message"": ""Updated 5164 to Last Call (#3)\n\n* Updated 5164 to Last Call\r\n\r\n* Bumped last call deadline by a few more days""}"
ERC-7683,7683,Cross Chain Intents,ERC,Standards Track,Draft,2024-04-11,2026-09-09T05:16:05Z,2026-09-08T23:59:59Z,https://github.com/ethereum/ERCs/blob/f4c23717b6a6fc48436bb6778dcecce29cc5345c/ERCS/erc-7683.md,f4c23717b6a6fc48436bb6778dcecce29cc5345c,3c074351d113e40984ec2ea29cdfa69c434eaab9ef8ff50c0662a892cece598d,deliverables/modern-defi-taxonomy-2026-09-08/sources/execution/raw/erc-7683.md,[7930],execution_interface,True,"Translate protocol-specific intent payloads into solver-facing steps, variables, payments and assumptions.","[""IResolver.resolve(bytes) -> ResolvedOrder"", ""Call"", ""NeedsStep"", ""NeedsVariable"", ""SpendsERC20"", ""SpendsGas"", ""RevertPolicy"", ""TimingBounds"", ""Query/QueryEvents/Witness"", ""ERC20 payment""]",Hard dependencies acyclic and fulfilled in order; variables consistent; solver validates named assumptions. Resolver must guarantee fulfillment and payment absent explicit abort policies under documented implicit assumptions. EVM compliant protocol publishes resolver and payload format; resolution via eth_call.,"Common escrow, authorization, onchain order feed, settlement contract, fill method, cross-chain consensus and settlement verification.",Resolver truth and settlement security are trusted/verified separately. SpendsERC20 amount upper bound may depend on timing without a hard dependency; no automatic atomicity or loss-free protocol guarantee.,"Current spec provides IResolver and instruction-encoding interfaces, not a fully verified production resolver.",Specification/reference-source reviewed; no compilation or runtime conformance tests performed in this atlas.,"Across pinned ERC7683.sol explicitly deprecates prior IDestinationSettler.fill version. That source is historical-interface evidence only, not implementation of the May2026 resolver revision. No live current-resolver conformance established.",Security section requires whole commitment-to-final-spendable-payment window analysis and disclosure of solver spending/permissions/obligations.,"Compared complete Jan8,2025 prior draft with May13,2026 resolver redesign; see7683-history.json.",See adoption_evidence; no bytecode identity verification performed.,"Not measured; do not infer from formal status, source availability or cited use.",,high,source_fact,"[{""sha"": ""96d110fbbe7042b061064833edaf8fa2cf5db195"", ""date"": ""2026-05-13T15:40:39Z"", ""message"": ""Update ERC-7683: Redesign around resolvers\n\nMerged by EIP-Bot."", ""evidence_scope"": ""Selected material revision identified by history and current specification; full before/after comparison performed for7683 only.""}]",,,2026-09-08,Frontmatter exactly; references/optional runtime behavior recorded separately.,"Francisco Giordano (@frangio), Mark Toda (@marktoda), Matt Rice (@mrice32), Nick Pai (@nicholaspai), Alexander Lindgren (@reednaa), Mark Gretzke (@mgretzke), Chris Cashwell (@ccashwell)","Not measured; do not infer from formal status, source availability or cited use.",[],"{""sha"": ""96d110fbbe7042b061064833edaf8fa2cf5db195"", ""date"": ""2026-05-13T15:40:39Z"", ""message"": ""Update ERC-7683: Redesign around resolvers\n\nMerged by EIP-Bot.""}"
ERC-7786,7786,Cross-Chain Messaging Gateway,ERC,Standards Track,Final,2024-10-14,2026-09-09T05:16:05Z,2026-09-08T23:59:59Z,https://github.com/ethereum/ERCs/blob/f4c23717b6a6fc48436bb6778dcecce29cc5345c/ERCS/erc-7786.md,f4c23717b6a6fc48436bb6778dcecce29cc5345c,5931a5e45bb62bc8bde8e2f678afcaf1728840ce5075ccd44d75a791384e9f5a,deliverables/modern-defi-taxonomy-2026-09-08/sources/execution/raw/erc-7786.md,[7930],messaging,True,"Extensible sending/receiving gateway interface for arbitrary cross-chain messages, including non-EVM address space.","[""supportsAttribute(bytes4)"", ""sendMessage(recipient,payload,attributes)"", ""MessageSent"", ""UnsupportedAttribute"", ""receiveMessage(receiveId,sender,payload) -> 0x2432ef26""]",Uses ERC-7930 binary addresses. Unsupported attributes must revert; no attributes is valid. Recipient authenticates known gateway; gateway checks callback magic value. Safety and conditional liveness required; timeliness and decentralized trust are SHOULD. Further post-processing/payment may be needed.,"Gateway validation implementation, post-processing API, fee policy, transport and destination representation of native value.",sendId may be zero and may differ from receiveId. MessageSent can be a request awaiting post-processing. Interface declaration does not establish underlying finality or liveness.,In-spec IERC7786GatewaySource/IERC7786Recipient; no complete implementation tested here.,Specification/reference-source reviewed; no compilation or runtime conformance tests performed in this atlas.,Spec permits native implementation and adapters; no measured adoption or deployed gateway conformance established here.,Normative safety requires finalized source and no duplicate delivery; recipient trusts a known gateway; noncanonical address encodings may fail delivery.,"Post-move ERC repository or current EIP file history inspected. Pre-2023 ERC histories were not reconstructed; absent material dates are unknown, not evidence of no change.",See adoption_evidence; no bytecode identity verification performed.,"Not measured; do not infer from formal status, source availability or cited use.",,high,source_fact,"[{""sha"": ""d0a7eafab647c52a66423b7ea46e1cf34d097e67"", ""date"": ""2025-07-09T14:39:49Z"", ""message"": ""Update ERC-7786: Use interoperable binary addresses, improve attributes\n\nMerged by EIP-Bot."", ""evidence_scope"": ""Selected material revision identified by history and current specification; full before/after comparison performed for7683 only.""}]",,,2026-09-08,Frontmatter exactly; references/optional runtime behavior recorded separately.,"Francisco Giordano (@frangio), Hadrien Croubois (@Amxx), Ernesto García (@ernestognw), CJ Cobb (@cjcobb23), Sergey Gorbunov (@sergeynog), joxes (@Joxess)","Not measured; do not infer from formal status, source availability or cited use.","[{""sha"": ""010e4159c93b073b49cdbe9c31f5cf1ff7987723"", ""date"": ""2026-03-06T19:23:39Z"", ""message"": ""Move ERC-7786 to Final (#1586)""}, {""sha"": ""d565ee1faf753abf416a746b15586161e78f2c95"", ""date"": ""2025-08-21T01:42:40Z"", ""message"": ""Update ERC-7786: Move to Last Call\n\nMerged by EIP-Bot.""}]","{""sha"": ""010e4159c93b073b49cdbe9c31f5cf1ff7987723"", ""date"": ""2026-03-06T19:23:39Z"", ""message"": ""Move ERC-7786 to Final (#1586)""}"
ERC-7802,7802,Token With Mint/Burn Access Across Chains,ERC,Standards Track,Draft,2024-10-30,2026-09-09T05:16:05Z,2026-09-08T23:59:59Z,https://github.com/ethereum/ERCs/blob/f4c23717b6a6fc48436bb6778dcecce29cc5345c/ERCS/erc-7802.md,f4c23717b6a6fc48436bb6778dcecce29cc5345c,afdc8a72e04660dc0554961607822b9ca22ac1af7ffa7092367f09c638deb49e,deliverables/modern-defi-taxonomy-2026-09-08/sources/execution/raw/erc-7802.md,"[165, 5679]",messaging,True,Common mint/burn entry points for authorized bridge contracts operating token representations.,"[""crosschainMint(account,amount)"", ""crosschainBurn(account,amount)"", ""CrosschainMint"", ""CrosschainBurn"", ""supportsInterface(0x33331994)""]","Both entry points and ERC-165 support required; emit cross-chain events with actual caller. ERC-20 Transfer on mint is SHOULD. Permission implementation, limits and fee extensions are customizable.","Bridge verification, total cross-chain supply invariant, rate limits, fees, escrow quality and economic equivalence of representations.",Local supportsInterface response does not prove remote support or behavior. Minting wrapped native tokens without actual native backing can make withdrawal insolvent.,Inline CrosschainERC20 implementation with a TOKEN_BRIDGE gate.,Specification/reference-source reviewed; no compilation or runtime conformance tests performed in this atlas.,No current deployed-bytecode conformance established in this bounded atlas.,Spec discusses privileged mint/burn and wrapped native token backing; interface support cannot be used as a proof of behavioral conformance.,"Post-move ERC repository or current EIP file history inspected. Pre-2023 ERC histories were not reconstructed; absent material dates are unknown, not evidence of no change.",See adoption_evidence; no bytecode identity verification performed.,"Not measured; do not infer from formal status, source availability or cited use.",,high,source_fact,"[{""sha"": ""f8500a5fc0fe8f59c5a5d70d0e9b470dae5763a2"", ""date"": ""2025-04-15T12:23:41Z"", ""message"": ""Update ERC-7802: Address feedback and include Native Token Security Considerations\n\nMerged by EIP-Bot."", ""evidence_scope"": ""Selected material revision identified by history and current specification; full before/after comparison performed for7683 only.""}]",,,2026-09-08,Frontmatter exactly; references/optional runtime behavior recorded separately.,"skeletor (@skeletor-spaceman), parti (@0xParticle), joxes (@Joxess), ng (@0xng), agus duha (@agusduha), disco (@0xDiscotech), gotzen <gotzen@defi.sucks>, 0age <0age@uniswap.org>, Mark Tyneway <mark@oplabs.co>, Zain Bacchus <zain@oplabs.co>, Matt Solomon <msolomon@oplabs.co>, Maurelian <maurelian@protonmail.ch>, Blaine Malone (@blmalone)","Not measured; do not infer from formal status, source availability or cited use.",[],"{""sha"": ""f8500a5fc0fe8f59c5a5d70d0e9b470dae5763a2"", ""date"": ""2025-04-15T12:23:41Z"", ""message"": ""Update ERC-7802: Address feedback and include Native Token Security Considerations\n\nMerged by EIP-Bot.""}"
ERC-7930,7930,Interoperable Addresses,ERC,Standards Track,Review,2025-02-02,2026-09-09T05:16:05Z,2026-09-08T23:59:59Z,https://github.com/ethereum/ERCs/blob/f4c23717b6a6fc48436bb6778dcecce29cc5345c/ERCS/erc-7930.md,f4c23717b6a6fc48436bb6778dcecce29cc5345c,7daa0a48c96b09dffef62185730e5c0ffada609b227c461558b44948ffad1a86,deliverables/modern-defi-taxonomy-2026-09-08/sources/execution/raw/erc-7930.md,[],supporting_infrastructure,True,Extensible binary identifier containing chain namespace/reference and optional address.,"[""version | chainType | chainReferenceLength | chainReference | addressLength | address""]","v1 uses 0x0001; CAIP-350 namespace serialization required. Either chain reference or address can be absent, but not both. Incompatible future parsing format sets top version bit.","Financial claim, bridge verification, custody, settlement and address ownership.",Canonical address semantics depend on namespace profiles; aliases or multiple chain IDs may prevent universal uniqueness.,Normative binary format and Ethereum/Solana examples; no deployment requirement.,Specification/reference-source reviewed; no compilation or runtime conformance tests performed in this atlas.,"Normative dependency of current ERC-7683 and ERC-7786; this is standards co-design evidence, not economic deployment.",Spec explicitly calls canonical identity a leaky abstraction across namespaces.,"Post-move ERC repository or current EIP file history inspected. Pre-2023 ERC histories were not reconstructed; absent material dates are unknown, not evidence of no change.",See adoption_evidence; no bytecode identity verification performed.,"Not measured; do not infer from formal status, source availability or cited use.",,high,source_fact,"[{""sha"": ""65c3f420f55700ea27cead8cd7682e6f82a66dcf"", ""date"": ""2026-05-24T23:53:06Z"", ""message"": ""Update ERC-7930: define \""Chain Identifier\"" term for zero-length-address IAs\n\nMerged by EIP-Bot."", ""evidence_scope"": ""Selected material revision identified by history and current specification; full before/after comparison performed for7683 only.""}, {""sha"": ""491797b6cc1169f5801121bdbbe5be7201e80123"", ""date"": ""2026-01-02T15:14:04Z"", ""message"": ""Update ERC-7930: Remove Interoperable Name definition\n\nMerged by EIP-Bot."", ""evidence_scope"": ""Selected material revision identified by history and current specification; full before/after comparison performed for7683 only.""}]",,,2026-09-08,Frontmatter exactly; references/optional runtime behavior recorded separately.,"Teddy (@0xteddybear), Joxes (@0xJoxess), Nick Johnson (@Arachnid), Francisco Giordano (@frangio), Skeletor Spaceman (@skeletor-spaceman), Racu (@0xRacoon), TiTi (@0xtiti), Gori (@0xGorilla), Ardy (@0xArdy), Onizuka (@onizuka-wl), Sam Kaufman (@SampkaML), Marco Stronati (@paracetamolo), Yuliya Alexiev (@yuliyaalexiev), Jeff Lau (@jefflau), Sam Wilson (@samwilsn), Vitalik Buterin (@vbuterin), Thomas Clowes (@clowestab), Mono (@0xMonoAx), Prem Makeig (@nxt3d), Orca (@0xrcinus)","Not measured; do not infer from formal status, source availability or cited use.","[{""sha"": ""99b08e1358c20221af17b6474001e43dcd7dbfd0"", ""date"": ""2026-04-28T15:41:11Z"", ""message"": ""Update ERC-7930: Move to Review (#1708)\n\nCo-authored-by: Claude Opus 4.7 (1M context) <noreply@anthropic.com>""}]","{""sha"": ""65c3f420f55700ea27cead8cd7682e6f82a66dcf"", ""date"": ""2026-05-24T23:53:06Z"", ""message"": ""Update ERC-7930: define \""Chain Identifier\"" term for zero-length-address IAs\n\nMerged by EIP-Bot.""}"
ERC-3668,3668,CCIP Read—Secure offchain data retrieval,ERC,Standards Track,Final,2020-07-19,2026-09-09T05:16:05Z,2026-09-08T23:59:59Z,https://github.com/ethereum/ERCs/blob/f4c23717b6a6fc48436bb6778dcecce29cc5345c/ERCS/erc-3668.md,f4c23717b6a6fc48436bb6778dcecce29cc5345c,0608c08b8aff997311d27214596cd70afb74adfc19c3684343a94ed25d1e78d1,deliverables/modern-defi-taxonomy-2026-09-08/sources/execution/raw/erc-3668.md,[],supporting_infrastructure,True,Contract-directed offchain data lookup with contract callback verification.,"[""OffchainLookup(sender,urls,callData,callbackFunction,extraData)"", ""implementation-defined callback(bytes response,bytes extraData)"", ""HTTP gateway JSON response""]","Contract emits lookup by revert and supplies validation callback. Client checks sender matches called contract, preserves extraData, supports GET and POST and bounds recursive lookups. Callback repeats necessary input/permission checks and validates response.","Oracle economic truth, data freshness policy, proof scheme, gateway availability and trust anchor.",Retrieval is not verification; callback design supplies verification. This is not Chainlink cross-chain CCIP messaging. HTTP requests may reveal user/network information.,Inline recursive-call examples and client pseudocode.,Specification/reference-source reviewed; no compilation or runtime conformance tests performed in this atlas.,Spec names ENS/L2 resolution as use cases; no deployed identity or adoption measurement established here.,"Spec requires response relevance, callback authorization and nested sender checks; includes HTTP privacy/SSRF recommendations.","Post-move ERC repository or current EIP file history inspected. Pre-2023 ERC histories were not reconstructed; absent material dates are unknown, not evidence of no change.",See adoption_evidence; no bytecode identity verification performed.,"Not measured; do not infer from formal status, source availability or cited use.",,high,source_fact,[],,,2026-09-08,Frontmatter exactly; references/optional runtime behavior recorded separately.,Nick Johnson (@arachnid),"Not measured; do not infer from formal status, source availability or cited use.",[],"{""sha"": ""586120ace1fd93d285cd1dbc3c8d0b19844a7a24"", ""date"": ""2025-02-25T17:19:17Z"", ""message"": ""Update typo in erc-3668.md (#921)""}"
ERC-4337,4337,Account Abstraction Using Alt Mempool,ERC,Standards Track,Final,2021-09-29,2026-09-09T05:16:05Z,2026-09-08T23:59:59Z,https://github.com/ethereum/ERCs/blob/f4c23717b6a6fc48436bb6778dcecce29cc5345c/ERCS/erc-4337.md,f4c23717b6a6fc48436bb6778dcecce29cc5345c,baaa07330dcb67838234774ee8cf8022b5e16e68ddbfa4958913505dc7d44562,deliverables/modern-defi-taxonomy-2026-09-08/sources/execution/raw/erc-4337.md,"[712, 7702]",execution_interface,True,UserOperation validation/execution and gas sponsorship through EntryPoint plus bundler infrastructure.,"[""handleOps(PackedUserOperation[],beneficiary)"", ""validateUserOp"", ""getNonce"", ""depositTo/withdrawTo"", ""validatePaymasterUserOp/postOp (paymaster extension)"", ""executeUserOp (optional account execution extension)"", ""eth_sendUserOperation (RPC family referenced separately)""]","Account trusts EntryPoint, validates signature, pays missing funds, returns validation data. Hash binds chain and EntryPoint. Bundlers simulate/validate. EIP-7702 authorization support is network-conditioned; paymasters optional. Packed transaction and nonce rules are revision-specific.","Wallet recovery/security policy, module selection, user intent semantics and financial settlement guarantees.","Bundled UserOperations do not imply all orders succeed atomically; account callData policy determines execution. EntryPoint, paymaster and account versions must match. Current spec includes v0.9 changes.",eth-infinitism/account-abstraction pinned code repository; README identifies SimpleAccount and Simple7702Account.,Specification/reference-source reviewed; no compilation or runtime conformance tests performed in this atlas.,"Pinned README claims deployed EntryPoint v0.8 at 0x4337084d9e255ff0702461cf8895ce9e3b5ff108; this is issuer documentation for v0.8, not evidence of current-v0.9 bytecode conformance or economic activity.","Spec identifies EntryPoint as concentrated trust point and details factory/account/paymaster authorization, transient storage cleanup and storage layout risks. README audit claims not independently re-audited.","Post-move ERC repository or current EIP file history inspected. Pre-2023 ERC histories were not reconstructed; absent material dates are unknown, not evidence of no change.",See adoption_evidence; no bytecode identity verification performed.,"Not measured; do not infer from formal status, source availability or cited use.",,high,source_fact,"[{""sha"": ""46b60ce3f57cbdac880bcf2e0512045cbb16166e"", ""date"": ""2025-10-30T14:46:41Z"", ""message"": ""Update ERC-4337: Add the new changes for v0.9\n\nMerged by EIP-Bot."", ""evidence_scope"": ""Selected material revision identified by history and current specification; full before/after comparison performed for7683 only.""}]",,,2026-09-08,Frontmatter exactly; references/optional runtime behavior recorded separately.,"Vitalik Buterin (@vbuterin), Yoav Weiss (@yoavw), Dror Tirosh (@drortirosh), Shahaf Nacson (@shahafn), Alex Forshtat (@forshtat), Kristof Gazso (@kristofgazso), Tjaden Hess (@tjade273)","Not measured; do not infer from formal status, source availability or cited use.","[{""sha"": ""c8d8c2107f63c996fe8b60af20081d4d911e1f9d"", ""date"": ""2026-06-02T16:29:59Z"", ""message"": ""Update ERC-4337: Move to Final\n\nMerged by EIP-Bot.""}, {""sha"": ""dfc90d9274c17977b8bad021ae1207f71c339266"", ""date"": ""2026-05-12T17:08:28Z"", ""message"": ""Update ERC-4337: Move to Last Call\n\nMerged by EIP-Bot.""}, {""sha"": ""6aab5df320d51064ca88b52538794fa8303fec37"", ""date"": ""2025-08-26T16:41:00Z"", ""message"": ""Update ERC-4337: Move to Review\n\nMerged by EIP-Bot.""}]","{""sha"": ""c8d8c2107f63c996fe8b60af20081d4d911e1f9d"", ""date"": ""2026-06-02T16:29:59Z"", ""message"": ""Update ERC-4337: Move to Final\n\nMerged by EIP-Bot.""}"
ERC-6900,6900,Modular Smart Contract Accounts,ERC,Standards Track,Draft,2023-04-18,2026-09-09T05:16:05Z,2026-09-08T23:59:59Z,https://github.com/ethereum/ERCs/blob/f4c23717b6a6fc48436bb6778dcecce29cc5345c/ERCS/erc-6900.md,f4c23717b6a6fc48436bb6778dcecce29cc5345c,8992c504f23c67aa18f71d74657d9bf2f288ab1be1a30f3f22e251f1bece829f,deliverables/modern-defi-taxonomy-2026-09-08/sources/execution/raw/erc-6900.md,"[165, 1271, 4337]",execution_interface,False,"Modular account validation, execution manifests and hooks with explicit installation/configuration behavior.","[""execute/executeBatch"", ""executeWithRuntimeValidation"", ""installExecution/uninstallExecution"", ""installValidation/uninstallValidation"", ""accountId"", ""onInstall/onUninstall/moduleId"", ""executionManifest"", ""ExecutionInstalled/ExecutionUninstalled/ValidationInstalled/ValidationUninstalled""]","Accounts implement4337 account+execute,6900 account and1271; account-view introspection optional. Modules implement module interface and ERC165; account ERC165 for installed interfaces optional. Defined validation/execution hooks run in specified order; batch failure reverts batch.","Module trustworthiness, wallet UX, secure manifests, recovery guarantees and full removal of persistent module state.","Alternative modular-account design to7579, not automatic module ABI substitutability. Global validators may obtain wide authority; uninstallation can leave state.",Spec names https://github.com/erc6900/reference-implementation (not conformance-tested here).,Specification/reference-source reviewed; no compilation or runtime conformance tests performed in this atlas.,Reference implementation identified; no measured adoption or deployed-bytecode conformance established.,"Spec warns about root-like global validation powers, residual state, malicious modules and offchain manifest construction.","Post-move ERC repository or current EIP file history inspected. Pre-2023 ERC histories were not reconstructed; absent material dates are unknown, not evidence of no change.",See adoption_evidence; no bytecode identity verification performed.,"Not measured; do not infer from formal status, source availability or cited use.",,high,source_fact,"[{""sha"": ""963570f5024a7ec4b9178b1f9c0035ee54805c8c"", ""date"": ""2025-03-21T09:35:21Z"", ""message"": ""Update ERC-6900: Prefix ERC-6900 interfaces names to avoid conflicts\n\nMerged by EIP-Bot."", ""evidence_scope"": ""Selected material revision identified by history and current specification; full before/after comparison performed for7683 only.""}, {""sha"": ""32877d8832b4d510c39c80fe3f5160b4d34c3328"", ""date"": ""2024-10-15T21:17:13Z"", ""message"": ""Update ERC-6900: v0.8.0 release candidate\n\nMerged by EIP-Bot."", ""evidence_scope"": ""Selected material revision identified by history and current specification; full before/after comparison performed for7683 only.""}]",,,2026-09-08,Frontmatter exactly; references/optional runtime behavior recorded separately.,"Adam Egyed (@adamegyed), Fangting Liu (@trinity-0111), Jay Paik (@jaypaik), Yoav Weiss (@yoavw), Huawei Gu (@huaweigu), Daniel Lim (@dlim-circle), Ruben Koch (@0xrubes), David Philipson (@dphilipson), Howy Ho (@howydev), Nikita Belenkov (@nikita-quantstamp), zer0dot (@zer0dot), David Kim (@PowerStream3604)","Not measured; do not infer from formal status, source availability or cited use.",[],"{""sha"": ""963570f5024a7ec4b9178b1f9c0035ee54805c8c"", ""date"": ""2025-03-21T09:35:21Z"", ""message"": ""Update ERC-6900: Prefix ERC-6900 interfaces names to avoid conflicts\n\nMerged by EIP-Bot.""}"
ERC-7579,7579,Minimal Modular Smart Accounts,ERC,Standards Track,Draft,2023-12-14,2026-09-09T05:16:05Z,2026-09-08T23:59:59Z,https://github.com/ethereum/ERCs/blob/f4c23717b6a6fc48436bb6778dcecce29cc5345c/ERCS/erc-7579.md,f4c23717b6a6fc48436bb6778dcecce29cc5345c,df9f94dd8f75518b1ed6cf234a3d66e1d8708ec3b494e3e3654c9c63e776b3c2,deliverables/modern-defi-taxonomy-2026-09-08/sources/execution/raw/erc-7579.md,"[165, 1271, 2771, 4337]",execution_interface,True,Minimal modular account and module interfaces with encoded execution modes.,"[""execute/executeFromExecutor"", ""accountId/supportsExecutionMode/supportsModule"", ""installModule/uninstallModule/isModuleInstalled"", ""ModuleInstalled/ModuleUninstalled"", ""onInstall/onUninstall/isModuleType"", ""isValidSignatureWithSender"", ""preCheck/postCheck (optional hooks)""]","Accounts implement execution/configuration/module interfaces and1271, enforce authorization and reject unsupported modes. Not all modes required. ERC165 and hooks are optional; forwarding uses2771 sender suffix. Current design retains4337 validation dependency.","Validator selection encoding, all execution modes, module security, recovery and economic permissions.",Batch execution mode can revert whole batch or permit failures; inspect mode rather than infer atomicity. Module type matters for permissions. Not drop-in compatible with6900.,Spec includes assets/eip-7579/IMSA.sol interface; no complete implementation tested here.,Specification/reference-source reviewed; no compilation or runtime conformance tests performed in this atlas.,No exact-version deployed conformance established in this bounded atlas.,"Spec security section remains explicitly incomplete; addresses delegatecall, callbacks, uninstall denial, retained state, fallback authorization and configuration bypass.","Post-move ERC repository or current EIP file history inspected. Pre-2023 ERC histories were not reconstructed; absent material dates are unknown, not evidence of no change.",See adoption_evidence; no bytecode identity verification performed.,"Not measured; do not infer from formal status, source availability or cited use.",,high,source_fact,"[{""sha"": ""3f5f41b4ca4eb630eaf558960716e1604bff3de1"", ""date"": ""2025-03-01T20:46:18Z"", ""message"": ""Update ERC-7579: Prefix ERC-7579 interfaces names to avoid conflicts\n\nMerged by EIP-Bot."", ""evidence_scope"": ""Selected material revision identified by history and current specification; full before/after comparison performed for7683 only.""}, {""sha"": ""83f8acb9198803f0e9a6eb604ec4afd7086bf0be"", ""date"": ""2024-12-30T19:02:05Z"", ""message"": ""Update ERC-7579: hook clarifications\n\nMerged by EIP-Bot."", ""evidence_scope"": ""Selected material revision identified by history and current specification; full before/after comparison performed for7683 only.""}, {""sha"": ""8658d1d2ee56758727d4785c01d9c1365bfe5a5d"", ""date"": ""2024-12-29T09:21:40Z"", ""message"": ""Update ERC-7579: Make ERC165 optional and clarify payable execution\n\nMerged by EIP-Bot."", ""evidence_scope"": ""Selected material revision identified by history and current specification; full before/after comparison performed for7683 only.""}]",,,2026-09-08,Frontmatter exactly; references/optional runtime behavior recorded separately.,"zeroknots (@zeroknots), Konrad Kopp (@kopy-kat), Taek Lee (@leekt), Fil Makarov (@filmakarov), Elim Poon (@yaonam), Lyu Min (@rockmin216)","Not measured; do not infer from formal status, source availability or cited use.",[],"{""sha"": ""3f5f41b4ca4eb630eaf558960716e1604bff3de1"", ""date"": ""2025-03-01T20:46:18Z"", ""message"": ""Update ERC-7579: Prefix ERC-7579 interfaces names to avoid conflicts\n\nMerged by EIP-Bot.""}"
ERC-5805,5805,Voting with delegation,ERC,Standards Track,Stagnant,2022-07-04,2026-09-09T05:16:05Z,2026-09-08T23:59:59Z,https://github.com/ethereum/ERCs/blob/f4c23717b6a6fc48436bb6778dcecce29cc5345c/ERCS/erc-5805.md,f4c23717b6a6fc48436bb6778dcecce29cc5345c,80de7c73332264dd5fb2ae8f66ec34ed1b066f4177c3b667d2221540942ec76e,deliverables/modern-defi-taxonomy-2026-09-08/sources/execution/raw/erc-5805.md,"[712, 6372]",governance,False,Track current and past delegated voting weight independently of token ownership.,"[""getVotes/getPastVotes"", ""delegates/delegate/delegateBySig"", ""nonces"", ""DelegateChanged/DelegateVotesChanged""]",Core voting/delegation methods required; one delegate per account; past checkpoints immutable after timepoint. ERC6372 SHOULD be implemented; otherwise MUST use default block-number clock.,"Proposal rules, quorum, timelock, execution power, token price and legal/governance legitimacy.",Balance and voting power differ; a governance-token interface does not classify the protocol financial function. Clock units must match.,Inline IVotes interface; specification references Compound GovernorBravo as pre-standard context.,Specification/reference-source reviewed; no compilation or runtime conformance tests performed in this atlas.,Historical convention evidence only; no claim that historical GovernorBravo exactly implements this later proposal.,Spec explains checkpoint snapshots and replay-protected delegation; no independent security review performed.,"Post-move ERC repository or current EIP file history inspected. Pre-2023 ERC histories were not reconstructed; absent material dates are unknown, not evidence of no change.",See adoption_evidence; no bytecode identity verification performed.,"Not measured; do not infer from formal status, source availability or cited use.",,high,source_fact,[],,,2026-09-08,Frontmatter exactly; references/optional runtime behavior recorded separately.,"Hadrien Croubois (@Amxx), Francisco Giordano (@frangio)","Not measured; do not infer from formal status, source availability or cited use.",[],"{""sha"": ""8dd085d159cb123f545c272c0d871a5339550e79"", ""date"": ""2023-10-25T15:11:14Z"", ""message"": ""complete erc move""}"
ERC-6372,6372,Contract clock,ERC,Standards Track,Review,2023-01-25,2026-09-09T05:16:05Z,2026-09-08T23:59:59Z,https://github.com/ethereum/ERCs/blob/f4c23717b6a6fc48436bb6778dcecce29cc5345c/ERCS/erc-6372.md,f4c23717b6a6fc48436bb6778dcecce29cc5345c,ab569bc8ba455aa11c20033a607cfbc9b8b0b987d9eccc72549c5c9fcb57a086,deliverables/modern-defi-taxonomy-2026-09-08/sources/execution/raw/erc-6372.md,[],governance,True,Expose a contract timepoint and machine-readable clock mode.,"[""clock() -> uint48"", ""CLOCK_MODE() -> string""]","Both methods mandatory; clock nondecreasing; query-string mode describes timestamp, default block number or other chain block-number source.","Finality, globally synchronized time, update availability, maturity schedule and economic accrual rules.",A timepoint number without CLOCK_MODE is ambiguous; block/time modes are not interchangeable.,Inline IERC6372 interface.,Specification/reference-source reviewed; no compilation or runtime conformance tests performed in this atlas.,Normative reference in5805; independent deployed identity and economic adoption not established.,Spec says no known security issues; this is not an audit finding or proof.,"Post-move ERC repository or current EIP file history inspected. Pre-2023 ERC histories were not reconstructed; absent material dates are unknown, not evidence of no change.",See adoption_evidence; no bytecode identity verification performed.,"Not measured; do not infer from formal status, source availability or cited use.",,high,source_fact,[],,,2026-09-08,Frontmatter exactly; references/optional runtime behavior recorded separately.,"Hadrien Croubois (@Amxx), Francisco Giordano (@frangio)","Not measured; do not infer from formal status, source availability or cited use.",[],"{""sha"": ""8dd085d159cb123f545c272c0d871a5339550e79"", ""date"": ""2023-10-25T15:11:14Z"", ""message"": ""complete erc move""}"
ERC-173,173,Contract Ownership Standard,ERC,Standards Track,Final,2018-06-07,2026-09-09T05:16:05Z,2026-09-08T23:59:59Z,https://github.com/ethereum/ERCs/blob/f4c23717b6a6fc48436bb6778dcecce29cc5345c/ERCS/erc-173.md,f4c23717b6a6fc48436bb6778dcecce29cc5345c,5aae06cc26b28683dbea5f12f8b1b50531ab36609546bec2f8854635b77bd6cd,deliverables/modern-defi-taxonomy-2026-09-08/sources/execution/raw/erc-173.md,[],governance,False,Discover and transfer contract ownership through a small common interface.,"[""owner()"", ""transferOwnership(address)"", ""OwnershipTransferred""]",ERC173 interface required; ERC165 SHOULD also be implemented. Zero address renounces this ownership interface; creation event recommended.,"What owner can do, other roles, proxy admin, multisig policy and legal ownership.","owner()==0 does not prove no other privileged roles, upgrade keys or trusted dependencies.",Inline ERC173 interface; full contract not tested.,Specification/reference-source reviewed; no compilation or runtime conformance tests performed in this atlas.,No deployed conformance established in this bounded atlas.,Interface only exposes one ownership scheme; actual powers require implementation review.,"Post-move ERC repository or current EIP file history inspected. Pre-2023 ERC histories were not reconstructed; absent material dates are unknown, not evidence of no change.",See adoption_evidence; no bytecode identity verification performed.,"Not measured; do not infer from formal status, source availability or cited use.",,high,source_fact,[],,,2026-09-08,Frontmatter exactly; references/optional runtime behavior recorded separately.,"Nick Mudge (@mudgen), Dan Finlay <dan@danfinlay.com>","Not measured; do not infer from formal status, source availability or cited use.",[],"{""sha"": ""8dd085d159cb123f545c272c0d871a5339550e79"", ""date"": ""2023-10-25T15:11:14Z"", ""message"": ""complete erc move""}"
ERC-1967,1967,Proxy Storage Slots,ERC,Standards Track,Final,2019-04-24,2026-09-09T05:16:05Z,2026-09-08T23:59:59Z,https://github.com/ethereum/ERCs/blob/f4c23717b6a6fc48436bb6778dcecce29cc5345c/ERCS/erc-1967.md,f4c23717b6a6fc48436bb6778dcecce29cc5345c,42384396793e9e220e8ce8a918c92e0cd70808df6f55db27bb82e09c0c2af44a,deliverables/modern-defi-taxonomy-2026-09-08/sources/execution/raw/erc-1967.md,[],governance,True,Discover proxy implementation/beacon/admin using distinguished storage slots.,"[""implementation slot"", ""beacon slot"", ""admin slot (optional)"", ""Upgraded/BeaconUpgraded/AdminChanged (SHOULD emit on changes)"", ""beacon implementation()""]","Standardized slots; direct implementation slot empty for beacon path. Beacon must expose implementation(); admin slot optional. Changes SHOULD emit events, including initialization.","Who may upgrade, delay/approval policy, implementation safety, storage-layout migration correctness and all alternative proxy schemes.",A slot convention does not guarantee immutable code or legitimate upgrades. Logic can change under unchanged token interface.,Inline ERC1967Proxy/ERC1967Upgrade-style implementation.,Specification/reference-source reviewed; no compilation or runtime conformance tests performed in this atlas.,Spec illustrates USDC proxy address as explorer example; historical screenshot/reference is not current deployed-bytecode verification.,Spec covers compiler-slot separation and selector clashes; user must still inspect privileged controls and implementation semantics.,"Post-move ERC repository or current EIP file history inspected. Pre-2023 ERC histories were not reconstructed; absent material dates are unknown, not evidence of no change.",See adoption_evidence; no bytecode identity verification performed.,"Not measured; do not infer from formal status, source availability or cited use.",,high,source_fact,[],,,2026-09-08,Frontmatter exactly; references/optional runtime behavior recorded separately.,"Santiago Palladino (@spalladino), Francisco Giordano (@frangio), Hadrien Croubois (@Amxx)","Not measured; do not infer from formal status, source availability or cited use.",[],"{""sha"": ""8dd085d159cb123f545c272c0d871a5339550e79"", ""date"": ""2023-10-25T15:11:14Z"", ""message"": ""complete erc move""}"
ERC-1822,1822,Universal Upgradeable Proxy Standard (UUPS),ERC,Standards Track,Stagnant,2019-03-04,2026-09-09T05:16:05Z,2026-09-08T23:59:59Z,https://github.com/ethereum/ERCs/blob/f4c23717b6a6fc48436bb6778dcecce29cc5345c/ERCS/erc-1822.md,f4c23717b6a6fc48436bb6778dcecce29cc5345c,a3f212291fa1d8774b555a236538dafe48917668c160135c8be589c43ec6e66c,deliverables/modern-defi-taxonomy-2026-09-08/sources/execution/raw/erc-1822.md,[],governance,False,Upgradeable proxy pattern with logic-side compatibility identifier and upgrade mechanism.,"[""proxiableUUID()"", ""logic-side updateCodeAddress helper"", ""proxy fallback delegatecall""]",Proxiable compatibility identifier checked during upgrades in the specified pattern; storage and upgrade permissions must be preserved.,"Governance, delay, ownership policy, correct state migration and library-specific modern UUPS conventions.",Historical ERC1822 sample uses keccak256(PROXIABLE) slot. Modern libraries may combine UUPS logic with ERC1967 slots; shared UUPS name does not establish literal implementation equivalence.,Inline Owned/ERC20 and Proxy/Proxiable examples.,Specification/reference-source reviewed; no compilation or runtime conformance tests performed in this atlas.,Historical pattern/reference only; no exact current deployment conformance established.,"Spec pitfalls: storage order, upgrade lockout, dangerous delegation/destruction functions. Historical advice must be interpreted against current EVM semantics.","Post-move ERC repository or current EIP file history inspected. Pre-2023 ERC histories were not reconstructed; absent material dates are unknown, not evidence of no change.",See adoption_evidence; no bytecode identity verification performed.,"Not measured; do not infer from formal status, source availability or cited use.",,high,source_fact,[],,,2026-09-08,Frontmatter exactly; references/optional runtime behavior recorded separately.,"Gabriel Barros <gabriel@terminal.co>, Patrick Gallagher <blockchainbuddha@gmail.com>","Not measured; do not infer from formal status, source availability or cited use.",[],"{""sha"": ""8dd085d159cb123f545c272c0d871a5339550e79"", ""date"": ""2023-10-25T15:11:14Z"", ""message"": ""complete erc move""}"
EIP-712,712,Typed structured data hashing and signing,Interface,Standards Track,Final,2017-09-12,2026-09-09T05:16:05Z,2026-09-08T23:59:59Z,https://github.com/ethereum/EIPs/blob/991d932f52a56477753cd9f62114b842cd77275c/EIPS/eip-712.md,991d932f52a56477753cd9f62114b842cd77275c,459086f5a0b2d6a0ac4e404faebf3660a49aa4b1712711521093380689f02304,deliverables/modern-defi-taxonomy-2026-09-08/sources/execution/raw/eip-712.md,"[155, 191]",authorization,True,"Deterministic typed structured-data hashing, domain separation and signing RPC.","[""hashStruct/encodeType/encodeData/domainSeparator"", ""eth_signTypedData"", ""0x1901 || domainSeparator || hashStruct(message)""]",Typed hashing and domain structure as specified; application selects meaningful domain fields and payload. Uses ERC191 version01.,"Replay protection, nonce handling, human comprehension, business validity and transfer permissions.","Interface-category EIP, not ERC. Typed messages still need replay/expiry checks; readable signing is not proof of safe behavior.",In-spec hashing examples and test vectors.,Specification/reference-source reviewed; no compilation or runtime conformance tests performed in this atlas.,"Normative dependency of2612/3009/5805 and current4337, plus Permit2 README; not deployment/economic adoption measurement.",Explicitly excludes replay protection; security section covers replay and front-running.,"Post-move ERC repository or current EIP file history inspected. Pre-2023 ERC histories were not reconstructed; absent material dates are unknown, not evidence of no change.",See adoption_evidence; no bytecode identity verification performed.,"Not measured; do not infer from formal status, source availability or cited use.",,high,source_fact,"[{""sha"": ""7ced2f3a283ae9c2af6a4c2e33bba7fffab3e4c3"", ""date"": ""2024-09-25T14:16:05Z"", ""message"": ""Update EIP-712: Fix incorrect byte counts (#8722)"", ""evidence_scope"": ""Selected material revision identified by history and current specification; full before/after comparison performed for7683 only.""}]",,,2026-09-08,Frontmatter exactly; references/optional runtime behavior recorded separately.,"Remco Bloemen (@Recmo), Leonid Logvinov (@LogvinovLeon), Jacob Evans (@dekz)","Not measured; do not infer from formal status, source availability or cited use.","[{""sha"": ""c2e19a6ba0dda0e6fbf846b62e3711d3bc2ebbed"", ""date"": ""2022-08-11T21:43:50Z"", ""message"": ""Move EIP-712 to Final (#5433)""}, {""sha"": ""11143fe6e4394ceba80fc2e43c0f5b2b226869aa"", ""date"": ""2022-07-25T09:51:57Z"", ""message"": ""Move EIP-712 to Last Call (#5271)\n\n* Move EIP-712 to Last Call\n\n* fix sections\n\n* fix eip references\n\n* remove external links\n\n* shorten title\n\n* reformat notes\n\n* remove self references\n\n* add links to referenced eips\n\n* add description\n\n* add tentative last call deadline\n\n* remove standard from description\n\n* add specification header\n\n* convert image to relative\n\nCo-authored-by: Sam Wilson <57262657+SamWilsn@users.noreply.github.com>\n\n* use relative image src\n\n* remove mention of EIP-719\n\n* remove implementation section\n\n* simplify abstract\n\n* add security considerations section\n\n* fix section order\n\n* add note on frontrunning attacks\n\n* empty commit\n\nCo-authored-by: Sam Wilson <57262657+SamWilsn@users.noreply.github.com>""}, {""sha"": ""876f4b555a0e7ea1a36724404e7d8506bb6798d6"", ""date"": ""2021-06-02T13:34:35Z"", ""message"": ""Move EIP-712 to review (#3497)\n\n* Update eip-712.md\r\n\r\n* just adding space to make sure bot works properly\r\n\r\n* reverting afforementioned space\r\n\r\nCo-authored-by: Alita Moore <alita.moore805@gmail.com>""}]","{""sha"": ""0b06de5e1203b35f1338d9e61d1ccc6965face91"", ""date"": ""2025-10-15T17:22:28Z"", ""message"": ""Update EIP-712: typo, reference ERC spec correctly and formats (#9872)""}"
EIP-7702,7702,Set Code for EOAs,Core,Standards Track,Final,2024-05-07,2026-09-09T05:16:05Z,2026-09-08T23:59:59Z,https://github.com/ethereum/EIPs/blob/991d932f52a56477753cd9f62114b842cd77275c/EIPS/eip-7702.md,991d932f52a56477753cd9f62114b842cd77275c,3d46953e13ebc7ebe229971b301ede853aad6e29f4faf4db1eb9a2085accde1b,deliverables/modern-defi-taxonomy-2026-09-08/sources/execution/raw/eip-7702.md,"[2, 161, 1052, 2718, 2929, 2930, 3541, 3607, 4844]",execution_interface,True,Core transaction type lets EOAs persistently delegate code execution to a selected contract.,"[""type0x04 set-code transaction"", ""authorization tuple(chain_id,address,nonce,y_parity,r,s)"", ""delegation indicator0xef0100||address""]",Authorization list processed before execution; valid nonce/chain/signature sets delegation; zero address clears it. Processed delegation is not rolled back when transaction execution reverts.,"Secure delegate policy, asset permissions, recovery, initialization safety and portable storage across delegate changes.",Core EIP rather than account-module ERC; delegation persists and is not limited to one transaction. Authorization of delegation is not a complete safe wallet policy.,"Consensus specification; account-abstraction repository identifies Simple7702Account sample, not consensus-client conformance evidence.",Specification/reference-source reviewed; no compilation or runtime conformance tests performed in this atlas.,Final registry status and sample contract source documented; no activation/deployment counts or exact chain fork assertion made here.,"Spec warns malicious delegate can control assets; secure initialization, application replay protection and storage-management obligations remain.","Post-move ERC repository or current EIP file history inspected. Pre-2023 ERC histories were not reconstructed; absent material dates are unknown, not evidence of no change.",See adoption_evidence; no bytecode identity verification performed.,"Not measured; do not infer from formal status, source availability or cited use.",,high,source_fact,"[{""sha"": ""e4ba573bafc30d94d7b106a2136acd2ebea9b776"", ""date"": ""2025-01-23T14:15:20Z"", ""message"": ""Update EIP-7702: update `EXTCODE*` opcodes to act on full \""delegation designator\""\n\nMerged by EIP-Bot."", ""evidence_scope"": ""Selected material revision identified by history and current specification; full before/after comparison performed for7683 only.""}]",,,2026-09-08,Frontmatter exactly; references/optional runtime behavior recorded separately.,"Vitalik Buterin (@vbuterin), Sam Wilson (@SamWilsn), Ansgar Dietrichs (@adietrichs), lightclient (@lightclient)","Not measured; do not infer from formal status, source availability or cited use.","[{""sha"": ""e17d216b4e8b359703ddfbc84499d592d65281fb"", ""date"": ""2025-06-03T22:33:32Z"", ""message"": ""Update EIP-7702: Move to Final\n\nMerged by EIP-Bot.""}, {""sha"": ""e4cd2d80f2760c22280b8f9f30af2ae054eab9f3"", ""date"": ""2025-02-11T19:56:55Z"", ""message"": ""Update EIP-7702: Move to Last Call\n\nMerged by EIP-Bot.""}, {""sha"": ""16fb0b0f194164f5a15964b7c024483a738b612a"", ""date"": ""2024-06-17T16:05:36Z"", ""message"": ""Update EIP-7702: Move to Review\n\nMerged by EIP-Bot.""}]","{""sha"": ""bbc3f95844c37612a2f1b9e7477990bb717ecfa0"", ""date"": ""2025-10-07T21:29:56Z"", ""message"": ""Update EIP-7702: Correct link formatting (#10136)\n\nUpdate eip-7702.md""}"
EIP-1,1,EIP Purpose and Guidelines,,Meta,Living,2015-10-27,2026-09-09T05:16:05Z,2026-09-08T23:59:59Z,https://github.com/ethereum/EIPs/blob/991d932f52a56477753cd9f62114b842cd77275c/EIPS/eip-1.md,991d932f52a56477753cd9f62114b842cd77275c,c29f9c2c5685c16e9709c64583dcb56d6f76c077995860f708b6e12c6afa0a7f,deliverables/modern-defi-taxonomy-2026-09-08/sources/execution/raw/eip-1.md,[],standards_process,True,"Define Ethereum proposal types, categories, workflow and publication rules.",[],"Standards Track categories include Core, Networking, Interface and ERC; Meta/Informational separate. Final represents stable final specification; changes limited to errata/non-normative clarification. Core Final also requires client implementation process.","Investment merit, security certification, implementation compliance, deployment count, decentralization and economic adoption.",ERC means application-level standard/convention. URL spelling and colloquial EIP prefix do not establish category. Last Call deadline does not automatically advance status.,Not applicable: process document.,Specification/reference-source reviewed; no compilation or runtime conformance tests performed in this atlas.,Not applicable to process document; formal status is Living.,"Security Considerations required, but inclusion/review is not deployment audit or guarantee.","Post-move ERC repository or current EIP file history inspected. Pre-2023 ERC histories were not reconstructed; absent material dates are unknown, not evidence of no change.",See adoption_evidence; no bytecode identity verification performed.,"Not measured; do not infer from formal status, source availability or cited use.",,high,source_fact,[],,,2026-09-08,Frontmatter exactly; references/optional runtime behavior recorded separately.,"Martin Becze <mb@ethereum.org>, Hudson Jameson <hudson@ethereum.org>, et al.","Not measured; do not infer from formal status, source availability or cited use.","[{""sha"": ""e8112f391e520b470bc56c97a3df74ae5e2adf68"", ""date"": ""2021-09-07T09:42:13Z"", ""message"": ""Removes Living toggling between review and living. (#3856)\n\nI believe we decided in a previous EIPs meeting to just have Living stay living.  Having it toggle to review doesn't make sense, because then it means there is no living EIP-1 while it is in review.""}, {""sha"": ""880184aa52b7bfe190be464b05ee6a8e24c4e334"", ""date"": ""2019-09-15T16:51:34Z"", ""message"": ""EIP-1: formatting fixes and clarifications (#2236)\n\n* EIP-1: make category field in EIP more clear\r\n\r\n* Better heading in README\r\n\r\n* EIP-2: fix typo in rendering\r\n\r\n* EIP-1: clarify that an EIP can move from the Abandoned status to the Draft status\r\n\r\nAlso clarify that EIPs cannot move from the Rejected and Superseded states.\r\n\r\n* EIP-1: rename WIP status to Idea\r\n\r\n* EIP-1: change template formatting to fix markdown rendering\r\n\r\nWith angle brackets markdown renders them as HTML tags sometimes (depending on the rendering engine).\r\n\r\n* EIP-1812: change copyright link to the correct CC0 link""}]","{""sha"": ""d7f6f26dd7b183e3f58143b966fc61ee152b062b"", ""date"": ""2026-08-10T14:59:21Z"", ""message"": ""Update EIP-1: allow links to sys-asm\n\nMerged by EIP-Bot.""}"
