foreman-launch: capability=posix_pidns_userns_strong unshare=/usr/bin/unshare flags=--user --map-current-user --pid --mount-proc --fork --kill-child host_pid=2674644
foreman-launch: capability=posix_pidns_userns_strong already_inner host_pid=2674644

> test
> node --test tests/*.test.mjs

✔ exact registered bytes independently reproduce the pinned bounds hash and accepted program (131.420577ms)
✔ public frontend rejects all modified and malformed bounds without leaked host exceptions (1957.104774ms)
✔ earlier source diagnostics retain stage priority over malformed registry bytes (113.702288ms)
✔ derive rechecks exact registry even when a forged full program matches altered bounds (822.15197ms)
✔ backend registry admission precedes authentication or commit, including absent binding bytes (463.830977ms)
✔ detached or disguised byte views fail closed; caller mutation cannot alter the trusted registry (269.066797ms)
✔ a source stage7 failure is retained ahead of a bounds stage8 mismatch (9.24624ms)
✔ oversized bounds and decorated typed-array length cannot bypass bounded admission (212.821708ms)
✔ oversized bounds are rejected before encoder or digest work on their contents (1.307608ms)
✔ missing local binding and invalid simulator byte containers reject at program admission (106.422474ms)
✔ closed runtime schema admission precedes authentication even with registered source and bounds (147.852115ms)
✔ Core source-map edits have SOURCE_MAP while non-Core manifest edits have PROGRAM_ENCODING (247.753856ms)
✔ /2 authority is required and preserved, /1 remains accepted (7.154856ms)
✔ authority rejects malformed commitments and identical role parties (0.320844ms)
✔ Fee stays distinct and debits balance, allowance and work (0.660868ms)
✔ Fee cannot fund an Originate (56.197952ms)
✔ gross debit cannot be erased by a refund (0.156591ms)
✔ zero Fee without cap rejects before kernel (0.425889ms)
✔ net goal includes Fee and passes exactly at boundary (0.393026ms)
✔ self fee counts both sides and missing sums are zero (0.14637ms)
✔ checked sum and debit plus minimum overflow reject (0.307982ms)
✔ assets are independent and nonmonetary effects do not count (0.167224ms)
✔ /6 public evaluator lowers Fee to Core /5 and checks the net goal atomically (54.418049ms)
✔ exact quantum conversion rejects nondivisibility and overflow (0.798068ms)
✔ malformed effects cannot disappear from the outcome check (0.112241ms)
✔ authority role substitution rejects before publishing debt (25.252423ms)
✔ /6 parser preserves Unicode spans and profile-looking comments (40.700812ms)
✔ /6 rejects /1 state, duplicate Fee IDs and unknown debit actors (18.414988ms)
✔ self Fee preserves balance and still consumes gross allowance (0.831119ms)
✔ expression CLI check equals successful API and leaves source/schema bytes intact (251.682625ms)
✔ expression CLI preserves complete API failure records including R1 and UTF-8 spans (1437.172283ms)
✔ expression CLI format equals API, is idempotent and writes no input files (739.827366ms)
✔ expression CLI format preserves parser code/span with no partial output (261.806574ms)
✔ expression CLI format rejects output expansion beyond the bound without partial stdout (267.67167ms)
✔ expression CLI rejects malformed invocation before reading paths (3412.616003ms)
✔ expression CLI schema errors equal API after bounded transport (1164.074481ms)
✔ expression CLI bounds distinguish 65536 from 65537 bytes for source/schema (1927.359191ms)
✔ expression CLI rejects invalid UTF-8 before parser and retains BOM for parser (1232.075401ms)
✔ expression CLI opens only bounded regular files and allows regular symlink targets (1617.675722ms)
✔ expression CLI import has no command or stream side effects (260.77219ms)
✔ financial CLI explicit routing equals financial APIs and never infers the profile (2627.418209ms)
✔ financial CLI preserves checking and formatting meaning for the published vault quote fixture (875.065397ms)
✔ simulation CLI returns independently derived local financial and original expression results (422.904211ms)
✔ simulation CLI preserves source API rejection records and never prints snapshot state (517.616672ms)
✔ simulation CLI retains snapshot transport limits and canonical handling (1320.384403ms)
✔ profile separation requires exact source headers at both entry points (7.118062ms)
✔ profile formatters retain their respective exact source headers (1.486969ms)
✔ new grammar supports numeric metadata, signed values, generics and brackets only under /1 (4.636383ms)
✔ generic calls and comparisons remain distinct and typed emissions reject during parsing (0.633301ms)
✔ exported lexical catalogs cannot mutate subsequent profile admission (0.298419ms)
✔ source diagnostic lexical order: elaborate access_field(unknown(), "bad field") (17.942794ms)
✔ source diagnostic lexical order: elaborate access_field(i128(1+2), "bad field") (1.344174ms)
✔ source diagnostic lexical order: elaborate access_field(access_field(unknown(), "bad inner"), "bad outer") (0.637443ms)
✔ source diagnostic lexical order: elaborate access_field(1, "bad field") (4.950562ms)
✔ source diagnostic lexical order: elaborate access_field(missing, "bad field") (1.304812ms)
✔ source diagnostic lexical order: elaborate access_field(unknown()) (0.74663ms)
✔ source diagnostic lexical order: elaborate access_index(unknown(), i128(1+2)) (0.620974ms)
✔ source diagnostic lexical order: elaborate floor_div(unknown(), i128(1+2)) (0.404131ms)
✔ source diagnostic lexical order: elaborate amount(1+2, unknown()) (1.806612ms)
✔ source diagnostic lexical order: elaborate shares(1+2, unknown(), missing()) (0.42516ms)
✔ source diagnostic lexical order: elaborate rate(1+2, unknown()) (0.416351ms)
✔ source diagnostic lexical order: elaborate price(1+2, unknown(), missing(), bad()) (0.154846ms)
✔ source diagnostic lexical order: check access_field(unknown(), "bad field") (0.214364ms)
✔ source diagnostic lexical order: check access_field(i128(1+2), "bad field") (0.393023ms)
✔ source diagnostic lexical order: check access_field(access_field(unknown(), "bad inner"), "bad outer") (0.55848ms)
✔ source diagnostic lexical order: check access_field(1, "bad field") (0.863268ms)
✔ source diagnostic lexical order: check access_field(missing, "bad field") (0.387574ms)
✔ source diagnostic lexical order: check access_field(unknown()) (0.150243ms)
✔ source diagnostic lexical order: check access_index(unknown(), i128(1+2)) (0.563912ms)
✔ source diagnostic lexical order: check floor_div(unknown(), i128(1+2)) (0.537651ms)
✔ source diagnostic lexical order: check amount(1+2, unknown()) (0.260319ms)
✔ source diagnostic lexical order: check shares(1+2, unknown(), missing()) (0.194149ms)
✔ source diagnostic lexical order: check rate(1+2, unknown()) (0.255256ms)
✔ source diagnostic lexical order: check price(1+2, unknown(), missing(), bad()) (1.162647ms)
✔ source diagnostic lexical order: evaluate access_field(unknown(), "bad field") (0.625017ms)
✔ source diagnostic lexical order: evaluate access_field(i128(1+2), "bad field") (0.379808ms)
✔ source diagnostic lexical order: evaluate access_field(access_field(unknown(), "bad inner"), "bad outer") (0.247462ms)
✔ source diagnostic lexical order: evaluate access_field(1, "bad field") (2.221712ms)
✔ source diagnostic lexical order: evaluate access_field(missing, "bad field") (0.261483ms)
✔ source diagnostic lexical order: evaluate access_field(unknown()) (0.48218ms)
✔ source diagnostic lexical order: evaluate access_index(unknown(), i128(1+2)) (0.58323ms)
✔ source diagnostic lexical order: evaluate floor_div(unknown(), i128(1+2)) (0.391076ms)
✔ source diagnostic lexical order: evaluate amount(1+2, unknown()) (0.57817ms)
✔ source diagnostic lexical order: evaluate shares(1+2, unknown(), missing()) (0.160239ms)
✔ source diagnostic lexical order: evaluate rate(1+2, unknown()) (0.118441ms)
✔ source diagnostic lexical order: evaluate price(1+2, unknown(), missing(), bad()) (0.478649ms)
✔ source scalar types, signed extremes and named rounding keep exact values (14.757197ms)
✔ source financial literals retain every exact type index (10.082059ms)
✔ source record, enum, option, collection and both access aliases (17.891286ms)
✔ source check rejects a dead branch wrong type before runtime guard (1.29003ms)
✔ source formatting preserves complete expression meaning and is idempotent (7.250686ms)
✔ one real source program reaches all forty reviewed constructors (17.527252ms)
✔ a direct source emission preserves its record operand and exact work (1.078318ms)
✔ source boundaries admit128 collection items and65 parameters without widening old grammar (37.831874ms)
✔ source metadata, equality and namespace boundaries reject deterministically (8.282629ms)
✔ source stage rollback includes descriptors and rejects direct financial writes (4.934521ms)
✔ source byte spans, lowered paths and short-circuit work survive formatting-independent text (7.253754ms)
✔ source API rejects hostile transport, schema overrides and unsupported declaration semantics (0.607177ms)
✔ formatter retains lowered Core structure, types and evaluation order (7.962858ms)
✔ D5 outer transport and component limits precede source parsing and typed admission (11.451553ms)
✔ source final aggregate bound rejects at the action after both ordinary writes (17.936329ms)
✔ source descriptor128 limit rolls back the129th emission (62.044772ms)
✔ new parameter256 and collection128 ceilings have explicit next-value rejection (10.358323ms)
✔ JSON duplicate keys reject even when their final values agree (11.198148ms)
✔ noncanonical whitespace and key order reject (0.312435ms)
✔ JSON numbers, null and unpaired surrogates reject (8.222462ms)
✔ integer metadata rejects negative zero, leading zeros, plus and terminal line separators (2.012672ms)
✔ identifiers reject final carriage returns and Unicode line separators (0.499209ms)
✔ unknown type tags and undeclared well-shaped names have different phases (0.825586ms)
✔ schema definition traversal follows ASCII identifier order (0.341066ms)
✔ no supplied schema or financial write-class override is admitted in a request (3.934867ms)
✔ reject before touching a live object or accessor request (0.641091ms)
✔ a stale registered funded version cannot opt into expression semantics (2.36742ms)
✔ canonical minimal escapes are required (0.455471ms)
✔ later missing snapshot values precede earlier runtime guards (1.223517ms)
✔ snapshot shape errors precede bounds/domain errors within the same snapshot (0.588334ms)
✔ all static action errors precede missing snapshot admission (0.615986ms)
✔ supply checked nominal snapshots; no structural equality grants a write (4.245947ms)
✔ short-circuiting cannot hide an effectful nested statement (0.287146ms)
✔ Ensure suffix placement is checked before reduction (0.260056ms)
✔ self reference is not introduced before binding (1.663628ms)
✔ descriptor count is an actual runtime bound with rollback (58.853412ms)
✔ result mutation cannot affect subsequent evaluations (0.321979ms)
✔ source, Core and snapshots retain separate simultaneous byte bounds (2.18998ms)
✔ deep non-object request is INPUT_SCHEMA without host stack overflow (2.422539ms)
✔ statement256 is legal and257 rejects before any reduction (21.362868ms)
✔ record64 fields is legal and65 rejects schema admission (12.312715ms)
✔ Text literal1024 versus1025 and supplied Text1025 retain different failure phases (0.425374ms)
✔ collection capacity128 is legal;129 is not silently widened (4.610071ms)
✔ snapshot outer node counts toward value depth64 (2.304722ms)
✔ constructed depth64 succeeds and depth65 rejects after entered children (2.318429ms)
✔ schema JSON-tree node bound is independent of record field bounds (8.661369ms)
✔ Quantity normalized scale and exponent bounds reject before work (2.048816ms)
✔ selected arithmetic overflow is charged while skipped overflow is not entered (0.818695ms)
✔ empty collection access rejects at the projection after both children (0.370028ms)
✔ ASCII-valid prototype-like identifiers stay ordinary own properties (0.368948ms)
✔ work65536 is legal and a caller cannot raise or negate that allowance (0.712375ms)
✔ integer endpoints and Unicode Text bytes are checked without wrapping or character counting (0.633434ms)
✔ staged-x10-to11: actual execution (7.286317ms)
✔ staged-ensures12: actual execution (1.171012ms)
✔ duplicate-write: actual execution (0.562097ms)
✔ next-read: actual execution (0.487242ms)
✔ post-outside-ensure: actual execution (0.579371ms)
✔ two-runtime-failures: actual execution (1.838304ms)
✔ static-before-guard: actual execution (0.654186ms)
✔ work-exhaustion: actual execution (0.634624ms)
✔ quantity-mul: actual execution (1.156453ms)
✔ quantity-div: actual execution (1.85892ms)
✔ quantity-negative-scale: actual execution (0.374677ms)
✔ financial-write: actual execution (0.315124ms)
✔ finite-record-bound: actual execution (16.604202ms)
✔ unit-not-a-value: actual execution (0.248558ms)
✔ max-u64-matrix-encoding: actual execution (8.671688ms)
✔ byte-boundary-65536: actual execution (1.879558ms)
✔ byte-boundary-65537: actual execution (1.041045ms)
✔ undeclared-unit: actual execution (0.274267ms)
✔ recursive-operation-schema: actual execution (0.39463ms)
✔ all active combined derivations have executed counterparts (0.266319ms)
✔ the historical twentieth strict case has a new explicit short-circuit observation (0.438378ms)
✔ None with Option metadata depth 508 (11.210433ms)
✔ None with Option metadata depth 509 (0.904842ms)
✔ None with Option metadata depth 600 (1.683422ms)
✔ None with Option metadata depth 3000 (9.242832ms)
✔ largest Option chain fitting Core byte bound succeeds (15.280647ms)
✔ next Option chain exceeds Core bytes and rejects before work (4.665039ms)
✔ deep metadata still needs an evaluation work unit (14.658414ms)
✔ deep type shape error is INPUT_SCHEMA (1.835995ms)
✔ deep unresolved nominal type is TYPE_NAME (1.252311ms)
✔ deep Unit data type remains disallowed (11.567443ms)
✔ deep Collection capacity checks preserve inner type error order (7.419333ms)
✔ deep Collection metadata accepts valid finite capacities (5.755371ms)
✔ malformed canonical encoding remains rejected at deep metadata (3.006971ms)
✔ deep schema JSON is rejected by normative schema depth bound (7.393726ms)
✔ deep types compare structurally during ConstructSome typing (5.695036ms)
✔ deep mismatched types reject statically before work (3.500327ms)
✔ deep metadata types in unselected branches remain statically checked (13.033879ms)
✔ LitUInt-positive executes the specified value/type/work (10.738179ms)
✔ LitUInt-reject executes the specified phase and error (1.300839ms)
✔ LitSInt-positive executes the specified value/type/work (6.783005ms)
✔ LitSInt-reject executes the specified phase and error (0.385114ms)
✔ LitBool-positive executes the specified value/type/work (0.35891ms)
✔ LitBool-reject executes the specified phase and error (0.139456ms)
✔ LitText-positive executes the specified value/type/work (0.268527ms)
✔ LitText-reject executes the specified phase and error (0.215701ms)
✔ LitAmount-positive executes the specified value/type/work (0.281924ms)
✔ LitAmount-reject executes the specified phase and error (10.482965ms)
✔ LitQuantity-positive executes the specified value/type/work (0.450163ms)
✔ LitQuantity-reject executes the specified phase and error (0.16769ms)
✔ LitShares-positive executes the specified value/type/work (0.189009ms)
✔ LitShares-reject executes the specified phase and error (0.142962ms)
✔ LitRate-positive executes the specified value/type/work (0.17223ms)
✔ LitRate-reject executes the specified phase and error (0.18944ms)
✔ LitPrice-positive executes the specified value/type/work (0.205101ms)
✔ LitPrice-reject executes the specified phase and error (0.155974ms)
✔ ReadArg-positive executes the specified value/type/work (0.363119ms)
✔ ReadArg-reject executes the specified phase and error (3.272339ms)
✔ ReadObs-positive executes the specified value/type/work (2.313846ms)
✔ ReadObs-reject executes the specified phase and error (0.625258ms)
✔ ProjectField-positive executes the specified value/type/work (1.04072ms)
✔ ProjectField-reject executes the specified phase and error (2.135184ms)
✔ AccessField-positive executes the specified value/type/work (0.42289ms)
✔ AccessField-reject executes the specified phase and error (0.156301ms)
✔ ProjectIndex-positive executes the specified value/type/work (0.964757ms)
✔ ProjectIndex-reject executes the specified phase and error (0.245262ms)
✔ AccessIndex-positive executes the specified value/type/work (0.15856ms)
✔ AccessIndex-reject executes the specified phase and error (0.14742ms)
✔ ConstructRecord-positive executes the specified value/type/work (0.272126ms)
✔ ConstructRecord-reject executes the specified phase and error (0.586396ms)
✔ ConstructEnum-positive executes the specified value/type/work (0.347217ms)
✔ ConstructEnum-reject executes the specified phase and error (0.142381ms)
✔ ConstructSome-positive executes the specified value/type/work (2.406903ms)
✔ ConstructSome-reject executes the specified phase and error (0.349891ms)
✔ ConstructNone-positive executes the specified value/type/work (0.171978ms)
✔ ConstructNone-reject executes the specified phase and error (0.795064ms)
✔ ConstructCollection-positive executes the specified value/type/work (1.024935ms)
✔ ConstructCollection-reject executes the specified phase and error (0.93403ms)
✔ Add-positive executes the specified value/type/work (0.306069ms)
✔ Add-reject executes the specified phase and error (0.395448ms)
✔ Sub-positive executes the specified value/type/work (0.182065ms)
✔ Sub-reject executes the specified phase and error (0.186231ms)
✔ Mul-positive executes the specified value/type/work (0.132318ms)
✔ Mul-reject executes the specified phase and error (0.135936ms)
✔ FloorDiv-positive executes the specified value/type/work (0.123023ms)
✔ FloorDiv-reject executes the specified phase and error (0.131102ms)
✔ CeilDiv-positive executes the specified value/type/work (0.1214ms)
✔ CeilDiv-reject executes the specified phase and error (0.343689ms)
✔ Eq-positive executes the specified value/type/work (0.29257ms)
✔ Eq-reject executes the specified phase and error (0.526533ms)
✔ Lt-positive executes the specified value/type/work (0.161203ms)
✔ Lt-reject executes the specified phase and error (0.396706ms)
✔ Lte-positive executes the specified value/type/work (0.143793ms)
✔ Lte-reject executes the specified phase and error (0.120263ms)
✔ Gt-positive executes the specified value/type/work (0.195427ms)
✔ Gt-reject executes the specified phase and error (0.122204ms)
✔ Gte-positive executes the specified value/type/work (0.123786ms)
✔ Gte-reject executes the specified phase and error (0.120925ms)
✔ Not-positive executes the specified value/type/work (0.161835ms)
✔ Not-reject executes the specified phase and error (0.122458ms)
✔ And-short-circuit-positive-v1 executes the specified value/type/work (0.283205ms)
✔ And-reject executes the specified phase and error (0.778328ms)
✔ Or-short-circuit-positive-v1 executes the specified value/type/work (0.229847ms)
✔ Or-reject executes the specified phase and error (0.493672ms)
✔ all forty positive/rejection pairs have an executable materialization (0.262704ms)
✔ ReadLocal-positive: preceding Let supplies immutable y=11 (0.528245ms)
✔ ReadLocal-reject: missing z after a valid earlier binder rejects statically (4.8088ms)
✔ ReadPre-positive: post read sees staged x11 only inside Ensure (0.812836ms)
✔ ReadPre-reject: next view remains statically forbidden (0.354592ms)
✔ Require-positive: true consumes two nodes and changes no frame (0.858274ms)
✔ Require-reject: false consumes two nodes then rejects (0.429335ms)
✔ Let-positive: binding is evaluated against pre then observed by Ensure (2.54458ms)
✔ Let-reject: argument collision prevents reduction (0.426987ms)
✔ NextWrite-positive: prefix Let2 then NextWrite2 stages x11 (2.4022ms)
✔ NextWrite-reject: complete action typing rejects Bool before prefix work (0.612732ms)
✔ Ensure-positive: prefix NextWrite2 then Ensure4 checks x11 (0.25807ms)
✔ Ensure-reject: work includes staging but no staged state escapes (0.820658ms)
✔ Emit-positive: append a descriptor, with no financial effects (0.372113ms)
✔ Emit-reject: unknown operation rejects before reduction (0.214492ms)
✔ schema rejection follows ASCII identifier order rather than locale collation (3.817837ms)
✔ returned type arrays cannot change the schema of a later evaluation (14.673943ms)
✔ the versioned expression API exists independently of funded preparation (1.359174ms)
✔ BC1-truth-and-false-false: actual execution (6.661256ms)
✔ BC1-truth-and-false-true: actual execution (0.395343ms)
✔ BC1-truth-and-true-false: actual execution (1.041782ms)
✔ BC1-truth-and-true-true: actual execution (0.313995ms)
✔ BC1-truth-or-false-false: actual execution (0.721164ms)
✔ BC1-truth-or-false-true: actual execution (0.507711ms)
✔ BC1-truth-or-true-false: actual execution (0.378719ms)
✔ BC1-truth-or-true-true: actual execution (0.376819ms)
✔ BC1-skip-and-denominator: actual execution (6.351278ms)
✔ BC1-skip-or-denominator: actual execution (0.500898ms)
✔ BC1-selected-and-denominator: actual execution (0.553064ms)
✔ BC1-selected-or-denominator: actual execution (0.305436ms)
✔ BC1-left-and-denominator: actual execution (1.503797ms)
✔ BC1-left-or-denominator: actual execution (0.40748ms)
✔ BC1-dead-and-unknown-name: actual execution (0.353478ms)
✔ BC1-dead-and-wrong-type: actual execution (0.21057ms)
✔ BC1-dead-or-unknown-name: actual execution (3.915978ms)
✔ BC1-dead-or-wrong-type: actual execution (0.238096ms)
✔ BC1-dead-literal-domain: actual execution (0.231428ms)
✔ BC1-dead-missing-snapshot: actual execution (0.39132ms)
✔ BC1-dead-wrong-snapshot-shape: actual execution (0.767157ms)
✔ BC1-dead-snapshot-domain: actual execution (0.517299ms)
✔ BC1-work0-and: actual execution (5.162777ms)
✔ BC1-work1-and: actual execution (0.221984ms)
✔ BC1-work2-skip-and: actual execution (0.149329ms)
✔ BC1-work2-select-and: actual execution (0.153305ms)
✔ BC1-work0-or: actual execution (0.160525ms)
✔ BC1-work1-or: actual execution (0.157458ms)
✔ BC1-work2-skip-or: actual execution (0.656783ms)
✔ BC1-work2-select-or: actual execution (0.342149ms)
✔ BC1-nested-selected-error: actual execution (1.038162ms)
✔ BC1-nested-work-exhaustion: actual execution (0.243173ms)
✔ BC1-nested-skip: actual execution (0.226118ms)
✔ BC1-corner-nested-left-selected: actual execution (1.058213ms)
✔ BC1-corner-parent-equality: actual execution (0.813209ms)
✔ BC1-action-dead-require-name: actual execution (0.373601ms)
✔ BC1-action-dead-ensure-name: actual execution (0.209926ms)
✔ BC1-action-later-static-before-guard: actual execution (0.245879ms)
✔ BC1-action-require-skip-false: actual execution (1.888655ms)
✔ BC1-action-ensure-skip-false: actual execution (4.469641ms)
✔ BC1-action-require-ensure-success: actual execution (0.634704ms)
✔ BC1-source-selected-denominator: actual execution (0.419296ms)
✔ BC1-source-selected-work-exhaustion: actual execution (0.201019ms)
✔ BC1-source-parent-guard-span: actual execution (0.259261ms)
✔ BC1-dead-invalid-source-span: actual execution (0.168242ms)
✔ BC1-source-unicode-work-span: actual execution (0.173375ms)
✔ BC1-dead-core-bound: actual execution (6.285324ms)
✔ BC1-direct-denominator: actual execution (0.235942ms)
✔ agreement /2 check and format use no schema or action and match the API (852.938202ms)
✔ agreement /2 simulate requires --action and equals the API including the action field (404.607487ms)
✔ agreement /2 continuation simulate uses first post, financialPost and remaining work (667.991953ms)
✔ agreement /2 CLI writes semantic rejection to stderr with empty stdout (353.191615ms)
✔ /2 rejects --schema and --action on check/format; /1 and older profiles reject --action (2472.628904ms)
✔ agreement /2 simulate retains snapshot and repayment-state transport limits (1557.985586ms)
✔ /1 simulate and older profiles stay unchanged and omit the /2 action field (1255.137229ms)
✔ agreement /3 check and format use no schema or action and match the API (1004.665542ms)
✔ agreement /3 simulate requires --action and equals the API including the action field (385.400085ms)
✔ agreement /3 continuation simulate uses remaining work and complete financialPost (620.891163ms)
✔ agreement /3 CLI writes semantic rejection to stderr with empty stdout (302.750129ms)
✔ /3 rejects --schema and --action on check/format; /2 stays on its form (1484.1666ms)
✔ state admission rejection is kernel-shaped on the CLI (391.882327ms)
✔ agreement /4 check and format use no schema or action and match the API (788.503087ms)
✔ agreement /4 simulate requires --action and equals the API including the action field (294.7715ms)
✔ agreement /4 CLI writes semantic rejection to stderr with empty stdout (450.192219ms)
✔ /4 rejects --schema and --action on check/format; /3 stays on its form (1381.510027ms)
✔ agreement /5 check and format use no schema or action and match the API (840.130999ms)
✔ agreement /5 simulate requires --action and equals the API (341.503481ms)
✔ /5 rejects --schema; /4 stays on its form (556.357991ms)
✔ agreement check and format use no schema and match the API (1104.025348ms)
✔ agreement simulate CLI equals the API and the schema-based funded example (342.116936ms)
✔ agreement CLI writes semantic rejection to stderr with empty stdout (343.963306ms)
✔ new profile rejects --schema and old profiles reject the schema-free forms (2183.709593ms)
✔ agreement simulate retains snapshot and repayment-state transport limits (1424.73059ms)
✔ old-profile simulate, check and format stay unchanged (855.491195ms)
✔ factory exposes source plus mandatory action name and does not take schema or AST (1.239937ms)
✔ parser accepts multiple actions under the distinct /2 profile (4.689011ms)
✔ elaborate and check return per-action artifacts in source order without an aggregate bound (36.189445ms)
✔ evaluate requires a primitive selector even for one /2 action (20.823904ms)
✔ malformed selectors reject SOURCE_ACTION_NAME with a synthetic span (66.825774ms)
✔ unknown, case-mismatched and prototype names reject SOURCE_ACTION_UNKNOWN (39.586657ms)
✔ zero, duplicate and colliding actions reject at the offending declaration (0.902607ms)
✔ static errors in an unselected action reject before selector handling (4.886915ms)
✔ well-typed unselected runtime guards do not execute (5.613054ms)
✔ parameters and locals may reuse names across actions, including different types (15.279648ms)
✔ references to another action binding reject during that action check (3.021257ms)
✔ runtime snapshots require exactly the selected Args (12.48954ms)
✔ selected result and work are independent of unselected action order and extra well-typed actions (20.385772ms)
✔ fixture repay30 then installment20 leaves50 with complete continuation projection (14.229848ms)
✔ protected bindings, funding, guard, ensure and work failures still reject (18.952461ms)
✔ later-action diagnostics keep original UTF-8 spans after comments and Unicode (7.346831ms)
✔ evaluate compiles fresh and never consumes returned Core (19.334207ms)
✔ format is idempotent and simulation-equivalent (17.228642ms)
✔ /1 signatures, exactly-one-action rejection and old profiles stay unchanged (12.831307ms)
✔ static source failures reject before snapshot-dependent work and keep transport bounds (14.238843ms)
✔ factory exposes /3 source plus mandatory action name and does not take schema or AST (1.259076ms)
✔ parser accepts six generic reads under the distinct /3 profile (6.471536ms)
✔ elaborate and check return /3 profile and Core contract /2 (48.288034ms)
✔ fixture repay 30 then 20 then remaining 50 settles with unrelated rows preserved (50.464847ms)
✔ all six reads return typed kernel pre-state and never default missing to zero (24.124206ms)
✔ dynamic Text identities and settled zero outstanding remain readable (5.372595ms)
✔ ordinary Pre/Obs cannot supply financial values (21.853223ms)
✔ invalid state is admitted before false guards and missing lookups (17.252813ms)
✔ malformed unselected action beats selector and runtime inputs (10.013709ms)
✔ unknown unit or asset is TYPE_NAME even in an unselected action (2.381109ms)
✔ non-Text identity is TYPE_MISMATCH and extra type arguments reject (3.22174ms)
✔ canonical /3 grammar spells financialRead with typeArgs (0.175955ms)
✔ runtime identifier and denomination failures keep the read span (26.886637ms)
✔ exact (party, asset) lookup is not first-match-by-unit (7.667851ms)
✔ Quantity 2^127-1 reads and 2^127 rejects ARITH_RANGE; Amount permits UInt128 max (9.711352ms)
✔ short-circuit skips runtime lookup while static checking still visits the branch (14.514909ms)
✔ repeated reads before and after emit see the same financial pre-state (6.977076ms)
✔ interest-first control discharges accrued before principal (9.240994ms)
✔ atomic funding faults publish no posts or effects (29.42714ms)
✔ work: E+N succeeds exactly, expression exhaustion and kernel shortfall differ (57.004146ms)
✔ selected Args must match the action; extra nominal on repay_remaining rejects (22.981974ms)
✔ new intrinsic names remain legal in /2 and are reserved in /3 (6.404658ms)
✔ /1 and /2 public contracts stay closed and reject /3 profile text (0.624529ms)
✔ historical 100-work fixture remains usable by /2 and is not rewritten (16.483573ms)
✔ format is idempotent for /3 (28.162439ms)
✔ evaluate compiles fresh and does not consume returned Core or mutated state (34.364877ms)
✔ lookup positions 1 and 128 and case-sensitive identities (26.61435ms)
✔ factory exposes /4 source plus mandatory action name and does not take schema or AST (8.989868ms)
✔ parser accepts six post reads under the distinct /4 profile (7.941319ms)
✔ elaborate and check return /4 profile and Core contract /3 (57.597568ms)
✔ independent repay_remaining constructors are prefix 41, ordinary ensure 6, Quantity 5, Amount 6, bound 80 (20.637454ms)
✔ example repay_remaining settles with exact work 82 and six post observations (31.859915ms)
✔ spendable 82 succeeds remaining 0 reserve 16; 81 late work failure; 43 first ensure; 42 kernel (82.186141ms)
✔ false first financial ensure workUsed 54; false last 82; preexisting spent 17 persists (40.663399ms)
✔ unprefixed reads keep PRE meaning; locals captured before kernel stay 100 (13.121013ms)
✔ post reads are illegal in requires, let, next, emit, including dead branches (31.317611ms)
✔ skipped suffix post read is not charged and does not look up; static still visits (28.770301ms)
✔ kernel failure precedes a false ensure under /4; /3 keeps ensure-before-kernel (26.961526ms)
✔ empty descriptor action with false ensure is EMPTY_BATCH before suffix (2.693416ms)
✔ transfer-only batch is legal; post reads see created receiver and unchanged debt (8.946375ms)
✔ missing candidate post rows never equal zero (24.762458ms)
✔ exact newline identity, invalid units, signed128 quantity overflow and full U128 Amount (57.443758ms)
✔ complete kernel state admission and work mismatch beat suffix (10.086367ms)
✔ unselected ill-typed action beats selector and runtime inputs (1.493001ms)
✔ atomic funding and repay failures publish no posts, effects or new IDs (20.318712ms)
✔ old profiles keep post_* as legal identifiers and reject new constructors (2.08315ms)
✔ source, Core /3 and unchanged input retry agree; mutated elaborated Core cannot influence evaluate (40.847077ms)
✔ format is idempotent for /4 and preserves evaluation (18.374705ms)
✔ /2 stays closed and historical 100-work fixture is not rewritten (3.16965ms)
✔ factory exposes /5 plus Core /4 and does not export a resumable prefix (1.086533ms)
✔ parser accepts nested record constructors and u64 literals (15.71034ms)
✔ elaborate and check bind four protected operations structurally (30.53021ms)
✔ source consumer originates, accrues and repays through the real kernel (45.975251ms)
✔ example file check and evaluate match the API (21.104132ms)
✔ structural binding rejects missing Accrue, Quantity/Amount mix and UInt128 period fields (4.569478ms)
✔ Accrue against a different denomination rejects NOMINAL_UNIT (17.638098ms)
✔ /4 profile still rejects Originate and keeps Core /3 (1.735046ms)
✔ false ensure after origination publishes no IDs or debit (11.367065ms)
✔ factory exposes only source/snapshot/state strings and does not take schema or AST (1.391487ms)
✔ parser emits distinct uninitialized state, record and operation declarations (2.684364ms)
✔ generated schema equals the existing funded example schema canonically (18.192567ms)
✔ same action, snapshots and state equal the schema-based funded adapter result and work (38.86236ms)
✔ due100/pay30, interest-first P100/I10/pay7, continuation and failed funding/guard/ensure/work (39.354275ms)
✔ duplicate declarations, fields and parameters reject with original spans (4.161943ms)
✔ forward record references succeed and unknown or cyclic records reject (6.886304ms)
✔ mixed units and altered protected operations reject at check and evaluate (9.756928ms)
✔ initialized state, const, unsupported declarations and financial reclassification reject (5.609401ms)
✔ comments, Unicode and earlier declarations preserve original source offsets (1.042616ms)
✔ format is idempotent, schema-stable and simulation-equivalent (16.114086ms)
✔ declared type and binding failures keep original UTF-8 spans on the offending form (9.269175ms)
✔ reserved metadata names keep original UTF-8 spans in every source namespace (1.612465ms)
✔ operation and nested collection cycles keep referring TypeNode spans (9.166344ms)
✔ compound-invalid parameter faults reject before protected binding on check, elaborate and evaluate (8.841935ms)
✔ static source failures reject before snapshot-dependent work (0.257828ms)
✔ transport bounds and old-profile source regressions stay unchanged (7.016745ms)
✔ Core /2 factory arity and contract name stay distinct from /1 (1.303962ms)
✔ static check of a financial read does not require live state (3.282088ms)
✔ evaluate without financial context rejects FINANCIAL_CONTEXT_REQUIRED (0.768285ms)
✔ six read constructors type and reduce against validated pre-state (7.668756ms)
✔ a read plus Text literal costs two reductions (1.055011ms)
✔ Core /1 rejects new constructors even in an unselected branch (2.644991ms)
✔ Core /2 request remains closed and ignores caller Pre for financial reads (0.534344ms)
✔ unknown generic and non-Text identity are static (2.339426ms)
✔ runtime missing, invalid id, unit mismatch and range keep the read node (2.37008ms)
✔ short-circuit And/Or does not reduce the skipped read (0.979989ms)
✔ action statements still type-check every read including Ensure (1.571125ms)
✔ bound factory validates financial state itself and does not accept objects (0.437861ms)
✔ Core /2 malformed and duplicate state use expression rejection fields, not kernel actionIndex (0.283877ms)
✔ Core /3 staging continuation is not a public module export (0.954039ms)
✔ Core /3 factory arity and contract name stay distinct from /1 and /2 (0.605978ms)
✔ static check of a post read in Ensure does not require live state (13.533483ms)
✔ post reads outside Ensure including dead branches reject TYPE_POST_SCOPE at the original node (1.674655ms)
✔ integrated evaluate of a standalone expression rejects TYPE_ACTION_REQUIRED after static admission (0.910384ms)
✔ valid action without financial context rejects FINANCIAL_CONTEXT_REQUIRED after typing (5.961534ms)
✔ missing-context rejections own nodePath across calls and separate factories (0.903391ms)
✔ invalid action Core beats missing context (0.323784ms)
✔ closed request rejects extra fields, financialPost, callbacks and object state (0.88099ms)
✔ Core /3 state-admission faults keep the kernel envelope, unlike Core /2 (5.764564ms)
✔ Core /3 work mismatch is bare and precedes snapshot domain errors (0.558357ms)
✔ Core /3 newline identity uses a full-string check; old Core /2 keeps dollar-anchor behavior (10.519219ms)
✔ old Core /1 and /2 reject ReadPost constructors including dead branches (4.332979ms)
✔ source /4 and Core /3 evaluate the same remaining action to identical funded results (65.68963ms)
✔ Core /3 EMPTY_BATCH is not converted into ordinary-only success (0.653931ms)
✔ Core /4 staging continuation is not a public module export (2.020053ms)
✔ Core /4 factory arity stays distinct from /3 (0.220511ms)
✔ check needs no financial state; evaluate without state is FINANCIAL_CONTEXT_REQUIRED (6.812557ms)
✔ extra request fields including financialPost reject INPUT_SCHEMA (2.565287ms)
✔ integrated Core /4 originate then post-read uses lifecycle state (16.003108ms)
✔ source /5 and Core /4 share the funded result shape (0.405353ms)
✔ financial parser has gated punctuation, generic names, arities and unchanged old catalogs (7.652302ms)
✔ financial source enforces lexical metadata roles and profile-local name domains (13.045213ms)
✔ financial schema variants retain distinct payloads, cycles and 128-case bound (19.884462ms)
✔ financial collections and action parameters retain 128 and 256 bounds (41.63486ms)
✔ financial source conditional depth, tokens and source bounds remain bounded (3.437336ms)
✔ financial source literals and dynamic constructors keep distinct nodes and charges (58.175482ms)
✔ financial source UInt256 boundaries and explicit narrowing retain exact errors (7.837368ms)
✔ financial dynamic amount/share endpoints and child-entry work remain explicit (14.472294ms)
✔ financial direct Emit preserves a conditional record operand and selected work (3.712521ms)
✔ financial source lazy Select checks both arms and charges only selected nodes (14.237615ms)
✔ financial source variants/options project exact payloads and reject wrong cases (9.575097ms)
✔ financial source indexed arithmetic uses exact price/rate and literal scale rules (8.112226ms)
✔ financial source formatter preserves conditional AST association and exact Core (10.647693ms)
✔ financial source names are profile-local and original source/1 stays unchanged (5.129268ms)
✔ financial runtime additive check never evaluates or requires typed snapshots (3.505977ms)
✔ one actual .mori fixture elaborates and evaluates all48 constructors (17.939806ms)
✔ financial source exposes every new indexed type recursively without host aliases (5.231944ms)
✔ financial source scalar projections follow the complete closed overload table (12.268147ms)
✔ financial source selected failure rolls back prior writes and descriptors with real byte paths (4.80064ms)
✔ financial source exact new-node spans, metadata operands and arity failures (15.81598ms)
✔ financial source transport/ownership and phase priorities preserve source/1 contract (3.896453ms)
✔ financial source independent vault equation: deposit-round-down (2.042163ms)
✔ financial source independent vault equation: mint-round-up (1.88991ms)
✔ financial source independent vault equation: withdraw-round-up (1.717873ms)
✔ financial source independent vault equation: redeem-round-down (1.798167ms)
✔ financial source independent vault equation: deposit-max-domain-product (3.863502ms)
✔ financial source independent vault equation: mint-max-domain-product (1.574976ms)
✔ financial source independent vault equation: withdraw-max-domain-product (3.475245ms)
✔ financial source independent vault equation: redeem-max-domain-product (3.113991ms)
✔ financial source independent vault equation: deposit-result-overflow (4.321838ms)
✔ financial source independent vault equation: mint-result-overflow (1.292514ms)
✔ financial source independent vault equation: withdraw-result-overflow (2.44396ms)
✔ financial source independent vault equation: redeem-result-overflow (2.929495ms)
✔ financial source independent vault equation: deposit-small-zero-rounding (5.482169ms)
✔ financial source independent vault equation: withdraw-small-rounding (2.635858ms)
✔ financial source independent vault equation: mint-small-rounding (1.494808ms)
✔ financial source independent vault equation: redeem-small-zero-rounding (2.236254ms)
✔ financial source independent vault equation: zero-supply-needs-explicit-rule (2.365822ms)
✔ financial source independent vault equation: zero-valuation-needs-explicit-rule (1.69166ms)
✔ financial source independent vault equation: deposit-zero-quantity-arithmetic (4.673358ms)
✔ financial source independent vault equation: input-overflow-before-division (1.938205ms)
✔ LitUInt-positive executes the specified value/type/work (7.647481ms)
✔ LitUInt-reject executes the specified phase and error (0.586444ms)
✔ LitSInt-positive executes the specified value/type/work (0.400615ms)
✔ LitSInt-reject executes the specified phase and error (0.275226ms)
✔ LitBool-positive executes the specified value/type/work (0.324263ms)
✔ LitBool-reject executes the specified phase and error (0.408185ms)
✔ LitText-positive executes the specified value/type/work (2.865271ms)
✔ LitText-reject executes the specified phase and error (0.966565ms)
✔ LitAmount-positive executes the specified value/type/work (1.032043ms)
✔ LitAmount-reject executes the specified phase and error (0.919374ms)
✔ LitQuantity-positive executes the specified value/type/work (2.126237ms)
✔ LitQuantity-reject executes the specified phase and error (0.611497ms)
✔ LitShares-positive executes the specified value/type/work (0.287596ms)
✔ LitShares-reject executes the specified phase and error (0.195027ms)
✔ LitRate-positive executes the specified value/type/work (0.194583ms)
✔ LitRate-reject executes the specified phase and error (0.38789ms)
✔ LitPrice-positive executes the specified value/type/work (0.80716ms)
✔ LitPrice-reject executes the specified phase and error (0.307198ms)
✔ ReadArg-positive executes the specified value/type/work (0.560582ms)
✔ ReadArg-reject executes the specified phase and error (4.513853ms)
✔ ReadObs-positive executes the specified value/type/work (0.770509ms)
✔ ReadObs-reject executes the specified phase and error (0.160301ms)
✔ ProjectField-positive executes the specified value/type/work (2.716733ms)
✔ ProjectField-reject executes the specified phase and error (0.349107ms)
✔ AccessField-positive executes the specified value/type/work (0.247299ms)
✔ AccessField-reject executes the specified phase and error (0.167238ms)
✔ ProjectIndex-positive executes the specified value/type/work (0.38228ms)
✔ ProjectIndex-reject executes the specified phase and error (0.301551ms)
✔ AccessIndex-positive executes the specified value/type/work (0.279404ms)
✔ AccessIndex-reject executes the specified phase and error (0.294612ms)
✔ ConstructRecord-positive executes the specified value/type/work (0.371931ms)
✔ ConstructRecord-reject executes the specified phase and error (0.391226ms)
✔ ConstructEnum-positive executes the specified value/type/work (0.306058ms)
✔ ConstructEnum-reject executes the specified phase and error (0.352958ms)
✔ ConstructSome-positive executes the specified value/type/work (0.295093ms)
✔ ConstructSome-reject executes the specified phase and error (0.276068ms)
✔ ConstructNone-positive executes the specified value/type/work (2.30365ms)
✔ ConstructNone-reject executes the specified phase and error (0.227669ms)
✔ ConstructCollection-positive executes the specified value/type/work (0.664446ms)
✔ ConstructCollection-reject executes the specified phase and error (0.550115ms)
✔ Add-positive executes the specified value/type/work (3.526682ms)
✔ Add-reject executes the specified phase and error (0.501709ms)
✔ Sub-positive executes the specified value/type/work (0.189873ms)
✔ Sub-reject executes the specified phase and error (0.159901ms)
✔ Mul-positive executes the specified value/type/work (0.128799ms)
✔ Mul-reject executes the specified phase and error (0.128804ms)
✔ FloorDiv-positive executes the specified value/type/work (0.117341ms)
✔ FloorDiv-reject executes the specified phase and error (0.144123ms)
✔ CeilDiv-positive executes the specified value/type/work (0.124584ms)
✔ CeilDiv-reject executes the specified phase and error (0.239106ms)
✔ Eq-positive executes the specified value/type/work (0.133793ms)
✔ Eq-reject executes the specified phase and error (0.118025ms)
✔ Lt-positive executes the specified value/type/work (0.118584ms)
✔ Lt-reject executes the specified phase and error (0.443831ms)
✔ Lte-positive executes the specified value/type/work (0.186958ms)
✔ Lte-reject executes the specified phase and error (0.343369ms)
✔ Gt-positive executes the specified value/type/work (0.234341ms)
✔ Gt-reject executes the specified phase and error (0.340551ms)
✔ Gte-positive executes the specified value/type/work (0.244603ms)
✔ Gte-reject executes the specified phase and error (0.202065ms)
✔ Not-positive executes the specified value/type/work (0.258653ms)
✔ Not-reject executes the specified phase and error (0.201055ms)
✔ And-short-circuit-positive-v1 executes the specified value/type/work (0.188889ms)
✔ And-reject executes the specified phase and error (0.216513ms)
✔ Or-short-circuit-positive-v1 executes the specified value/type/work (0.17811ms)
✔ Or-reject executes the specified phase and error (0.195873ms)
✔ all forty positive/rejection pairs have an executable materialization (0.225307ms)
✔ ReadLocal-positive: preceding Let supplies immutable y=11 (7.531623ms)
✔ ReadLocal-reject: missing z after a valid earlier binder rejects statically (0.56461ms)
✔ ReadPre-positive: post read sees staged x11 only inside Ensure (0.56728ms)
✔ ReadPre-reject: next view remains statically forbidden (0.29159ms)
✔ Require-positive: true consumes two nodes and changes no frame (0.242926ms)
✔ Require-reject: false consumes two nodes then rejects (1.009639ms)
✔ Let-positive: binding is evaluated against pre then observed by Ensure (0.750793ms)
✔ Let-reject: argument collision prevents reduction (0.649036ms)
✔ NextWrite-positive: prefix Let2 then NextWrite2 stages x11 (0.40575ms)
✔ NextWrite-reject: complete action typing rejects Bool before prefix work (0.547264ms)
✔ Ensure-positive: prefix NextWrite2 then Ensure4 checks x11 (0.53673ms)
✔ Ensure-reject: work includes staging but no staged state escapes (1.308014ms)
✔ Emit-positive: append a descriptor, with no financial effects (0.705071ms)
✔ Emit-reject: unknown operation rejects before reduction (0.282502ms)
✔ retained exact vault body has56 nodes and full reference Sigma is admitted (39.921205ms)
✔ independent vault oracle: deposit-round-down (39.817377ms)
✔ independent vault oracle: mint-round-up (21.72616ms)
✔ independent vault oracle: withdraw-round-up (35.527873ms)
✔ independent vault oracle: redeem-round-down (30.376341ms)
✔ independent vault oracle: deposit-max-domain-product (34.515002ms)
✔ independent vault oracle: mint-max-domain-product (25.153328ms)
✔ independent vault oracle: withdraw-max-domain-product (34.621974ms)
✔ independent vault oracle: redeem-max-domain-product (12.838408ms)
✔ independent vault oracle: deposit-result-overflow (8.871638ms)
✔ independent vault oracle: mint-result-overflow (10.019308ms)
✔ independent vault oracle: withdraw-result-overflow (7.636219ms)
✔ independent vault oracle: redeem-result-overflow (7.457176ms)
✔ independent vault oracle: deposit-small-zero-rounding (13.774043ms)
✔ independent vault oracle: withdraw-small-rounding (13.616597ms)
✔ independent vault oracle: mint-small-rounding (11.821439ms)
✔ independent vault oracle: redeem-small-zero-rounding (12.349163ms)
✔ independent vault oracle: zero-supply-needs-explicit-rule (6.279697ms)
✔ independent vault oracle: zero-valuation-needs-explicit-rule (7.459753ms)
✔ independent vault oracle: deposit-zero-quantity-arithmetic (14.572963ms)
✔ independent vault oracle: input-overflow-before-division (5.760716ms)
✔ unprotected body itself does not claim initialized-domain rejection (15.782321ms)
✔ explicit UInt256 conversion evaluates a full-domain UInt128 product (10.741994ms)
✔ Select uses actual selected-node work while checking both branches (4.372661ms)
✔ ConstructAmount and ConstructShares require exact UInt128 and fixed identities (6.144625ms)
✔ Variant introduction and exact projection retain payload asset and node work (4.283771ms)
✔ Variant values and schemas reject wrong cases, duplicate payloads and cycles (2.320495ms)
✔ ProjectSome distinguishes None and preserves child failure and work (0.687018ms)
✔ UInt256 boundaries and explicit narrowing have distinct static and dynamic errors (6.854174ms)
✔ ScalarValue has only the approved component/type overloads (1.860329ms)
✔ NetAmount exact symmetric domain does not narrow to signed128 (1.325694ms)
✔ Amount products preserve dimensions and allow a full UInt128-square quotient (5.51284ms)
✔ AMM expression retains floor19743 and ceil19744 without a financial effect (3.539624ms)
✔ Price direction and literal scale divisor are statically bound (0.916251ms)
✔ negative rates use signed256 and Euclidean rounding, not unsigned cash (0.795542ms)
✔ Select preserves skipped dynamic errors, but rejects skipped static errors and unit mismatch (0.730999ms)
✔ new failures retain actual parent or child source spans (0.336383ms)
✔ new schema validates every named type and simultaneous global bounds (37.128898ms)
✔ complete parser rejects comments, plain division, chained comparison, trailing input and unknown syntax (11.754848ms)
✔ canonical codec uses ASCII key order, preserves scalar text, and rejects alternative bytes (0.99915ms)
✔ UTF8 spans and erased parentheses retain independent literal span (21.44948ms)
✔ typing rejects forward values, duplicate state writes, wrong actors and nominal units (19.833344ms)
✔ both complete supplied programs produce deterministic full AST, typed annotations, Core and hashes (173.074231ms)
✔ precedence, left association, floor numerator preorder and per-statement IDs are exact (3.516429ms)
✔ unit algebra produces ordered Quantity vectors and cancels exactly without erasing nominal amounts (3.531453ms)
✔ policies reject missing, duplicate, wrong-unit, future and nonfinancial bindings (47.238196ms)
✔ explicit reserve rules are generic, hash-bound, and require the exact structural guard (100.289066ms)
✔ settlements, statuses and exact effect schemas reject malformed records (32.425651ms)
✔ every aggregate encoding and action shape limit is enforced jointly (109.13144ms)
✔ canonical codec rejects sparse, decorated and accessor containers (0.692378ms)
✔ profile-valid redundant parentheses exceed128 without consuming semantic depth (56.875163ms)
✔ public frontend returns one closed diagnostic at earliest stage with exact fields (2.737556ms)
✔ independent stage6 errors select smallest source span, including earlier policies (8.079028ms)
✔ validated canonical record decoding requires a schema validator (0.712051ms)
✔ semantic depth boundary16 accepts and17 rejects with PROGRAM_BOUNDS (11.168826ms)
✔ both example hashes and canonical full records retain audited materialization bytes (72.673373ms)
✔ internal nonadmitted configuration isolates typed versus manifest bounds; public APIs reject overrides (8.525153ms)
✔ malformed settlement literal kinds are stage4 declaration errors after complete syntax (5.000962ms)
✔ settlement wrong shape wins before semantic errors while valid shapes reach stage6 (7.495517ms)
✔ keyword misuse is syntax stage3, reserved tokens are lexical stage2, with numeric stage priority (3.933161ms)
✔ Const State Episode and guard literals preserve schema-versus-typing distinctions (9.725851ms)
✔ loan and swap policies may follow all actions with complete-table metadata resolution (533.601992ms)
✔ policies after actions retain stage6 invalid-target and invalid-rounding controls (49.77191ms)
✔ unexpected astral source characters have exact complete-scalar UTF8 lexical spans (0.739017ms)
✔ SP01 frontend premature episode status keeps NAME_RESOLUTION before later guard mismatch (2.734503ms)
✔ SP01 frontend premature notional status keeps NAME_RESOLUTION before later guard mismatch (1.127574ms)
✔ SP01 frontend policy effect ordinal overflow is UINT_RANGE at the target span (5.921357ms)
✔ SP01 frontend earlier guard TYPE_MISMATCH beats later overflowing policy ordinal (1.145322ms)
✔ SP01 frontend earlier uncovered Amount write beats later overflowing policy ordinal (0.968439ms)
✔ SP01 frontend earlier uncovered emit in another action or unit beats overflowing run ordinal (1.794725ms)
✔ SP01 frontend earlier invalid write target beats overflowing effect target in the same policy (1.059427ms)
✔ funded simulate CLI equals the adapter and includes initial ordinary and financial state (388.65887ms)
✔ funded simulate CLI writes semantic rejection to stderr with empty stdout (305.597645ms)
✔ repayment-state is rejected for the original profile, check, format and reordered flags (1478.172392ms)
✔ funded simulate CLI retains repayment-state transport limits and malformed JSON (1203.166139ms)
✔ pure simulate, check and format stay unchanged without repayment-state (915.439446ms)
✔ published expression-funded-payment example runs through the normal CLI (504.226205ms)
✔ computed due100/pay30 publishes ordinary post, cash, principal and allowance together (34.161617ms)
✔ AccrualFirst P100/I10/pay7 discharges accrued first and leaves residual duty (15.071331ms)
✔ arithmetic changes the Transfer amount and a failing equality guard rejects Repay (7.235951ms)
✔ failed guard or ensure after staged write or emission returns rejection only (4.210962ms)
✔ overflow, negative nominal, wrong units, unsupported operations, missing and repeated funding reject atomically (21.826657ms)
✔ work is exact at E+N, one unit short rejects, prior spent is kept and reserve is unchanged (10.813331ms)
✔ multiple allocations share one transfer decreasing funding (4.49508ms)
✔ second invocation preserves prior spent, IDs, unrelated state and residual duties (9.803173ms)
✔ workInitial must equal remaining, financial schema fields are rejected, and empty batches never reach the kernel (4.330799ms)
✔ adapter owns parsed JSON only and does not publish on malformed state or hostile accessors (0.489192ms)
✔ source /4 public evaluate still typechecks a Transfer/Repayment-only effect switch (751.436189ms)
✔ source /5 public evaluate is a distinct lifecycle result: Transfer/Repayment-only switch fails (794.62329ms)
✔ checked-in source /4 exhaustive consumer matches the live public factory (0.32576ms)
✔ lifecycle corpus consumer exists (0.648932ms)
✔ frozen source sha is unchanged (0.409958ms)
✔ offline corpus elaborates whole source, chains Core, and does not execute K (550.064618ms)
✔ comparator rejects debt-split and history mutations (181.476457ms)
✔ coverage inventory lists unsupported Core/4 constructors as open boundaries (0.347564ms)
✔ offline npm command reports K not executed (616.340974ms)
✔ loan-lifecycle source checks four actions and frozen constructor counts (73.618597ms)
✔ complete source lifecycle matches the independent oracle with actual predecessor posts (82.351914ms)
✔ named kernel and source failures publish no candidate and preserve the predecessor (279.70226ms)
✔ exact work W succeeds remaining 0; W-1, prefix+N-1 and prefix+N reject without output (423.134961ms)
✔ ordinary phase offset survives every stage and unrelated obligation histories append (87.620834ms)
✔ malformed unrelated allowance is admission rejection, not a lifecycle continuation (11.317916ms)
✔ demo captures actual inputs, duplicate accrual and failed settled payment (155.384596ms)
✔ example import has no command or stream side effects (213.604769ms)
✔ CLI check, format and originate simulate match the public API (1210.671666ms)
✔ generic mapper compiles full loan and swap functions and matches all state/effect operands for four transitions (2168.582322ms)
✔ every supplied arithmetic hint is constrained; minOut, actor, state order and lifecycle changes reject (1351.187243ms)
✔ unsupported text and short-circuit forms fail closed, while numeric-looking Text remains nominal (27.787261ms)
✔ dynamic compiled overflow is rejected before a later fitting division (462.597095ms)
✔ source map covers every Core expression and numeric unit metadata survives lowering (48.225326ms)
✔ test-only snapshot harness compiles ZKIR and records complete kernel result without mutating failed input state (1178.609978ms)
✔ root README embeds the complete canonical agreement-source /5 grammar without drift (1.593629ms)
✔ loan accrual and settlement preserve all fields and obligation tombstones (225.670218ms)
✔ swap and close read state and capture effects in source order (136.231496ms)
✔ actionHash binds changed min_out even with identical resulting writes and effects (123.059164ms)
✔ missing backend and client boolean claims cannot produce accepted Complete (28.269892ms)
✔ checked arithmetic rejects overflow BEFORE division, subtraction underflow and zero divisor atomically (30.591798ms)
✔ short circuit execution counts visited expressions and permits Bool and Quantity locals (40.862634ms)
✔ typed input units, unknown members, nominal minOut and state tampering fail closed (300.101266ms)
✔ principal, provider, external prechecks, expiry, invariant, reserve and exhaustion reject (582.702923ms)
✔ exact plan construction is explicitly unsigned simulation, then exact matching rejects changes (283.584357ms)
✔ obligation identity, tombstones, exact amounts and transfer conservation are enforced (634.905399ms)
✔ quantum uses nominal subunits per ledger unit and rejects indivisible transfer or mismatched asset (29.043649ms)
✔ outcome gross caps include fees and never net refunds; net goals include every debit (75.411591ms)
✔ all four complete financial traces agree with retained independent legacy evaluator after documented renaming (292.395663ms)
✔ policy provenance cannot discard floor nodes, and committed action provenance resets (40.832172ms)
✔ rehashed malicious Core and source-map changes cannot substitute for source lowering (89.184547ms)
✔ all binding equalities reject independently even after recomputing affected digest wrappers (437.306261ms)
✔ backend authentication is mandatory, replay prechecks cannot be copied, and unavailable proof work cannot commit (134.101164ms)
✔ resource count body omits the entire counts member and includes every other value (66.253068ms)
✔ same-action creation and settlement preserve immutable event-time delta snapshots (15.240097ms)
✔ empty action has zero expression maxima and consumes one finite allowance (4.025835ms)
✔ original runtime hidden is rejected without normalization or executing user code (152.960062ms)
✔ original runtime symbol is rejected without normalization or executing user code (115.321298ms)
✔ original runtime prototype is rejected without normalization or executing user code (124.261765ms)
✔ original runtime getter is rejected without normalization or executing user code (91.630319ms)
✔ original runtime nested-getter is rejected without normalization or executing user code (97.147265ms)
✔ original runtime array-getter is rejected without normalization or executing user code (86.915304ms)
✔ original runtime array-prototype is rejected without normalization or executing user code (82.651296ms)
✔ original runtime proxy is rejected without normalization or executing user code (94.856808ms)
✔ loan settlement before accrual rejects at its exact source guard, adjacent ordered settlement succeeds (133.356749ms)
✔ ExactPlan rejects extra and reordered effects next to its exact accepting plan (159.333239ms)
✔ retained obligation capacity accepts 127 plus one and rejects 128 plus one, including settled identities (54.838064ms)
✔ runtime counts attain the admitted instruction/local/node bounds; the next source size rejects before execution (214.269476ms)
✔ registered RESULT_BOUNDS has an adjacent valid-input accepting boundary without custom registry limits (487.984276ms)
✔ valid false client checks are replaced, while the admitted backend tuple is deeply immutable (60.613774ms)
✔ SP01 decoder accepts canonical string, Buffer and Uint8Array as frozen inputs (20.805519ms)
✔ SP01 decoder ignores hostile shadow properties on genuine byte views (21.954494ms)
✔ SP01 decoder rejects proxies and non-byte impostors without caller code (0.736226ms)
✔ SP01 decoder rejects detached and oversized byte views by intrinsic size (0.256032ms)
✔ SP01 decoder snapshots precisely the byte view before downstream decoding (19.48723ms)
✔ SP01 decoder bounds primitive strings before any UTF8 encoding allocation (3.109573ms)
✔ SP01 decoder accepts 4096 hex signature characters and rejects 4098 (28.306177ms)
✔ SP01 decoder applies array length 128 and 129 to a schema-valid statement (24.925303ms)
✔ SP01 decoder admits exact 65536 input bytes and rejects the next byte (45.862998ms)
✔ SP01 decoder enforces depth, node, record-key and UTF8 text admission before schema (185.87041ms)
✔ SP01 decoder rejects noncanonical UTF8, JSON, schema and Unicode inputs (38.207081ms)
✔ real syntax/0 Boolean statements lower to Core and evaluate immutable pre/post (8.644965ms)
✔ wrong type in an unselected source Boolean branch rejects statically (0.966414ms)
✔ source dead branch skips dynamic division failure, selected branch retains source span (2.23454ms)
✔ source ensure failure rolls back staged writes (2.626014ms)
✔ runtime exposes static checking without requiring or executing snapshots (1.052054ms)
✔ source later static mistakes precede failed guards and snapshots (1.87379ms)
✔ UTF-8 source span survives earlier multibyte text (1.071621ms)
▶ lifecycle exports
  ✔ versions, bounds and factory arity (0.465021ms)
✔ lifecycle exports (1.097555ms)
▶ independent kernel oracle
  ✔ main trace states, effects, work and unrelated Token rows (6.30317ms)
  ✔ negative kernel cases reject without fragments (1.465484ms)
✔ independent kernel oracle (7.914167ms)
▶ result-bound fixtures
  ✔ compact oversized input rejects RESULT_BOUND; adjacent exact bound succeeds (13.201851ms)
✔ result-bound fixtures (13.348979ms)
▶ admission
  ✔ pretty-printed input and extra keys reject before execution (1.049918ms)
  ✔ closed-record and state invariant faults (1.554782ms)
  ✔ owned trees do not share mutable arrays (0.496429ms)
✔ admission (3.689175ms)
▶ originate
  ✔ consumes the entire same-step transfer once (1.028424ms)
  ✔ partial reverse-role repayment witness cannot originate (1.243059ms)
  ✔ wrong direction, amount, zero and duplicate (2.56337ms)
  ✔ malformed later action beats earlier runtime failure (0.415911ms)
  ✔ missing funding plus overflowing conversion is TRANSFER_NOT_IN_STEP (0.293134ms)
  ✔ UInt64 start overflow on Originate (0.135619ms)
✔ originate (6.059616ms)
▶ accrue
  ✔ floor, ceil, zero interest and numeric overflow (1.527079ms)
  ✔ combined error order (0.342224ms)
  ✔ cap is lifetime incurred; repayment does not restore it (0.159297ms)
  ✔ settled cannot accrue; zero rate still fails (0.125158ms)
✔ accrue (2.286288ms)
▶ legacy repayment kernel stays closed
  ✔ old prepareRepayment still rejects Originate (2.781397ms)
✔ legacy repayment kernel stays closed (2.84331ms)
▶ exports
  ✔ REPAYMENT_VERSION and immutable REPAYMENT_BOUNDS (0.945914ms)
✔ exports (2.107415ms)
▶ example fixture file
  ✔ exact compact JSON without trailing newline and accepted by prepareRepayment (4.789255ms)
  ✔ trailing newline is not a valid source (0.438611ms)
✔ example fixture file (5.52523ms)
▶ positive funded repayment
  ✔ due100 principal 100 / accrued 0, Transfer 30 then Repay 30 (2.063663ms)
  ✔ TX02 AccrualFirst P100/A10 Transfer7/Repay7 leaves P100/A3/outstanding 103 (0.4768ms)
  ✔ PrincipalFirst P100/A10 N7 discharges 93/10 (0.993709ms)
  ✔ ProRata P100/A10 N7 is floor(7*100/110)=6 so 94/9 (0.655123ms)
  ✔ two allocations 10+20 of transfer 30 to distinct obligations succeed (0.344377ms)
  ✔ same allocation id reused across two Repay actions rejects (0.451419ms)
  ✔ 20+20 against a transfer of 30 rejects the over-allocation (0.616032ms)
  ✔ exact full repayment keeps Settled tombstone; reuse of post rejects; independent second discharge works (1.270836ms)
  ✔ nominal USD_micro settled via USD_TOKEN mantissa 2 scale 0: N30 -> cash 60 (0.304587ms)
  ✔ floor conversion 4 * 3 / 10^1 = 1 remainder 2 => settlement 1 (0.287279ms)
  ✔ ceil conversion 4 * 3 / 10^1 = 1 remainder 2 => settlement 2 (0.171954ms)
  ✔ none conversion rejects 4 * 3 / 10^1 because remainder is 2 (0.128119ms)
  ✔ exact division 10 * 3 / 10^1 remainder 0 yields settlement 3 for none, floor, and ceil (0.304232ms)
  ✔ floor conversion 1 * 1 / 10^1 = 0 is dust and rejects (0.153228ms)
  ✔ none conversion 1 * 1 / 10^1 is inexact and rejects (0.137818ms)
  ✔ ceil conversion 1 * 1 / 10^1 remainder 1 yields settlement 1 (0.151131ms)
  ✔ scale 18 exact: mantissa 10^18, N 1, settlement 1 (0.12739ms)
  ✔ third-party funded repayment does not require debtor == payer (0.192615ms)
  ✔ untouched unrelated records and histories are preserved (0.216361ms)
  ✔ refund transfer does not restore the earlier sender allowance; remaining+spent is conserved (0.709223ms)
  ✔ receiver balance is appended when absent (0.366338ms)
  ✔ transfer-only candidate moves cash and spends work without touching debt (0.885905ms)
  ✔ transfer id and allocation id may share a string because namespaces are separate (0.152835ms)
  ✔ work remaining equals action count is accepted; closureReserve stays put (0.103627ms)
✔ positive funded repayment (12.006363ms)
▶ input admission
  ✔ non-string hostile values are rejected without calling coercion traps (0.236746ms)
  ✔ empty string, non-object JSON, and invalid JSON reject with actionIndex null (0.174693ms)
  ✔ lone surrogates reject before shape execution (0.094831ms)
  ✔ UTF16 length above 65536 rejects (0.039326ms)
  ✔ UTF16 length 65536 of non-JSON still admits encoding then rejects parse (2.541222ms)
  ✔ UTF8 byte length above 65536 with UTF16 length under the bound rejects (0.529935ms)
  ✔ whitespace, duplicate keys, and nonminimal number forms fail the stringify roundtrip (0.428433ms)
  ✔ JSON numeric amounts that survive stringify still fail schema (0.552177ms)
  ✔ wrong schemaVersion rejects (0.16035ms)
  ✔ unknown root, nested, action, and profile labels reject schema and do not steer the predicate (0.835273ms)
  ✔ missing closed-shape fields reject with actionIndex null (2.450193ms)
  ✔ duplicate collection identities reject with actionIndex null (0.688354ms)
  ✔ non-canonical decimals, bad identifiers, and invariant mismatches reject (1.718726ms)
  ✔ empty actions and over-capacity collections reject with actionIndex null (3.052778ms)
✔ input admission (14.34666ms)
▶ work and capacity
  ✔ insufficient ordinary work rejects before commit; closureReserve cannot pay ordinary work (0.178495ms)
  ✔ post-collection usedTransferIds capacity 128 is enforced (0.438259ms)
  ✔ appending a new receiver balance beyond 128 rejects the transfer (0.781688ms)
  ✔ usedAllocationIds at capacity 128 rejects a new allocation (0.197371ms)
✔ work and capacity (1.839179ms)
▶ transfer and repay negatives
  ✔ zero amount and self-transfer reject at the transfer index (0.290253ms)
  ✔ insufficient cash, missing sender balance, missing allowance, and insufficient cap (0.231939ms)
  ✔ missing funding, future funding, and prior-step transfer cannot fund a Repay (0.371965ms)
  ✔ wrong sender, receiver, or settlement asset rejects the Repay after a successful Transfer (0.196716ms)
  ✔ transfer 1 cannot fund nominal 20 at 1:1 (0.07657ms)
  ✔ zero nominalAmount rejects the Repay (0.062926ms)
  ✔ nominal above outstanding, Settled target, and unknown obligation reject (0.392689ms)
  ✔ allocation id already in history rejects (0.105301ms)
  ✔ duplicate transfer id in this step rejects the later transfer (0.109816ms)
  ✔ late failure after a successful Transfer returns no post or effects and leaves the source unchanged (0.116253ms)
  ✔ rejected codes are stable nonempty strings for the same source (0.458622ms)
✔ transfer and repay negatives (2.599366ms)
▶ uint128 and intermediate overflow
  ✔ uint128Max is a legal amount; uint128Max+1 is not (0.400585ms)
  ✔ crediting a receiver already at uint128Max overflows the Transfer (0.118343ms)
  ✔ ProRata intermediate N*P must fit UInt128 before division (0.119005ms)
  ✔ conversion product nominal*mantissa overflow rejects the Repay after Transfer (0.09895ms)
  ✔ work spent at uint128Max-1 with one action succeeds and writes uint128Max (0.09514ms)
✔ uint128 and intermediate overflow (0.924947ms)
✔ independent full financial result: principal-partial (12.231274ms)
✔ independent full financial result: interest-first (0.926901ms)
✔ independent full financial result: principal-first (0.544607ms)
✔ independent full financial result: full-payment (0.50527ms)
✔ independent full financial result: cross-interest-boundary (1.250905ms)
✔ independent full financial result: overfunded-transfer (5.435854ms)
✔ Core is deterministic serializable and cannot be executed as source (1.323267ms)
✔ payment arguments change both debt and cash (0.660593ms)
✔ complete unrelated duties, terms, order and tombstones survive (0.836653ms)
✔ runtime nominal denomination is checked (4.261999ms)
✔ runtime settlement asset is checked (0.995871ms)
✔ retained conversion is honored (0.423094ms)
✔ atomic financial rejection: zero (0.302311ms)
✔ atomic financial rejection: overpayment (0.237404ms)
✔ atomic financial rejection: balance (0.201688ms)
✔ atomic financial rejection: allowance (0.233711ms)
✔ atomic financial rejection: work (0.235133ms)
✔ atomic financial rejection: transfer reuse (0.237406ms)
✔ atomic financial rejection: allocation reuse (0.223808ms)
✔ atomic financial rejection: insufficient funding (1.828086ms)
✔ Repay without Transfer cannot discharge debt (0.368336ms)
✔ closed source subset rejects state (0.40173ms)
✔ closed source subset rejects next (0.222567ms)
✔ closed source subset rejects const (0.250961ms)
✔ closed source subset rejects requires (0.193081ms)
✔ closed source subset rejects let (0.731487ms)
✔ closed source subset rejects ensures (0.627311ms)
✔ closed source subset rejects arithmetic (0.734087ms)
✔ closed source subset rejects projection (0.365291ms)
✔ closed source subset rejects unknown reference (0.296925ms)
✔ closed source subset rejects duplicate party (2.005461ms)
✔ closed source subset rejects duplicate unit (4.006999ms)
✔ closed source subset rejects duplicate param (0.29483ms)
✔ closed source subset rejects unsupported type (0.15532ms)
✔ closed source subset rejects wrong field type (0.137106ms)
✔ closed source subset rejects unknown field (0.199967ms)
✔ closed source subset rejects duplicate field (1.527799ms)
✔ closed source subset rejects parameter type confusion (1.005115ms)
✔ closed invocation rejects unknown argument (0.315523ms)
✔ closed invocation rejects missing argument (0.175362ms)
✔ closed invocation rejects wrong unit (0.152162ms)
✔ closed invocation rejects wrong type (0.18614ms)
✔ closed invocation rejects coercion (0.153905ms)
✔ closed invocation rejects overflow (3.5336ms)
✔ closed invocation rejects negative (0.407971ms)
✔ closed invocation rejects unknown invocation field (0.465284ms)
✔ closed invocation rejects unknown typed field (0.277398ms)
✔ closed invocation rejects unknown state field (0.279486ms)
✔ closed invocation rejects unknown action (0.206419ms)
✔ closed invocation rejects prototype key (0.254664ms)
✔ hostile objects are rejected without executing accessors (0.354096ms)
✔ CLI reads actual source and invocation and rejects with nonzero status (383.599241ms)
✔ explicit nominal and settlement literals remain distinct (0.60461ms)
✔ UInt, Bool, parties, assets and effect IDs have closed argument types (1.253729ms)
✔ all actions are statically checked and selected action is respected (3.147378ms)
✔ bounded source and invocation fail before parsing oversized content (0.378677ms)
✔ intermediate conversion overflow is retained even if division could shrink it (1.684562ms)
✔ compact type closers reserve their split tokens and preserve formatter closure at the limit (27.290397ms)
✔ compact type closers cannot hide tokens beyond the fixed limit (7.827556ms)
✔ public API rejects non-string input without coercion (1.865465ms)
✔ example interest-payment source parses, formats idempotently, and preserves AST ignoring spans (4.942811ms)
✔ independently derived custody agreement covers asset, const, let, emit and empty lists (2.513966ms)
✔ not binds looser than comparison and arithmetic is left-associative with tight multiply (0.605166ms)
✔ parenthesized comparison may nest, but unparenthesized chains reject (0.380775ms)
✔ nested generic types parse and empty type argument lists reject (0.19195ms)
✔ UTF-8 spans cover multi-byte string contents and comments may contain Unicode (0.240885ms)
✔ lone surrogates, escaped surrogates and invalid UTF-8 reject (146.575561ms)
✔ leading zeros, plain division, floats and unknown declarations reject (2.13534ms)
✔ statement after ensures, trailing input, missing agreement and old atomic profile reject (0.491307ms)
✔ non-ASCII identifier lookalikes reject while ASCII identifiers stay case-sensitive (0.941753ms)
✔ bounds from syntax-profile.json are enforced before oversized parse results (19.78862ms)
✔ formatter rejects canonical expansion past the source byte bound (11.967852ms)
✔ left-associative expression depth 64 succeeds and 65 fails (0.519794ms)
✔ 256 statements total across regular and ensures succeed and 257 fail (4.726039ms)
✔ token bound includes EOF so 8192 total tokens succeed and 8193 fail (10.985941ms)
✔ unterminated comments and strings reject, and comments count toward the source bound (0.258605ms)
✔ CLI check-syntax writes AST JSON and format writes idempotent source (385.861171ms)
✔ CLI rejects malformed arguments without writing files (690.844365ms)
ℹ tests 906
ℹ suites 14
ℹ pass 906
ℹ fail 0
ℹ cancelled 0
ℹ skipped 0
ℹ todo 0
ℹ duration_ms 18728.86812
npm notice
npm notice New major version of npm available! 11.16.0 -> 12.0.2
npm notice Changelog: https://github.com/npm/cli/releases/tag/v12.0.2
npm notice To update run: npm install -g npm@12.0.2
npm notice

> typecheck
> tsc -p tsconfig.json


> test
> node --test --test-reporter=tap tests/*.test.mjs

TAP version 13
# Subtest: independent loan floor interest and cash totals match fixture
ok 1 - independent loan floor interest and cash totals match fixture
  ---
  duration_ms: 3.699236
  type: 'test'
  ...
# Subtest: independent swap floor output fee and reserves match fixture
ok 2 - independent swap floor output fee and reserves match fixture
  ---
  duration_ms: 0.394495
  type: 'test'
  ...
# Subtest: identical valid records compare ok and still report incomplete network evidence
ok 3 - identical valid records compare ok and still report incomplete network evidence
  ---
  duration_ms: 13.757984
  type: 'test'
  ...
# Subtest: wrong payee fails
ok 4 - wrong payee fails
  ---
  duration_ms: 2.64175
  type: 'test'
  ...
# Subtest: wrong color fails
ok 5 - wrong color fails
  ---
  duration_ms: 1.318162
  type: 'test'
  ...
# Subtest: wrong quantum fails
ok 6 - wrong quantum fails
  ---
  duration_ms: 1.949685
  type: 'test'
  ...
# Subtest: wrong denomination fails
ok 7 - wrong denomination fails
  ---
  duration_ms: 1.092329
  type: 'test'
  ...
# Subtest: omitted transfer fails
ok 8 - omitted transfer fails
  ---
  duration_ms: 1.794
  type: 'test'
  ...
# Subtest: extra output fails
ok 9 - extra output fails
  ---
  duration_ms: 4.661922
  type: 'test'
  ...
# Subtest: duplicate identity fails
ok 10 - duplicate identity fails
  ---
  duration_ms: 2.488727
  type: 'test'
  ...
# Subtest: missing remaining 4500000000 debt fails
ok 11 - missing remaining 4500000000 debt fails
  ---
  duration_ms: 1.888349
  type: 'test'
  ...
# Subtest: wrong due allocation fails
ok 12 - wrong due allocation fails
  ---
  duration_ms: 1.589064
  type: 'test'
  ...
# Subtest: interest off by one fails
ok 13 - interest off by one fails
  ---
  duration_ms: 1.187417
  type: 'test'
  ...
# Subtest: floor remainder dust fails
ok 14 - floor remainder dust fails
  ---
  duration_ms: 5.582034
  type: 'test'
  ...
# Subtest: swapped asset reserve fails
ok 15 - swapped asset reserve fails
  ---
  duration_ms: 2.514926
  type: 'test'
  ...
# Subtest: swap fee omitted fails
ok 16 - swap fee omitted fails
  ---
  duration_ms: 2.827125
  type: 'test'
  ...
# Subtest: swap fee credited twice fails
ok 17 - swap fee credited twice fails
  ---
  duration_ms: 8.674863
  type: 'test'
  ...
# Subtest: close reserve shortfall fails
ok 18 - close reserve shortfall fails
  ---
  duration_ms: 1.670644
  type: 'test'
  ...
# Subtest: wrong revision fails
ok 19 - wrong revision fails
  ---
  duration_ms: 4.924149
  type: 'test'
  ...
# Subtest: work refresh fails
ok 20 - work refresh fails
  ---
  duration_ms: 0.900355
  type: 'test'
  ...
# Subtest: gross refund net substitution fails
ok 21 - gross refund net substitution fails
  ---
  duration_ms: 4.596062
  type: 'test'
  ...
# Subtest: net after fees shortfall fails
ok 22 - net after fees shortfall fails
  ---
  duration_ms: 2.510545
  type: 'test'
  ...
# Subtest: unknown field fails
ok 23 - unknown field fails
  ---
  duration_ms: 3.300734
  type: 'test'
  ...
# Subtest: overflow numeric fails
ok 24 - overflow numeric fails
  ---
  duration_ms: 2.435709
  type: 'test'
  ...
# Subtest: newline numeric fails
ok 25 - newline numeric fails
  ---
  duration_ms: 1.400268
  type: 'test'
  ...
# Subtest: malformed structure fails
ok 26 - malformed structure fails
  ---
  duration_ms: 1.974894
  type: 'test'
  ...
# Subtest: inputs stay immutable
ok 27 - inputs stay immutable
  ---
  duration_ms: 2.927338
  type: 'test'
  ...
# Subtest: error ordering is deterministic
ok 28 - error ordering is deterministic
  ---
  duration_ms: 1.845369
  type: 'test'
  ...
# Subtest: equal internally inconsistent records fail conservation
ok 29 - equal internally inconsistent records fail conservation
  ---
  duration_ms: 0.715904
  type: 'test'
  ...
# Subtest: changed lender logicalId fails role binding comparison
ok 30 - changed lender logicalId fails role binding comparison
  ---
  duration_ms: 1.288308
  type: 'test'
  ...
# Subtest: changed setup-mint status fails role binding comparison
ok 31 - changed setup-mint status fails role binding comparison
  ---
  duration_ms: 0.962695
  type: 'test'
  ...
# Subtest: changed source pin fails admitted pin comparison
ok 32 - changed source pin fails admitted pin comparison
  ---
  duration_ms: 0.982063
  type: 'test'
  ...
# Subtest: nested malformed containers return structured failures and do not throw
ok 33 - nested malformed containers return structured failures and do not throw
  ---
  duration_ms: 3.745063
  type: 'test'
  ...
# Subtest: equal erased remaining debts fail internal liability validation
ok 34 - equal erased remaining debts fail internal liability validation
  ---
  duration_ms: 1.384227
  type: 'test'
  ...
# Subtest: equal contradictory interestCalculated fails due validation
ok 35 - equal contradictory interestCalculated fails due validation
  ---
  duration_ms: 1.298065
  type: 'test'
  ...
# Subtest: equal contradictory principal due outstanding fails due validation
ok 36 - equal contradictory principal due outstanding fails due validation
  ---
  duration_ms: 1.129376
  type: 'test'
  ...
# Subtest: equal discontinuous accrue cash fails stage continuity
ok 37 - equal discontinuous accrue cash fails stage continuity
  ---
  duration_ms: 1.127276
  type: 'test'
  ...
# Subtest: equal contradictory swap economicFee fails fee reconciliation
ok 38 - equal contradictory swap economicFee fails fee reconciliation
  ---
  duration_ms: 1.668371
  type: 'test'
  ...
# Subtest: equal contradictory trader fee effect fails fee reconciliation
ok 39 - equal contradictory trader fee effect fails fee reconciliation
  ---
  duration_ms: 1.729817
  type: 'test'
  ...
# Subtest: equal refreshed close revision and work fail lifecycle
ok 40 - equal refreshed close revision and work fail lifecycle
  ---
  duration_ms: 2.046604
  type: 'test'
  ...
# Subtest: equal missing settle actorEffects fail required coverage
ok 41 - equal missing settle actorEffects fail required coverage
  ---
  duration_ms: 1.262199
  type: 'test'
  ...
# Subtest: equal missing settle balances and effects fail required coverage
ok 42 - equal missing settle balances and effects fail required coverage
  ---
  duration_ms: 1.085099
  type: 'test'
  ...
# Subtest: equal duplicate close transfer ordinal fails identity
ok 43 - equal duplicate close transfer ordinal fails identity
  ---
  duration_ms: 3.259389
  type: 'test'
  ...
# Subtest: equal duplicate borrower role binding fails identity
ok 44 - equal duplicate borrower role binding fails identity
  ---
  duration_ms: 3.471187
  type: 'test'
  ...
# Subtest: equal quantum zero fails positive quantum
ok 45 - equal quantum zero fails positive quantum
  ---
  duration_ms: 1.365471
  type: 'test'
  ...
# Subtest: equal extra loan settle due with attacker creditor fails closed due set
ok 46 - equal extra loan settle due with attacker creditor fails closed due set
  ---
  duration_ms: 3.274499
  type: 'test'
  ...
# Subtest: equal extra loan settle residual debt fails closed duty set
ok 47 - equal extra loan settle residual debt fails closed duty set
  ---
  duration_ms: 3.003176
  type: 'test'
  ...
# Subtest: equal extra swap attacker balances and zero effects fail closed coverage
ok 48 - equal extra swap attacker balances and zero effects fail closed coverage
  ---
  duration_ms: 7.722315
  type: 'test'
  ...
# Subtest: equal extra zero close transfer fails closed transfer set
ok 49 - equal extra zero close transfer fails closed transfer set
  ---
  duration_ms: 4.516028
  type: 'test'
  ...
# Subtest: extra due with admitted borrower and lender roles still fails closed due set
ok 50 - extra due with admitted borrower and lender roles still fails closed due set
  ---
  duration_ms: 2.21555
  type: 'test'
  ...
# Subtest: zero-value extra actor effect is still an extra identity
ok 51 - zero-value extra actor effect is still an extra identity
  ---
  duration_ms: 2.813241
  type: 'test'
  ...
# Subtest: equal extra identities fail on every remaining closed collection
ok 52 - equal extra identities fail on every remaining closed collection
  ---
  duration_ms: 12.036615
  type: 'test'
  ...
# Subtest: new generated originate authenticates both roles before disbursement
ok 53 - new generated originate authenticates both roles before disbursement
  ---
  duration_ms: 36.746339
  type: 'test'
  ...
# Subtest: owned lifecycle wrapper equals generated output and hashes source and Core
ok 54 - owned lifecycle wrapper equals generated output and hashes source and Core
  ---
  duration_ms: 18.315672
  type: 'test'
  ...
# Subtest: retained loan and swap bytes remain pinned
ok 55 - retained loan and swap bytes remain pinned
  ---
  duration_ms: 0.255165
  type: 'test'
  ...
# Subtest: compiled source contains separate fee debit and checked net-goal assertions
ok 56 - compiled source contains separate fee debit and checked net-goal assertions
  ---
  duration_ms: 15.142916
  type: 'test'
  ...
# Subtest: SDK preparation verifies real persistentHash and binds both private arguments
ok 57 - SDK preparation verifies real persistentHash and binds both private arguments
  ---
  duration_ms: 62.877831
  type: 'test'
  ...
# Subtest: SDK refuses substituted lender secret
ok 58 - SDK refuses substituted lender secret
  ---
  duration_ms: 20.566753
  type: 'test'
  ...
# Subtest: SDK refuses stale revision and source substitution
ok 59 - SDK refuses stale revision and source substitution
  ---
  duration_ms: 29.748138
  type: 'test'
  ...
# Subtest: SDK refuses fee-induced net failure before unproven-call creation
ok 60 - SDK refuses fee-induced net failure before unproven-call creation
  ---
  duration_ms: 31.73265
  type: 'test'
  ...
# Subtest: SDK refuses substituted intent and native asset conversion
ok 61 - SDK refuses substituted intent and native asset conversion
  ---
  duration_ms: 28.591769
  type: 'test'
  ...
# Subtest: specialized generator rejects an added source guard
ok 62 - specialized generator rejects an added source guard
  ---
  duration_ms: 0.54432
  type: 'test'
  ...
# Subtest: SDK owns head and role inputs across asynchronous runtime loading
ok 63 - SDK owns head and role inputs across asynchronous runtime loading
  ---
  duration_ms: 30.36379
  type: 'test'
  ...
1..63
# tests 63
# suites 0
# pass 63
# fail 0
# cancelled 0
# skipped 0
# todo 0
# duration_ms 448.445985

> test:ledger
> node --test --test-reporter=tap ledger/build-proven.test.mjs ledger/continue-initialized-loan.test.mjs ledger/continue-initialized-swap.test.mjs ledger/continue-loan-plan.test.mjs ledger/contract-balances.test.mjs ledger/financial-comparison.test.mjs ledger/initialized-swap-driver.test.mjs ledger/initialized-swap-integration.test.mjs ledger/initialized-swap-public.test.mjs ledger/initialized-swap-store.test.mjs ledger/integrate-local.test.mjs ledger/integration-negative.test.mjs ledger/launch-local.test.mjs ledger/local-tip.test.mjs ledger/preflight-recovery.test.mjs ledger/prepare-deployment.test.mjs ledger/proven-assets.test.mjs ledger/provider-native-balances.test.mjs ledger/providers.test.mjs ledger/receipt-native-balances.test.mjs ledger/receipt.test.mjs ledger/recover-deployment.test.mjs ledger/recover-store.test.mjs ledger/run-local.test.mjs ledger/swap-wallet.test.mjs ledger/prover-lifetime.test.mjs ledger/executor-caller.test.mjs ledger/fault-matrix.test.mjs ledger/invocation-handoff.test.mjs

TAP version 13
# Subtest: loan complete inert artifacts produce inspected hashes, never a proven build claim
ok 1 - loan complete inert artifacts produce inspected hashes, never a proven build claim
  ---
  duration_ms: 51.036617
  type: 'test'
  ...
# Subtest: swap chooses exact exported circuits
ok 2 - swap chooses exact exported circuits
  ---
  duration_ms: 15.932523
  type: 'test'
  ...
# Subtest: absent admission rejects before compiler and allocation
ok 3 - absent admission rejects before compiler and allocation
  ---
  duration_ms: 13.887702
  type: 'test'
  ...
# Subtest: wrong case rejects before compiler and allocation
ok 4 - wrong case rejects before compiler and allocation
  ---
  duration_ms: 4.424669
  type: 'test'
  ...
# Subtest: wrong candidate rejects before compiler and allocation
ok 5 - wrong candidate rejects before compiler and allocation
  ---
  duration_ms: 13.522983
  type: 'test'
  ...
# Subtest: wrong resource rejects before compiler and allocation
ok 6 - wrong resource rejects before compiler and allocation
  ---
  duration_ms: 5.36144
  type: 'test'
  ...
# Subtest: consumed allowance rejects before compiler and allocation
ok 7 - consumed allowance rejects before compiler and allocation
  ---
  duration_ms: 4.335791
  type: 'test'
  ...
# Subtest: nonfinite timeout rejects before compiler and allocation
ok 8 - nonfinite timeout rejects before compiler and allocation
  ---
  duration_ms: 5.358515
  type: 'test'
  ...
# Subtest: expired deadline rejects before compiler and allocation
ok 9 - expired deadline rejects before compiler and allocation
  ---
  duration_ms: 3.73518
  type: 'test'
  ...
# Subtest: missing source pin rejects before compiler and allocation
ok 10 - missing source pin rejects before compiler and allocation
  ---
  duration_ms: 5.15249
  type: 'test'
  ...
# Subtest: stale source pin rejects before compiler and allocation
ok 11 - stale source pin rejects before compiler and allocation
  ---
  duration_ms: 4.280323
  type: 'test'
  ...
# Subtest: different output rejects before compiler and allocation
ok 12 - different output rejects before compiler and allocation
  ---
  duration_ms: 2.911463
  type: 'test'
  ...
# Subtest: existing output is preserved and rejects
ok 13 - existing output is preserved and rejects
  ---
  duration_ms: 2.346755
  type: 'test'
  ...
# Subtest: symlink ancestor rejects before compiler
ok 14 - symlink ancestor rejects before compiler
  ---
  duration_ms: 2.067856
  type: 'test'
  ...
# Subtest: compiler failure preserves charged attempt, partial outputs and diagnostic receipt; no retry
ok 15 - compiler failure preserves charged attempt, partial outputs and diagnostic receipt; no retry
  ---
  duration_ms: 7.105826
  type: 'test'
  ...
# Subtest: missing proving key rejects despite compiler success
ok 16 - missing proving key rejects despite compiler success
  ---
  duration_ms: 8.844784
  type: 'test'
  ...
# Subtest: wrong metadata version rejects despite compiler success
ok 17 - wrong metadata version rejects despite compiler success
  ---
  duration_ms: 12.335841
  type: 'test'
  ...
# Subtest: generated output symlink is rejected, never hashed through
ok 18 - generated output symlink is rejected, never hashed through
  ---
  duration_ms: 8.692238
  type: 'test'
  ...
# Subtest: consumed on-disk attempt refuses reset counters on later invocation
ok 19 - consumed on-disk attempt refuses reset counters on later invocation
  ---
  duration_ms: 13.026552
  type: 'test'
  ...
# Subtest: review digest and resource bytes must match immutable admission bindings
ok 20 - review digest and resource bytes must match immutable admission bindings
  ---
  duration_ms: 2.563697
  type: 'test'
  ...
# Subtest: source commitment ignores object insertion order, retaining the exact ordered source list
ok 21 - source commitment ignores object insertion order, retaining the exact ordered source list
  ---
  duration_ms: 0.847678
  type: 'test'
  ...
# Subtest: attempt path equal to output rejects before consuming the allowance
ok 22 - attempt path equal to output rejects before consuming the allowance
  ---
  duration_ms: 3.322831
  type: 'test'
  ...
# Subtest: post-charge output creation failure retains a diagnostic outside output
ok 23 - post-charge output creation failure retains a diagnostic outside output
  ---
  duration_ms: 6.556451
  type: 'test'
  ...
# Subtest: receipt write failure preserves the original compiler failure and outside diagnostic
ok 24 - receipt write failure preserves the original compiler failure and outside diagnostic
  ---
  duration_ms: 5.803993
  type: 'test'
  ...
# Subtest: actual initialize bytes bind complete history input identities and corrected minted origin
ok 25 - actual initialize bytes bind complete history input identities and corrected minted origin
  ---
  duration_ms: 83.223459
  type: 'test'
  ...
# Subtest: altered native bytes and the previous deployment fail closed
ok 26 - altered native bytes and the previous deployment fail closed
  ---
  duration_ms: 0.531044
  type: 'test'
  ...
# Subtest: actual initialized state matches exactly; authority, balances and extra operations reject
ok 27 - actual initialized state matches exactly; authority, balances and extra operations reject
  ---
  duration_ms: 47.197859
  type: 'test'
  ...
# Subtest: existing private state verification only scopes and sequentially reads, returns no secrets or authority token
ok 28 - existing private state verification only scopes and sequentially reads, returns no secrets or authority token
  ---
  duration_ms: 10.53425
  type: 'test'
  ...
# Subtest: missing or nonempty private state rejects without key read or writes
ok 29 - missing or nonempty private state rejects without key read or writes
  ---
  duration_ms: 21.880144
  type: 'test'
  ...
# Subtest: missing or nonempty private state rejects without key read or writes
ok 30 - missing or nonempty private state rejects without key read or writes
  ---
  duration_ms: 15.326349
  type: 'test'
  ...
# Subtest: missing or nonempty private state rejects without key read or writes
ok 31 - missing or nonempty private state rejects without key read or writes
  ---
  duration_ms: 12.004293
  type: 'test'
  ...
# Subtest: missing or nonempty private state rejects without key read or writes
ok 32 - missing or nonempty private state rejects without key read or writes
  ---
  duration_ms: 7.69201
  type: 'test'
  ...
# Subtest: missing or nonempty private state rejects without key read or writes
ok 33 - missing or nonempty private state rejects without key read or writes
  ---
  duration_ms: 8.963248
  type: 'test'
  ...
# Subtest: private state accessor or hidden value is rejected without getter execution
ok 34 - private state accessor or hidden value is rejected without getter execution
  ---
  duration_ms: 18.500286
  type: 'test'
  ...
# Subtest: stored signing-key mismatch and read failure stop with closed errors
ok 35 - stored signing-key mismatch and read failure stop with closed errors
  ---
  duration_ms: 18.505356
  type: 'test'
  ...
# Subtest: wrong real signing identity or wrong state prevents any provider access
ok 36 - wrong real signing identity or wrong state prevents any provider access
  ---
  duration_ms: 13.149117
  type: 'test'
  ...
# Subtest: minted continuation gate requires exactly one full available output and none pending
ok 37 - minted continuation gate requires exactly one full available output and none pending
  ---
  duration_ms: 22.677947
  type: 'test'
  ...
# Subtest: actual wallet sync decoder keeps indexed Bech32m owner and the continuation gate matches its native identity
ok 38 - actual wallet sync decoder keeps indexed Bech32m owner and the continuation gate matches its native identity
  ---
  duration_ms: 760.057691
  type: 'test'
  ...
# Subtest: actual retained swap history descriptors preserve exact identities, fallible mint and spent bindings
ok 39 - actual retained swap history descriptors preserve exact identities, fallible mint and spent bindings
  ---
  duration_ms: 128.560878
  type: 'test'
  ...
# Subtest: actual initialized state accepts both native and SDK compact state producers via serialized bytes
ok 40 - actual initialized state accepts both native and SDK compact state producers via serialized bytes
  ---
  duration_ms: 63.434265
  type: 'test'
  ...
# Subtest: altered native identities and swapped history reject
ok 41 - altered native identities and swapped history reject
  ---
  duration_ms: 0.581742
  type: 'test'
  ...
# Subtest: whole initialized state rejects balances, authority and old deploy state
ok 42 - whole initialized state rejects balances, authority and old deploy state
  ---
  duration_ms: 26.276664
  type: 'test'
  ...
# Subtest: private readback scopes swap and performs only sequential reads without secret or dispatch token
ok 43 - private readback scopes swap and performs only sequential reads without secret or dispatch token
  ---
  duration_ms: 22.110337
  type: 'test'
  ...
# Subtest: nonempty/missing private state prevents signing-key read
ok 44 - nonempty/missing private state prevents signing-key read
  ---
  duration_ms: 15.478165
  type: 'test'
  ...
# Subtest: nonempty/missing private state prevents signing-key read
ok 45 - nonempty/missing private state prevents signing-key read
  ---
  duration_ms: 17.42357
  type: 'test'
  ...
# Subtest: nonempty/missing private state prevents signing-key read
ok 46 - nonempty/missing private state prevents signing-key read
  ---
  duration_ms: 8.27618
  type: 'test'
  ...
# Subtest: nonempty/missing private state prevents signing-key read
ok 47 - nonempty/missing private state prevents signing-key read
  ---
  duration_ms: 10.566682
  type: 'test'
  ...
# Subtest: nonempty/missing private state prevents signing-key read
ok 48 - nonempty/missing private state prevents signing-key read
  ---
  duration_ms: 7.703191
  type: 'test'
  ...
# Subtest: nonempty/missing private state prevents signing-key read
ok 49 - nonempty/missing private state prevents signing-key read
  ---
  duration_ms: 7.065028
  type: 'test'
  ...
# Subtest: private getter, read errors and key mismatch reject without private error disclosure
ok 50 - private getter, read errors and key mismatch reject without private error disclosure
  ---
  duration_ms: 25.399713
  type: 'test'
  ...
# Subtest: wrong signing identity and changed state stop before provider access
ok 51 - wrong signing identity and changed state stop before provider access
  ---
  duration_ms: 15.2826
  type: 'test'
  ...
# Subtest: retained fallible mint reuses ordinary wallet gate through actual SDK wire decoder
ok 52 - retained fallible mint reuses ordinary wallet gate through actual SDK wire decoder
  ---
  duration_ms: 706.080337
  type: 'test'
  ...
# Subtest: closed initialized plan selects the original nonempty store without accessing its files
ok 53 - closed initialized plan selects the original nonempty store without accessing its files
  ---
  duration_ms: 1.87584
  type: 'test'
  ...
# Subtest: initialized plan rejects alternate states, identities, modes, stores and limits
ok 54 - initialized plan rejects alternate states, identities, modes, stores and limits
  ---
  duration_ms: 3.42059
  type: 'test'
  ...
# Subtest: initialized plan rejects overlapping snapshot/output and historical directories
ok 55 - initialized plan rejects overlapping snapshot/output and historical directories
  ---
  duration_ms: 2.396909
  type: 'test'
  ...
# Subtest: descriptor accessors and symbol fields are rejected without invoking getters
ok 56 - descriptor accessors and symbol fields are rejected without invoking getters
  ---
  duration_ms: 0.31787
  type: 'test'
  ...
# Subtest: public reader verifies both actual native transactions and both original results
ok 57 - public reader verifies both actual native transactions and both original results
  ---
  duration_ms: 112.595865
  type: 'test'
  ...
# Subtest: actual retained swap deployment has empty native contract balances
ok 58 - actual retained swap deployment has empty native contract balances
  ---
  duration_ms: 23.062106
  type: 'test'
  ...
# Subtest: actual retained initialized swap native state contains both exact pool reserves
ok 59 - actual retained initialized swap native state contains both exact pool reserves
  ---
  duration_ms: 10.398489
  type: 'test'
  ...
# Subtest: actual retained initialized loan native state has no contract custody balance
ok 60 - actual retained initialized loan native state has no contract custody balance
  ---
  duration_ms: 3.84425
  type: 'test'
  ...
# Subtest: native balance extraction rejects plain state
ok 61 - native balance extraction rejects plain state
  ---
  duration_ms: 0.455281
  type: 'test'
  ...
# Subtest: native balance extraction rejects missing state
ok 62 - native balance extraction rejects missing state
  ---
  duration_ms: 0.366846
  type: 'test'
  ...
# Subtest: native balance extraction rejects wrong native class
ok 63 - native balance extraction rejects wrong native class
  ---
  duration_ms: 0.135795
  type: 'test'
  ...
# Subtest: native balance extraction rejects not a Map
ok 64 - native balance extraction rejects not a Map
  ---
  duration_ms: 0.158281
  type: 'test'
  ...
# Subtest: native balance extraction rejects negative value
ok 65 - native balance extraction rejects negative value
  ---
  duration_ms: 0.124177
  type: 'test'
  ...
# Subtest: native balance extraction rejects overflow value
ok 66 - native balance extraction rejects overflow value
  ---
  duration_ms: 0.55197
  type: 'test'
  ...
# Subtest: native balance extraction rejects number value
ok 67 - native balance extraction rejects number value
  ---
  duration_ms: 0.346109
  type: 'test'
  ...
# Subtest: native balance extraction rejects string value
ok 68 - native balance extraction rejects string value
  ---
  duration_ms: 0.571247
  type: 'test'
  ...
# Subtest: native balance extraction rejects plain string token
ok 69 - native balance extraction rejects plain string token
  ---
  duration_ms: 0.169733
  type: 'test'
  ...
# Subtest: native balance extraction rejects dust token
ok 70 - native balance extraction rejects dust token
  ---
  duration_ms: 0.090866
  type: 'test'
  ...
# Subtest: native balance extraction rejects shielded token
ok 71 - native balance extraction rejects shielded token
  ---
  duration_ms: 0.212769
  type: 'test'
  ...
# Subtest: native balance extraction rejects short token
ok 72 - native balance extraction rejects short token
  ---
  duration_ms: 0.093308
  type: 'test'
  ...
# Subtest: native balance extraction rejects uppercase token
ok 73 - native balance extraction rejects uppercase token
  ---
  duration_ms: 0.466875
  type: 'test'
  ...
# Subtest: native balance extraction rejects extra field
ok 74 - native balance extraction rejects extra field
  ---
  duration_ms: 0.109721
  type: 'test'
  ...
# Subtest: native balance extraction rejects duplicate token identity
ok 75 - native balance extraction rejects duplicate token identity
  ---
  duration_ms: 2.957125
  type: 'test'
  ...
# Subtest: native balance extraction rejects oversized map
ok 76 - native balance extraction rejects oversized map
  ---
  duration_ms: 2.536331
  type: 'test'
  ...
# Subtest: closed token fields reject getters, hidden fields, symbols and inherited shapes without getter access
ok 77 - closed token fields reject getters, hidden fields, symbols and inherited shapes without getter access
  ---
  duration_ms: 0.696849
  type: 'test'
  ...
# Subtest: zero and maximum u128 are retained exactly in detached frozen decimal map
ok 78 - zero and maximum u128 are retained exactly in detached frozen decimal map
  ---
  duration_ms: 0.127153
  type: 'test'
  ...
# Subtest: actual transaction-runtime ContractState cannot replace the SDK provider state class
ok 79 - actual transaction-runtime ContractState cannot replace the SDK provider state class
  ---
  duration_ms: 53.305396
  type: 'test'
  ...
# Subtest: raw close classification gives signals precedence and preserves unknown
ok 80 - raw close classification gives signals precedence and preserves unknown
  ---
  duration_ms: 7.441594
  type: 'test'
  ...
# Subtest: actual argv protocol is handed to exactly one detached piped child without mutation
ok 81 - actual argv protocol is handed to exactly one detached piped child without mutation
  ---
  duration_ms: 6.849594
  type: 'test'
  ...
# Subtest: explicit child environment is passed verbatim without parent-environment merging
ok 82 - explicit child environment is passed verbatim without parent-environment merging
  ---
  duration_ms: 3.430365
  type: 'test'
  ...
# Subtest: child zero and success-looking stdout never replace missing durable evidence
ok 83 - child zero and success-looking stdout never replace missing durable evidence
  ---
  duration_ms: 3.963367
  type: 'test'
  ...
# Subtest: durable completion without independently observed containment remains unknown
ok 84 - durable completion without independently observed containment remains unknown
  ---
  duration_ms: 1.188479
  type: 'test'
  ...
# Subtest: schema-invalid or exit-inconsistent durable results cannot establish containment
ok 85 - schema-invalid or exit-inconsistent durable results cannot establish containment
  ---
  duration_ms: 0.615246
  type: 'test'
  ...
# Subtest: retained nonzero and signal exits remain failed even when durable result reading fails
ok 86 - retained nonzero and signal exits remain failed even when durable result reading fails
  ---
  duration_ms: 0.554677
  type: 'test'
  ...
# Subtest: unknown close observation is never promoted by a valid-looking durable result
ok 87 - unknown close observation is never promoted by a valid-looking durable result
  ---
  duration_ms: 0.334569
  type: 'test'
  ...
# Subtest: combined diagnostics stop at exactly 1048576 bytes without changing disposition
ok 88 - combined diagnostics stop at exactly 1048576 bytes without changing disposition
  ---
  duration_ms: 12.496843
  type: 'test'
  ...
# Subtest: outer timeout retains its close signal but classifies the caller kill as unknown
ok 89 - outer timeout retains its close signal but classifies the caller kill as unknown
  ---
  duration_ms: 43.495654
  type: 'test'
  ...
# Subtest: a child that never closes after a failed deadline kill settles at the abandonment bound
ok 90 - a child that never closes after a failed deadline kill settles at the abandonment bound
  ---
  duration_ms: 16.51926
  type: 'test'
  ...
# Subtest: a failed kill request does not hide a later retained natural main failure
ok 91 - a failed kill request does not hide a later retained natural main failure
  ---
  duration_ms: 12.13098
  type: 'test'
  ...
# Subtest: child error rejects with the original spawn error
ok 92 - child error rejects with the original spawn error
  ---
  duration_ms: 0.640717
  type: 'test'
  ...
# Subtest: malformed close payload rejects instead of escaping the promise
ok 93 - malformed close payload rejects instead of escaping the promise
  ---
  duration_ms: 0.255421
  type: 'test'
  ...
# Subtest: closed invalid options refuse before monotonic sampling or spawn
ok 94 - closed invalid options refuse before monotonic sampling or spawn
  ---
  duration_ms: 4.914478
  type: 'test'
  ...
# Subtest: argv accessors and hidden array fields reject without invoking attacker code
ok 95 - argv accessors and hidden array fields reject without invoking attacker code
  ---
  duration_ms: 0.773305
  type: 'test'
  ...
# Subtest: prover control bytes are durably written before spawn and bounds use the one outer start
ok 96 - prover control bytes are durably written before spawn and bounds use the one outer start
  ---
  duration_ms: 1.31484
  type: 'test'
  ...
# Subtest: post-start durable-result loss cannot recompute or widen the established prover bounds
ok 97 - post-start durable-result loss cannot recompute or widen the established prover bounds
  ---
  duration_ms: 0.378439
  type: 'test'
  ...
# Subtest: required control persistence failure prevents every child spawn
ok 98 - required control persistence failure prevents every child spawn
  ---
  duration_ms: 0.223283
  type: 'test'
  ...
# Subtest: legacy optional-control flag cannot permit spawn without a writer
ok 99 - legacy optional-control flag cannot permit spawn without a writer
  ---
  duration_ms: 0.158853
  type: 'test'
  ...
# Subtest: legacy optional-control flag cannot swallow a failed control write or spawn
ok 100 - legacy optional-control flag cannot swallow a failed control write or spawn
  ---
  duration_ms: 0.22437
  type: 'test'
  ...
# Subtest: entry at the inclusive latest-start boundary refuses after control persistence and before spawn
ok 101 - entry at the inclusive latest-start boundary refuses after control persistence and before spawn
  ---
  duration_ms: 0.259545
  type: 'test'
  ...
# Subtest: configured handoff passes exactly its two-entry environment and appends before answering
ok 102 - configured handoff passes exactly its two-entry environment and appends before answering
  ---
  duration_ms: 42.37337
  type: 'test'
  ...
# Subtest: immediate child connection survives a slow invocation append and the executor returns
ok 103 - immediate child connection survives a slow invocation append and the executor returns
  ---
  duration_ms: 68.291151
  type: 'test'
  ...
# Subtest: handoff server close has a bounded fallback when close never calls back
ok 104 - handoff server close has a bounded fallback when close never calls back
  ---
  duration_ms: 267.421923
  type: 'test'
  ...
# Subtest: failed invocation append yields existing evidence-write failure and attaches no handshake listener
ok 105 - failed invocation append yields existing evidence-write failure and attaches no handshake listener
  ---
  duration_ms: 1.418661
  type: 'test'
  ...
# Subtest: explicit environment conflicts with handoff before monotonic sampling or spawn
ok 106 - explicit environment conflicts with handoff before monotonic sampling or spawn
  ---
  duration_ms: 0.318591
  type: 'test'
  ...
# Subtest: H1 reproducer: a never-resolving invocation append returns within the configured outer plus abandonment bound
ok 107 - H1 reproducer: a never-resolving invocation append returns within the configured outer plus abandonment bound
  ---
  duration_ms: 101.265658
  type: 'test'
  ...
# Subtest: H1 prover path: a never-resolving invocation append returns within the same bound with the established prover bounds retained
ok 108 - H1 prover path: a never-resolving invocation append returns within the same bound with the established prover bounds retained
  ---
  duration_ms: 104.405155
  type: 'test'
  ...
# Subtest: H1a: a wall-clock rollback during setup does not extend the monotonic schedule
ok 109 - H1a: a wall-clock rollback during setup does not extend the monotonic schedule
  ---
  duration_ms: 62.163667
  type: 'test'
  ...
# Subtest: H1b: a stalled durable read and a stalled remover share the one final bound and are reported unresolved
ok 110 - H1b: a stalled durable read and a stalled remover share the one final bound and are reported unresolved
  ---
  duration_ms: 80.885375
  type: 'test'
  ...
# Subtest: H1b: a slow durable read that outlives its budget is unresolved but leaves the reserved cleanup margin intact
ok 111 - H1b: a slow durable read that outlives its budget is unresolved but leaves the reserved cleanup margin intact
  ---
  duration_ms: 61.023826
  type: 'test'
  ...
# Subtest: H1c: a slow boot-id read that crosses the outer deadline rejects without any spawn
ok 112 - H1c: a slow boot-id read that crosses the outer deadline rejects without any spawn
  ---
  duration_ms: 103.939042
  type: 'test'
  ...
# Subtest: H1c: the outer deadline is rechecked immediately before spawn after a blocking final phase
ok 113 - H1c: the outer deadline is rechecked immediately before spawn after a blocking final phase
  ---
  duration_ms: 45.888827
  type: 'test'
  ...
# Subtest: L1: the prover latest-start check runs after the awaited boot-id, immediately before spawn
ok 114 - L1: the prover latest-start check runs after the awaited boot-id, immediately before spawn
  ---
  duration_ms: 5.185577
  type: 'test'
  ...
# Subtest: a child that exits while the invocation append is still stalled returns within the bound without inventing persisted evidence
ok 115 - a child that exits while the invocation append is still stalled returns within the bound without inventing persisted evidence
  ---
  duration_ms: 59.664466
  type: 'test'
  ...
# Subtest: stalled current-state confirmation returns STARTUP_INVALID within the bound and never answers the closed socket
ok 116 - stalled current-state confirmation returns STARTUP_INVALID within the bound and never answers the closed socket
  ---
  duration_ms: 100.941664
  type: 'test'
  ...
# Subtest: stalled denial append after a reservation mismatch returns STARTUP_INVALID within the bound and never answers the closed socket
ok 117 - stalled denial append after a reservation mismatch returns STARTUP_INVALID within the bound and never answers the closed socket
  ---
  duration_ms: 105.663687
  type: 'test'
  ...
# Subtest: H1d: a child error after handshake activation disposes the protocol so no later denial record starts
ok 118 - H1d: a child error after handshake activation disposes the protocol so no later denial record starts
  ---
  duration_ms: 136.815742
  type: 'test'
  ...
# Subtest: stalled pre-spawn runtime-directory rejects at the outer bound without a spawn and removes any owned runtime
ok 119 - stalled pre-spawn runtime-directory rejects at the outer bound without a spawn and removes any owned runtime
  ---
  duration_ms: 40.33411
  type: 'test'
  ...
# Subtest: stalled pre-spawn invocation-socket rejects at the outer bound without a spawn and removes any owned runtime
ok 120 - stalled pre-spawn invocation-socket rejects at the outer bound without a spawn and removes any owned runtime
  ---
  duration_ms: 40.18088
  type: 'test'
  ...
# Subtest: stalled pre-spawn boot-id rejects at the outer bound without a spawn and removes any owned runtime
ok 121 - stalled pre-spawn boot-id rejects at the outer bound without a spawn and removes any owned runtime
  ---
  duration_ms: 39.760505
  type: 'test'
  ...
# Subtest: stalled prover control write rejects at the outer bound before any spawn
ok 122 - stalled prover control write rejects at the outer bound before any spawn
  ---
  duration_ms: 41.094125
  type: 'test'
  ...
# Subtest: H3b: a runtime directory created after the outer bound is owned and removed without advancing setup
ok 123 - H3b: a runtime directory created after the outer bound is owned and removed without advancing setup
  ---
  duration_ms: 81.423781
  type: 'test'
  ...
# Subtest: H3b: a socket created after the outer bound is closed and unlinked without advancing setup
ok 124 - H3b: a socket created after the outer bound is closed and unlinked without advancing setup
  ---
  duration_ms: 87.071858
  type: 'test'
  ...
# Subtest: H3a: a nonce failure after a real socket is acquired closes the server and removes the owned paths
ok 125 - H3a: a nonce failure after a real socket is acquired closes the server and removes the owned paths
  ---
  duration_ms: 7.406091
  type: 'test'
  ...
# Subtest: H3: spawn failure and child error after runtime allocation preserve the original error and remove the owned runtime
ok 126 - H3: spawn failure and child error after runtime allocation preserve the original error and remove the owned runtime
  ---
  duration_ms: 0.752852
  type: 'test'
  ...
# Subtest: H3: a failed runtime removal is reported in the result instead of being swallowed
ok 127 - H3: a failed runtime removal is reported in the result instead of being swallowed
  ---
  duration_ms: 7.502584
  type: 'test'
  ...
# Subtest: H3: a spawn failure whose runtime removal also fails keeps the original error and reports the cleanup failure
ok 128 - H3: a spawn failure whose runtime removal also fails keeps the original error and reports the cleanup failure
  ---
  duration_ms: 3.275002
  type: 'test'
  ...
# Subtest: row: complete zero terminal evidence and containment succeeds
ok 129 - row: complete zero terminal evidence and containment succeeds
  ---
  duration_ms: 3.544877
  type: 'test'
  ...
# Subtest: row: malformed startup is unknown
ok 130 - row: malformed startup is unknown
  ---
  duration_ms: 0.318277
  type: 'test'
  ...
# Subtest: row: unpersisted startup reports the specific write failure
ok 131 - row: unpersisted startup reports the specific write failure
  ---
  duration_ms: 0.152241
  type: 'test'
  ...
# Subtest: row: invocation identity mismatch precedes an apparent main failure
ok 132 - row: invocation identity mismatch precedes an apparent main failure
  ---
  duration_ms: 0.19663
  type: 'test'
  ...
# Subtest: row: preexisting evidence is unknown and not reused
ok 133 - row: preexisting evidence is unknown and not reused
  ---
  duration_ms: 0.561036
  type: 'test'
  ...
# Subtest: row: retained nonzero main exit is failed
ok 134 - row: retained nonzero main exit is failed
  ---
  duration_ms: 2.710077
  type: 'test'
  ...
# Subtest: row: retained main signal is failed
ok 135 - row: retained main signal is failed
  ---
  duration_ms: 0.359388
  type: 'test'
  ...
# Subtest: row: unavailable main exit is unknown before evidence gates
ok 136 - row: unavailable main exit is unknown before evidence gates
  ---
  duration_ms: 0.19321
  type: 'test'
  ...
# Subtest: row: absent raw main-exit observation is unknown even when every other fact says success
ok 137 - row: absent raw main-exit observation is unknown even when every other fact says success
  ---
  duration_ms: 0.179419
  type: 'test'
  ...
# Subtest: row: only a retained exact zero exit reaches success
ok 138 - row: only a retained exact zero exit reaches success
  ---
  duration_ms: 5.069425
  type: 'test'
  ...
# Subtest: row: absent raw observation keeps refusal, startup and evidence precedence
ok 139 - row: absent raw observation keeps refusal, startup and evidence precedence
  ---
  duration_ms: 1.399554
  type: 'test'
  ...
# Subtest: row: known main failure stays failed despite every later cleanup limitation
ok 140 - row: known main failure stays failed despite every later cleanup limitation
  ---
  duration_ms: 0.136347
  type: 'test'
  ...
# Subtest: row: terminal evidence write or fsync failure is unknown
ok 141 - row: terminal evidence write or fsync failure is unknown
  ---
  duration_ms: 0.110378
  type: 'test'
  ...
# Subtest: row: stop nonzero is unknown
ok 142 - row: stop nonzero is unknown
  ---
  duration_ms: 0.177552
  type: 'test'
  ...
# Subtest: row: stop exception or timeout is unknown
ok 143 - row: stop exception or timeout is unknown
  ---
  duration_ms: 0.08858
  type: 'test'
  ...
# Subtest: row: successful stop with missing receipt is unknown
ok 144 - row: successful stop with missing receipt is unknown
  ---
  duration_ms: 0.065437
  type: 'test'
  ...
# Subtest: row: deadline crossing is unknown
ok 145 - row: deadline crossing is unknown
  ---
  duration_ms: 0.050422
  type: 'test'
  ...
# Subtest: row: parent loss is unknown
ok 146 - row: parent loss is unknown
  ---
  duration_ms: 0.101165
  type: 'test'
  ...
# Subtest: row: incomplete containment is unknown
ok 147 - row: incomplete containment is unknown
  ---
  duration_ms: 3.630504
  type: 'test'
  ...
# Subtest: row: timer cancellation nonzero is unknown
ok 148 - row: timer cancellation nonzero is unknown
  ---
  duration_ms: 0.155587
  type: 'test'
  ...
# Subtest: row: missing timer cancellation receipt is unknown
ok 149 - row: missing timer cancellation receipt is unknown
  ---
  duration_ms: 0.064329
  type: 'test'
  ...
# Subtest: row: final result write or fsync failure is unknown
ok 150 - row: final result write or fsync failure is unknown
  ---
  duration_ms: 0.055967
  type: 'test'
  ...
# Subtest: row: pre-start refusal preserves the validator code
ok 151 - row: pre-start refusal preserves the validator code
  ---
  duration_ms: 0.062716
  type: 'test'
  ...
# Subtest: precedence follows the closed table from top to bottom
ok 152 - precedence follows the closed table from top to bottom
  ---
  duration_ms: 0.09166
  type: 'test'
  ...
# Subtest: malformed or open inputs are rejected instead of defaulted
ok 153 - malformed or open inputs are rejected instead of defaulted
  ---
  duration_ms: 1.070042
  type: 'test'
  ...
# Subtest: safety cleanup is outside the pure classifier and cannot manufacture success evidence
ok 154 - safety cleanup is outside the pure classifier and cannot manufacture success evidence
  ---
  duration_ms: 0.435928
  type: 'test'
  ...
# Subtest: complete loan and swap comparison preserves gross spending and residual duties
ok 155 - complete loan and swap comparison preserves gross spending and residual duties
  ---
  duration_ms: 22.838208
  type: 'test'
  ...
# Subtest: rejects missing financial field
ok 156 - rejects missing financial field
  ---
  duration_ms: 3.947323
  type: 'test'
  ...
# Subtest: rejects extra financial field
ok 157 - rejects extra financial field
  ---
  duration_ms: 4.532271
  type: 'test'
  ...
# Subtest: rejects remaining debt erased
ok 158 - rejects remaining debt erased
  ---
  duration_ms: 5.800773
  type: 'test'
  ...
# Subtest: rejects string-valued decoded amount
ok 159 - rejects string-valued decoded amount
  ---
  duration_ms: 4.718225
  type: 'test'
  ...
# Subtest: rejects prior result overwritten
ok 160 - rejects prior result overwritten
  ---
  duration_ms: 3.535525
  type: 'test'
  ...
# Subtest: rejects effect recipient corrupted
ok 161 - rejects effect recipient corrupted
  ---
  duration_ms: 2.207283
  type: 'test'
  ...
# Subtest: rejects extra result member
ok 162 - rejects extra result member
  ---
  duration_ms: 2.311886
  type: 'test'
  ...
# Subtest: rejects initialization flag wrong
ok 163 - rejects initialization flag wrong
  ---
  duration_ms: 1.60543
  type: 'test'
  ...
# Subtest: rejects capability changed
ok 164 - rejects capability changed
  ---
  duration_ms: 6.3767
  type: 'test'
  ...
# Subtest: rejects payout address changed
ok 165 - rejects payout address changed
  ---
  duration_ms: 3.468898
  type: 'test'
  ...
# Subtest: rejects domain changed
ok 166 - rejects domain changed
  ---
  duration_ms: 3.23664
  type: 'test'
  ...
# Subtest: rejects color changed
ok 167 - rejects color changed
  ---
  duration_ms: 1.823953
  type: 'test'
  ...
# Subtest: rejects network changed
ok 168 - rejects network changed
  ---
  duration_ms: 1.417023
  type: 'test'
  ...
# Subtest: rejects program changed
ok 169 - rejects program changed
  ---
  duration_ms: 1.5422
  type: 'test'
  ...
# Subtest: rejects native payout changed
ok 170 - rejects native payout changed
  ---
  duration_ms: 1.833314
  type: 'test'
  ...
# Subtest: rejects native conversion amount changed
ok 171 - rejects native conversion amount changed
  ---
  duration_ms: 2.074741
  type: 'test'
  ...
# Subtest: rejects hidden native effect
ok 172 - rejects hidden native effect
  ---
  duration_ms: 1.286062
  type: 'test'
  ...
# Subtest: rejects missing native transcript
ok 173 - rejects missing native transcript
  ---
  duration_ms: 1.083341
  type: 'test'
  ...
# Subtest: rejects actual lender output short
ok 174 - rejects actual lender output short
  ---
  duration_ms: 2.739931
  type: 'test'
  ...
# Subtest: rejects third-party payer
ok 175 - rejects third-party payer
  ---
  duration_ms: 7.001472
  type: 'test'
  ...
# Subtest: rejects gross debit replaced with net
ok 176 - rejects gross debit replaced with net
  ---
  duration_ms: 2.54394
  type: 'test'
  ...
# Subtest: rejects native fee mismatch
ok 177 - rejects native fee mismatch
  ---
  duration_ms: 4.081142
  type: 'test'
  ...
# Subtest: rejects unresolved fee treated resolved
ok 178 - rejects unresolved fee treated resolved
  ---
  duration_ms: 2.901451
  type: 'test'
  ...
# Subtest: rejects contract address changed
ok 179 - rejects contract address changed
  ---
  duration_ms: 2.186059
  type: 'test'
  ...
# Subtest: rejects duplicate tx id
ok 180 - rejects duplicate tx id
  ---
  duration_ms: 1.605447
  type: 'test'
  ...
# Subtest: rejects block order reversed
ok 181 - rejects block order reversed
  ---
  duration_ms: 1.966262
  type: 'test'
  ...
# Subtest: rejects unfinalized height
ok 182 - rejects unfinalized height
  ---
  duration_ms: 2.977357
  type: 'test'
  ...
# Subtest: rejects unsupported protocol
ok 183 - rejects unsupported protocol
  ---
  duration_ms: 1.507934
  type: 'test'
  ...
# Subtest: rejects false native proof claim
ok 184 - rejects false native proof claim
  ---
  duration_ms: 1.405709
  type: 'test'
  ...
# Subtest: swap must observe contract reserves and mint-to-self claims
ok 185 - swap must observe contract reserves and mint-to-self claims
  ---
  duration_ms: 3.054158
  type: 'test'
  ...
# Subtest: rejects skipped stages and remains stopped after a failure
ok 186 - rejects skipped stages and remains stopped after a failure
  ---
  duration_ms: 3.197043
  type: 'test'
  ...
# Subtest: rejects duplicate participants and never exposes role secrets
ok 187 - rejects duplicate participants and never exposes role secrets
  ---
  duration_ms: 1.660557
  type: 'test'
  ...
# Subtest: requires explicit ledger protocol, distinct from package version
ok 188 - requires explicit ledger protocol, distinct from package version
  ---
  duration_ms: 0.140537
  type: 'test'
  ...
# Subtest: rejects indexer identifier omissions, extras and duplicates
ok 189 - rejects indexer identifier omissions, extras and duplicates
  ---
  duration_ms: 4.524734
  type: 'test'
  ...
# Subtest: rejects zero-valued hidden payout claims
ok 190 - rejects zero-valued hidden payout claims
  ---
  duration_ms: 4.07189
  type: 'test'
  ...
# Subtest: summary preserves every observed public field and native aggregate without mutable aliases
ok 191 - summary preserves every observed public field and native aggregate without mutable aliases
  ---
  duration_ms: 9.652774
  type: 'test'
  ...
# Subtest: unknown top-level public state cannot leak into a summary
ok 192 - unknown top-level public state cannot leak into a summary
  ---
  duration_ms: 1.188135
  type: 'test'
  ...
# Subtest: mint-to-self input counts once as contract funding and never as participant spending
ok 193 - mint-to-self input counts once as contract funding and never as participant spending
  ---
  duration_ms: 4.733931
  type: 'test'
  ...
# Subtest: standalone runtime pin inspection rejects unchanged-version package or entry mutation without importing adapters
ok 194 - standalone runtime pin inspection rejects unchanged-version package or entry mutation without importing adapters
  ---
  duration_ms: 0.7739
  type: 'test'
  ...
# Subtest: matched native fees exceeding the admitted cumulative SPECK cap reject
ok 195 - matched native fees exceeding the admitted cumulative SPECK cap reject
  ---
  duration_ms: 2.087794
  type: 'test'
  ...
# Subtest: exact cap and within cap pass for both complete financial traces
ok 196 - exact cap and within cap pass for both complete financial traces
  ---
  duration_ms: 9.91168
  type: 'test'
  ...
# Subtest: self-consistent first fee above cap rejects despite unresolved lower indexer units
ok 197 - self-consistent first fee above cap rejects despite unresolved lower indexer units
  ---
  duration_ms: 4.897961
  type: 'test'
  ...
# Subtest: a finite native SPECK cap is mandatory, with no unlimited source-fixture default
ok 198 - a finite native SPECK cap is mandatory, with no unlimited source-fixture default
  ---
  duration_ms: 0.336417
  type: 'test'
  ...
# Subtest: historical surplus cannot subsidize current fees; historical groups also accumulate
ok 199 - historical surplus cannot subsidize current fees; historical groups also accumulate
  ---
  duration_ms: 3.53855
  type: 'test'
  ...
# Subtest: historical stages must be a finite nonoverlapping contiguous prefix
ok 200 - historical stages must be a finite nonoverlapping contiguous prefix
  ---
  duration_ms: 0.950623
  type: 'test'
  ...
# Subtest: initialized swap compares both histories before exactly swap and close
ok 201 - initialized swap compares both histories before exactly swap and close
  ---
  duration_ms: 2.297455
  type: 'test'
  ...
# Subtest: initialized swap failed deploy comparison prevents new submissions
ok 202 - initialized swap failed deploy comparison prevents new submissions
  ---
  duration_ms: 0.651295
  type: 'test'
  ...
# Subtest: initialized swap failed initialize comparison prevents new submissions
ok 203 - initialized swap failed initialize comparison prevents new submissions
  ---
  duration_ms: 0.649309
  type: 'test'
  ...
# Subtest: initialized swap rejects altered, mixed and accessor identities without calling SDK
ok 204 - initialized swap rejects altered, mixed and accessor identities without calling SDK
  ---
  duration_ms: 1.859008
  type: 'test'
  ...
# Subtest: initialized composition replays history once before store access and only submits swap and close
ok 205 - initialized composition replays history once before store access and only submits swap and close
  ---
  duration_ms: 22.192123
  type: 'test'
  ...
# Subtest: initialized publicCheck failure stops calls and cleans owned resources
ok 206 - initialized publicCheck failure stops calls and cleans owned resources
  ---
  duration_ms: 1.448994
  type: 'test'
  ...
# Subtest: initialized checkWallet failure stops calls and cleans owned resources
ok 207 - initialized checkWallet failure stops calls and cleans owned resources
  ---
  duration_ms: 0.97427
  type: 'test'
  ...
# Subtest: initialized preserveStore failure stops calls and cleans owned resources
ok 208 - initialized preserveStore failure stops calls and cleans owned resources
  ---
  duration_ms: 7.534714
  type: 'test'
  ...
# Subtest: initialized checkPrivate failure stops calls and cleans owned resources
ok 209 - initialized checkPrivate failure stops calls and cleans owned resources
  ---
  duration_ms: 1.829356
  type: 'test'
  ...
# Subtest: failed initialized historical deploy comparison prevents snapshot and providers
ok 210 - failed initialized historical deploy comparison prevents snapshot and providers
  ---
  duration_ms: 6.558574
  type: 'test'
  ...
# Subtest: failed initialized historical initialize comparison prevents snapshot and providers
ok 211 - failed initialized historical initialize comparison prevents snapshot and providers
  ---
  duration_ms: 7.233072
  type: 'test'
  ...
# Subtest: initialized actual store mismatch stops before setup
ok 212 - initialized actual store mismatch stops before setup
  ---
  duration_ms: 1.699518
  type: 'test'
  ...
# Subtest: initialized actual limits mismatch stops before setup
ok 213 - initialized actual limits mismatch stops before setup
  ---
  duration_ms: 0.714611
  type: 'test'
  ...
# Subtest: initialized actual role mismatch stops before setup
ok 214 - initialized actual role mismatch stops before setup
  ---
  duration_ms: 1.793197
  type: 'test'
  ...
# Subtest: initialized actual build mismatch stops before setup
ok 215 - initialized actual build mismatch stops before setup
  ---
  duration_ms: 0.5163
  type: 'test'
  ...
# Subtest: production rejects continuation adapters; source fixture requires every gate
ok 216 - production rejects continuation adapters; source fixture requires every gate
  ---
  duration_ms: 4.402676
  type: 'test'
  ...
# Subtest: initialized publicCheck requires its closed success result
ok 217 - initialized publicCheck requires its closed success result
  ---
  duration_ms: 1.257555
  type: 'test'
  ...
# Subtest: initialized preserveStore requires its closed success result
ok 218 - initialized preserveStore requires its closed success result
  ---
  duration_ms: 5.430645
  type: 'test'
  ...
# Subtest: initialized checkPrivate requires its closed success result
ok 219 - initialized checkPrivate requires its closed success result
  ---
  duration_ms: 1.727032
  type: 'test'
  ...
# Subtest: closed swap plan reads both actual public histories from same source result
ok 220 - closed swap plan reads both actual public histories from same source result
  ---
  duration_ms: 62.118323
  type: 'test'
  ...
# Subtest: closed swap plan rejects consumed allocation and altered/exclusive descriptor
ok 221 - closed swap plan rejects consumed allocation and altered/exclusive descriptor
  ---
  duration_ms: 0.446859
  type: 'test'
  ...
# Subtest: closed swap plan rejects consumed allocation and altered/exclusive descriptor
ok 222 - closed swap plan rejects consumed allocation and altered/exclusive descriptor
  ---
  duration_ms: 0.204817
  type: 'test'
  ...
# Subtest: closed swap plan rejects consumed allocation and altered/exclusive descriptor
ok 223 - closed swap plan rejects consumed allocation and altered/exclusive descriptor
  ---
  duration_ms: 0.195736
  type: 'test'
  ...
# Subtest: closed swap plan rejects consumed allocation and altered/exclusive descriptor
ok 224 - closed swap plan rejects consumed allocation and altered/exclusive descriptor
  ---
  duration_ms: 0.071147
  type: 'test'
  ...
# Subtest: closed swap plan rejects consumed allocation and altered/exclusive descriptor
ok 225 - closed swap plan rejects consumed allocation and altered/exclusive descriptor
  ---
  duration_ms: 0.063592
  type: 'test'
  ...
# Subtest: composed swap plan getters rejected without invocation before setup
ok 226 - composed swap plan getters rejected without invocation before setup
  ---
  duration_ms: 0.990976
  type: 'test'
  ...
# Subtest: missing initialized mint stops before preservation and new dispatch
ok 227 - missing initialized mint stops before preservation and new dispatch
  ---
  duration_ms: 3.016737
  type: 'test'
  ...
# Subtest: retains closed swap diagnostic SWAP_CONTINUATION_DEPLOY_STATE
ok 228 - retains closed swap diagnostic SWAP_CONTINUATION_DEPLOY_STATE
  ---
  duration_ms: 3.67982
  type: 'test'
  ...
# Subtest: retains closed swap diagnostic SWAP_CONTINUATION_PRIVATE_READ
ok 229 - retains closed swap diagnostic SWAP_CONTINUATION_PRIVATE_READ
  ---
  duration_ms: 1.451258
  type: 'test'
  ...
# Subtest: retains closed swap diagnostic SWAP_CONTINUATION_WALLET_HISTORY
ok 230 - retains closed swap diagnostic SWAP_CONTINUATION_WALLET_HISTORY
  ---
  duration_ms: 0.816855
  type: 'test'
  ...
# Subtest: historical fee allocations are bound separately from the new allowance
ok 231 - historical fee allocations are bound separately from the new allowance
  ---
  duration_ms: 1.548077
  type: 'test'
  ...
# Subtest: initialized swap native/full state gate watches both histories once
ok 232 - initialized swap native/full state gate watches both histories once
  ---
  duration_ms: 252.626227
  type: 'test'
  ...
# Subtest: initialized swap rejects bytes
ok 233 - initialized swap rejects bytes
  ---
  duration_ms: 68.756051
  type: 'test'
  ...
# Subtest: initialized swap rejects id
ok 234 - initialized swap rejects id
  ---
  duration_ms: 116.01805
  type: 'test'
  ...
# Subtest: initialized swap rejects status
ok 235 - initialized swap rejects status
  ---
  duration_ms: 83.362562
  type: 'test'
  ...
# Subtest: initialized swap rejects origin
ok 236 - initialized swap rejects origin
  ---
  duration_ms: 119.682581
  type: 'test'
  ...
# Subtest: initialized swap rejects time
ok 237 - initialized swap rejects time
  ---
  duration_ms: 75.635145
  type: 'test'
  ...
# Subtest: initialized swap rejects canonical
ok 238 - initialized swap rejects canonical
  ---
  duration_ms: 108.487751
  type: 'test'
  ...
# Subtest: initialized swap rejects altered deploy full state
ok 239 - initialized swap rejects altered deploy full state
  ---
  duration_ms: 109.359218
  type: 'test'
  ...
# Subtest: initialized swap rejects altered initialize full state
ok 240 - initialized swap rejects altered initialize full state
  ---
  duration_ms: 104.415904
  type: 'test'
  ...
# Subtest: initialized swap rejects altered latest full state
ok 241 - initialized swap rejects altered latest full state
  ---
  duration_ms: 111.460172
  type: 'test'
  ...
# Subtest: initialized swap arbitrary snapshot error is never retried
ok 242 - initialized swap arbitrary snapshot error is never retried
  ---
  duration_ms: 97.674429
  type: 'test'
  ...
# Subtest: initialized swap nonfinalized initialize times out before current state
ok 243 - initialized swap nonfinalized initialize times out before current state
  ---
  duration_ms: 135.831799
  type: 'test'
  ...
# Subtest: initialized swap samples forward finalized movement without repeated transaction watches
ok 244 - initialized swap samples forward finalized movement without repeated transaction watches
  ---
  duration_ms: 1151.939834
  type: 'test'
  ...
# Subtest: initialized swap rejects same-height current reorg
ok 245 - initialized swap rejects same-height current reorg
  ---
  duration_ms: 124.69565
  type: 'test'
  ...
# Subtest: swap history wallet guard detects both histories old DUST and wrapped spent inputs
ok 246 - swap history wallet guard detects both histories old DUST and wrapped spent inputs
  ---
  duration_ms: 123.154959
  type: 'test'
  ...
# Subtest: initialized store accepts actual SDK v2 namespace through separate inspection, preserving original and raw snapshot
ok 247 - initialized store accepts actual SDK v2 namespace through separate inspection, preserving original and raw snapshot
  ---
  duration_ms: 682.341716
  type: 'test'
  ...
# Subtest: initialized inspection rejects missing, extra, plaintext, v1, mismatched-salt and malformed metadata without modifying source or snapshot
ok 248 - initialized inspection rejects missing, extra, plaintext, v1, mismatched-salt and malformed metadata without modifying source or snapshot
  ---
  duration_ms: 1270.920946
  type: 'test'
  ...
# Subtest: initialized copies reject reuse, overlaps, symlinks and loose permissions
ok 249 - initialized copies reject reuse, overlaps, symlinks and loose permissions
  ---
  duration_ms: 165.67972
  type: 'test'
  ...
# Subtest: source and raw snapshot mutations during inspection are detected and retained
ok 250 - source and raw snapshot mutations during inspection are detected and retained
  ---
  duration_ms: 333.66476
  type: 'test'
  ...
# Subtest: full composition prepares address then binds colors once and records every stage before next call
ok 251 - full composition prepares address then binds colors once and records every stage before next call
  ---
  duration_ms: 20.90466
  type: 'test'
  ...
# Subtest: wrong network rejects before preparation and bounded-cleans supplied wallet
ok 252 - wrong network rejects before preparation and bounded-cleans supplied wallet
  ---
  duration_ms: 0.548119
  type: 'test'
  ...
# Subtest: wrong SDK network rejects before preparation and bounded-cleans supplied wallet
ok 253 - wrong SDK network rejects before preparation and bounded-cleans supplied wallet
  ---
  duration_ms: 0.331893
  type: 'test'
  ...
# Subtest: wrong payer rejects before preparation and bounded-cleans supplied wallet
ok 254 - wrong payer rejects before preparation and bounded-cleans supplied wallet
  ---
  duration_ms: 0.246101
  type: 'test'
  ...
# Subtest: public endpoint rejects before preparation and bounded-cleans supplied wallet
ok 255 - public endpoint rejects before preparation and bounded-cleans supplied wallet
  ---
  duration_ms: 0.149222
  type: 'test'
  ...
# Subtest: missing protocol rejects before preparation and bounded-cleans supplied wallet
ok 256 - missing protocol rejects before preparation and bounded-cleans supplied wallet
  ---
  duration_ms: 0.15497
  type: 'test'
  ...
# Subtest: unknown logical asset rejects before preparation and bounded-cleans supplied wallet
ok 257 - unknown logical asset rejects before preparation and bounded-cleans supplied wallet
  ---
  duration_ms: 0.153144
  type: 'test'
  ...
# Subtest: provider construction failure preserves failure and cleans wallet/assets
ok 258 - provider construction failure preserves failure and cleans wallet/assets
  ---
  duration_ms: 0.713413
  type: 'test'
  ...
# Subtest: driver failure before its cleanup ownership guard falls back to wallet cleanup
ok 259 - driver failure before its cleanup ownership guard falls back to wallet cleanup
  ---
  duration_ms: 2.063778
  type: 'test'
  ...
# Subtest: driver throw without cleanup receipt falls back to owned providers exactly once
ok 260 - driver throw without cleanup receipt falls back to owned providers exactly once
  ---
  duration_ms: 0.989568
  type: 'test'
  ...
# Subtest: onStage failed retention stops before another transaction
ok 261 - onStage failed retention stops before another transaction
  ---
  duration_ms: 2.133951
  type: 'test'
  ...
# Subtest: source adapters cannot silently switch into production mode
ok 262 - source adapters cannot silently switch into production mode
  ---
  duration_ms: 0.361794
  type: 'test'
  ...
# Subtest: local RPC uses one bounded nonredirecting request and validates its response identity
ok 263 - local RPC uses one bounded nonredirecting request and validates its response identity
  ---
  duration_ms: 19.757796
  type: 'test'
  ...
# Subtest: local RPC aborts an unresponsive inert request by absolute deadline
ok 264 - local RPC aborts an unresponsive inert request by absolute deadline
  ---
  duration_ms: 30.179871
  type: 'test'
  ...
# Subtest: swap waits for exact wallet mint after durable initialize comparison and before actual driver swap
ok 265 - swap waits for exact wallet mint after durable initialize comparison and before actual driver swap
  ---
  duration_ms: 5.599277
  type: 'test'
  ...
# Subtest: missing initialized wallet mint stops actual driver before swap and close
ok 266 - missing initialized wallet mint stops actual driver before swap and close
  ---
  duration_ms: 1.529827
  type: 'test'
  ...
# Subtest: wallet sync that crosses the admission deadline prevents swap
ok 267 - wallet sync that crosses the admission deadline prevents swap
  ---
  duration_ms: 0.964736
  type: 'test'
  ...
# Subtest: asset mutation after a recorded stage stops before the next SDK stage
ok 268 - asset mutation after a recorded stage stops before the next SDK stage
  ---
  duration_ms: 0.923736
  type: 'test'
  ...
# Subtest: inert contained success is explicitly source-only and never financial acceptance
ok 269 - inert contained success is explicitly source-only and never financial acceptance
  ---
  duration_ms: 3.234077
  type: 'test'
  ...
# Subtest: RPC rejects mismatched IDs and oversized bodies without a retry
ok 270 - RPC rejects mismatched IDs and oversized bodies without a retry
  ---
  duration_ms: 1.380617
  type: 'test'
  ...
# Subtest: protocol and reviewed callbacks remain captured after asynchronous preparation starts
ok 271 - protocol and reviewed callbacks remain captured after asynchronous preparation starts
  ---
  duration_ms: 1.551086
  type: 'test'
  ...
# Subtest: recovery composition restores before real driver, observes historical deploy once and submits only three calls
ok 272 - recovery composition restores before real driver, observes historical deploy once and submits only three calls
  ---
  duration_ms: 3.239286
  type: 'test'
  ...
# Subtest: recovery publicCheck failure stops before driver and cleans owned resources
ok 273 - recovery publicCheck failure stops before driver and cleans owned resources
  ---
  duration_ms: 1.041743
  type: 'test'
  ...
# Subtest: recovery checkWallet failure stops before driver and cleans owned resources
ok 274 - recovery checkWallet failure stops before driver and cleans owned resources
  ---
  duration_ms: 0.822368
  type: 'test'
  ...
# Subtest: recovery reconstruct failure stops before driver and cleans owned resources
ok 275 - recovery reconstruct failure stops before driver and cleans owned resources
  ---
  duration_ms: 0.678799
  type: 'test'
  ...
# Subtest: recovery inspectStore failure stops before driver and cleans owned resources
ok 276 - recovery inspectStore failure stops before driver and cleans owned resources
  ---
  duration_ms: 0.959482
  type: 'test'
  ...
# Subtest: recovery restore failure stops before driver and cleans owned resources
ok 277 - recovery restore failure stops before driver and cleans owned resources
  ---
  duration_ms: 0.775165
  type: 'test'
  ...
# Subtest: recovery wallet synchronization rejection prevents constructor, store and driver
ok 278 - recovery wallet synchronization rejection prevents constructor, store and driver
  ---
  duration_ms: 1.003965
  type: 'test'
  ...
# Subtest: recovery rejects actual allocation differing from closed plan before recovery work
ok 279 - recovery rejects actual allocation differing from closed plan before recovery work
  ---
  duration_ms: 0.744864
  type: 'test'
  ...
# Subtest: recovery rejects actual submissions differing from closed plan before recovery work
ok 280 - recovery rejects actual submissions differing from closed plan before recovery work
  ---
  duration_ms: 0.729797
  type: 'test'
  ...
# Subtest: recovery rejects actual dust differing from closed plan before recovery work
ok 281 - recovery rejects actual dust differing from closed plan before recovery work
  ---
  duration_ms: 0.348892
  type: 'test'
  ...
# Subtest: recovery rejects actual gross cap differing from closed plan before recovery work
ok 282 - recovery rejects actual gross cap differing from closed plan before recovery work
  ---
  duration_ms: 0.405472
  type: 'test'
  ...
# Subtest: recovery rejects actual deadline differing from closed plan before recovery work
ok 283 - recovery rejects actual deadline differing from closed plan before recovery work
  ---
  duration_ms: 0.394491
  type: 'test'
  ...
# Subtest: recovery rejects actual journal differing from closed plan before recovery work
ok 284 - recovery rejects actual journal differing from closed plan before recovery work
  ---
  duration_ms: 0.843341
  type: 'test'
  ...
# Subtest: recovery rejects actual store directory differing from closed plan before recovery work
ok 285 - recovery rejects actual store directory differing from closed plan before recovery work
  ---
  duration_ms: 0.421103
  type: 'test'
  ...
# Subtest: recovery rejects actual store namespace differing from closed plan before recovery work
ok 286 - recovery rejects actual store namespace differing from closed plan before recovery work
  ---
  duration_ms: 0.517754
  type: 'test'
  ...
# Subtest: recovery rejects actual role differing from closed plan before recovery work
ok 287 - recovery rejects actual role differing from closed plan before recovery work
  ---
  duration_ms: 0.434386
  type: 'test'
  ...
# Subtest: recovery rejects actual wallet differing from closed plan before recovery work
ok 288 - recovery rejects actual wallet differing from closed plan before recovery work
  ---
  duration_ms: 0.368595
  type: 'test'
  ...
# Subtest: recovery rejects actual network tag differing from closed plan before recovery work
ok 289 - recovery rejects actual network tag differing from closed plan before recovery work
  ---
  duration_ms: 0.456688
  type: 'test'
  ...
# Subtest: recovery rejects actual build differing from closed plan before recovery work
ok 290 - recovery rejects actual build differing from closed plan before recovery work
  ---
  duration_ms: 0.556541
  type: 'test'
  ...
# Subtest: recovery plan rejects changed deployment identity and unchecked identity shortcut
ok 291 - recovery plan rejects changed deployment identity and unchecked identity shortcut
  ---
  duration_ms: 1.249025
  type: 'test'
  ...
# Subtest: production integration rejects recovery adapters before loading runtime or touching private state
ok 292 - production integration rejects recovery adapters before loading runtime or touching private state
  ---
  duration_ms: 0.283959
  type: 'test'
  ...
# Subtest: source recovery requires all recovery adapters
ok 293 - source recovery requires all recovery adapters
  ---
  duration_ms: 1.900147
  type: 'test'
  ...
# Subtest: nonempty recovery destination stops before provider creation and driver
ok 294 - nonempty recovery destination stops before provider creation and driver
  ---
  duration_ms: 1.924275
  type: 'test'
  ...
# Subtest: recovery rejects deployment identity getter before cloning or executing it
ok 295 - recovery rejects deployment identity getter before cloning or executing it
  ---
  duration_ms: 2.344975
  type: 'test'
  ...
# Subtest: initialized composition replays history once before store access and only submits accrue and settle
ok 296 - initialized composition replays history once before store access and only submits accrue and settle
  ---
  duration_ms: 2.973804
  type: 'test'
  ...
# Subtest: initialized publicCheck failure stops calls and cleans owned resources
ok 297 - initialized publicCheck failure stops calls and cleans owned resources
  ---
  duration_ms: 1.359108
  type: 'test'
  ...
# Subtest: initialized checkWallet failure stops calls and cleans owned resources
ok 298 - initialized checkWallet failure stops calls and cleans owned resources
  ---
  duration_ms: 0.881625
  type: 'test'
  ...
# Subtest: initialized preserveStore failure stops calls and cleans owned resources
ok 299 - initialized preserveStore failure stops calls and cleans owned resources
  ---
  duration_ms: 1.08266
  type: 'test'
  ...
# Subtest: initialized checkPrivate failure stops calls and cleans owned resources
ok 300 - initialized checkPrivate failure stops calls and cleans owned resources
  ---
  duration_ms: 0.968118
  type: 'test'
  ...
# Subtest: failed initialized historical deploy comparison prevents snapshot and providers
ok 301 - failed initialized historical deploy comparison prevents snapshot and providers
  ---
  duration_ms: 2.038615
  type: 'test'
  ...
# Subtest: failed initialized historical initialize comparison prevents snapshot and providers
ok 302 - failed initialized historical initialize comparison prevents snapshot and providers
  ---
  duration_ms: 1.00637
  type: 'test'
  ...
# Subtest: initialized actual store mismatch stops before setup
ok 303 - initialized actual store mismatch stops before setup
  ---
  duration_ms: 2.551448
  type: 'test'
  ...
# Subtest: initialized actual limits mismatch stops before setup
ok 304 - initialized actual limits mismatch stops before setup
  ---
  duration_ms: 0.581641
  type: 'test'
  ...
# Subtest: initialized actual role mismatch stops before setup
ok 305 - initialized actual role mismatch stops before setup
  ---
  duration_ms: 0.466133
  type: 'test'
  ...
# Subtest: initialized actual build mismatch stops before setup
ok 306 - initialized actual build mismatch stops before setup
  ---
  duration_ms: 0.37703
  type: 'test'
  ...
# Subtest: production rejects continuation adapters; source fixture requires every gate
ok 307 - production rejects continuation adapters; source fixture requires every gate
  ---
  duration_ms: 3.592973
  type: 'test'
  ...
# Subtest: initialized publicCheck requires its closed success result
ok 308 - initialized publicCheck requires its closed success result
  ---
  duration_ms: 0.997421
  type: 'test'
  ...
# Subtest: initialized preserveStore requires its closed success result
ok 309 - initialized preserveStore requires its closed success result
  ---
  duration_ms: 0.835052
  type: 'test'
  ...
# Subtest: initialized checkPrivate requires its closed success result
ok 310 - initialized checkPrivate requires its closed success result
  ---
  duration_ms: 1.145503
  type: 'test'
  ...
# Subtest: integration failure emits only a closed code and excludes unknown SDK text
ok 311 - integration failure emits only a closed code and excludes unknown SDK text
  ---
  duration_ms: 0.456014
  type: 'test'
  ...
# Subtest: actual production preflight failure survives durable launcher retention with its closed code
ok 312 - actual production preflight failure survives durable launcher retention with its closed code
  ---
  duration_ms: 1.006787
  type: 'test'
  ...
# Subtest: current and historical comparator allowances remain separate in each loan mode
ok 313 - current and historical comparator allowances remain separate in each loan mode
  ---
  duration_ms: 2.710449
  type: 'test'
  ...
# Subtest: control composes actual driver, observer/native decoder and comparator with source-only durable retention
ok 314 - control composes actual driver, observer/native decoder and comparator with source-only durable retention
  ---
  duration_ms: 195.632716
  type: 'test'
  ...
# Subtest: composed negative: wrong payer binding after durable deploy stops and preserves charged public failure evidence
ok 315 - composed negative: wrong payer binding after durable deploy stops and preserves charged public failure evidence
  ---
  duration_ms: 18.626098
  type: 'test'
  ...
# Subtest: composed negative: wrong indexed recipient in initialize stops and preserves charged public failure evidence
ok 316 - composed negative: wrong indexed recipient in initialize stops and preserves charged public failure evidence
  ---
  duration_ms: 32.048753
  type: 'test'
  ...
# Subtest: composed negative: deleted wire fee fields stops and preserves charged public failure evidence
ok 317 - composed negative: deleted wire fee fields stops and preserves charged public failure evidence
  ---
  duration_ms: 14.884663
  type: 'test'
  ...
# Subtest: composed negative: deleted observed fee fields stops and preserves charged public failure evidence
ok 318 - composed negative: deleted observed fee fields stops and preserves charged public failure evidence
  ---
  duration_ms: 16.733718
  type: 'test'
  ...
# Subtest: composed negative: understated native debit after actual observer stops and preserves charged public failure evidence
ok 319 - composed negative: understated native debit after actual observer stops and preserves charged public failure evidence
  ---
  duration_ms: 17.48451
  type: 'test'
  ...
# Subtest: composed negative: wrong native payer in settle observation stops and preserves charged public failure evidence
ok 320 - composed negative: wrong native payer in settle observation stops and preserves charged public failure evidence
  ---
  duration_ms: 75.474603
  type: 'test'
  ...
# Subtest: local actual observer/comparator composition enforces its admitted cumulative cap
ok 321 - local actual observer/comparator composition enforces its admitted cumulative cap
  ---
  duration_ms: 136.576087
  type: 'test'
  ...
# Subtest: literal handoff protocol constants and fixed event field order
ok 322 - literal handoff protocol constants and fixed event field order
  ---
  duration_ms: 1.524883
  type: 'test'
  ...
# Subtest: real nonce generation returns distinct 256-bit Buffers
ok 323 - real nonce generation returns distinct 256-bit Buffers
  ---
  duration_ms: 0.592749
  type: 'test'
  ...
# Subtest: raw nonce hex and its SHA-256 digest are distinct lowercase hex
ok 324 - raw nonce hex and its SHA-256 digest are distinct lowercase hex
  ---
  duration_ms: 0.559695
  type: 'test'
  ...
# Subtest: constant-time comparison handles fixed and mismatched lengths and rejects types
ok 325 - constant-time comparison handles fixed and mismatched lengths and rejects types
  ---
  duration_ms: 0.708909
  type: 'test'
  ...
# Subtest: closed handoff environment contains only the two authority-neutral transport values
ok 326 - closed handoff environment contains only the two authority-neutral transport values
  ---
  duration_ms: 0.63672
  type: 'test'
  ...
# Subtest: real runtime directory is forced to mode 0700 under a permissive umask
ok 327 - real runtime directory is forced to mode 0700 under a permissive umask
  ---
  duration_ms: 10.734658
  type: 'test'
  ...
# Subtest: real invocation socket is mode 0600 and exchanges bytes over AF_UNIX
ok 328 - real invocation socket is mode 0600 and exchanges bytes over AF_UNIX
  ---
  duration_ms: 5.456167
  type: 'test'
  ...
# Subtest: real proc stat parser reports this process parent and positive start ticks
ok 329 - real proc stat parser reports this process parent and positive start ticks
  ---
  duration_ms: 0.681457
  type: 'test'
  ...
# Subtest: bounded ancestry accepts descendants and rejects PID reuse, siblings, excess depth and vanished PIDs
ok 330 - bounded ancestry accepts descendants and rejects PID reuse, siblings, excess depth and vanished PIDs
  ---
  duration_ms: 0.466954
  type: 'test'
  ...
# Subtest: peer UID and boot ID comparisons validate types and compare exactly
ok 331 - peer UID and boot ID comparisons validate types and compare exactly
  ---
  duration_ms: 0.303666
  type: 'test'
  ...
# Subtest: missing Node SO_PEERCRED boundary fails loudly
ok 332 - missing Node SO_PEERCRED boundary fails loudly
  ---
  duration_ms: 0.134647
  type: 'test'
  ...
# Subtest: EOF classifiers return exact frozen outcomes without overwriting retained failure
ok 333 - EOF classifiers return exact frozen outcomes without overwriting retained failure
  ---
  duration_ms: 0.406561
  type: 'test'
  ...
# Subtest: invocation payload is closed, frozen, canonical and sensitive to every field
ok 334 - invocation payload is closed, frozen, canonical and sensitive to every field
  ---
  duration_ms: 3.956423
  type: 'test'
  ...
# Subtest: boot mismatch child check rejects a different real UUID and accepts the payload UUID
ok 335 - boot mismatch child check rejects a different real UUID and accepts the payload UUID
  ---
  duration_ms: 0.118563
  type: 'test'
  ...
# Subtest: denial force-closes a server socket that does not close after its final write
ok 336 - denial force-closes a server socket that does not close after its final write
  ---
  duration_ms: 254.802932
  type: 'test'
  ...
# Subtest: handoff happy path returns real peer observations and exact response
ok 337 - handoff happy path returns real peer observations and exact response
  ---
  duration_ms: 2.749564
  type: 'test'
  ...
# Subtest: handoff denies forged nonce in order
ok 338 - handoff denies forged nonce in order
  ---
  duration_ms: 2.924396
  type: 'test'
  ...
# Subtest: handoff denies wrong authority in order
ok 339 - handoff denies wrong authority in order
  ---
  duration_ms: 1.70055
  type: 'test'
  ...
# Subtest: handoff denies wrong reservation in order
ok 340 - handoff denies wrong reservation in order
  ---
  duration_ms: 1.708811
  type: 'test'
  ...
# Subtest: handoff denies stale store event in order
ok 341 - handoff denies stale store event in order
  ---
  duration_ms: 2.445189
  type: 'test'
  ...
# Subtest: different launcher PID ancestry denial precedes state confirmation and response
ok 342 - different launcher PID ancestry denial precedes state confirmation and response
  ---
  duration_ms: 1.044515
  type: 'test'
  ...
# Subtest: peer UID mismatch stops before PID ancestry and state checks
ok 343 - peer UID mismatch stops before PID ancestry and state checks
  ---
  duration_ms: 1.304279
  type: 'test'
  ...
# Subtest: boot mismatch records and returns its distinct denial before state confirmation
ok 344 - boot mismatch records and returns its distinct denial before state confirmation
  ---
  duration_ms: 3.038023
  type: 'test'
  ...
# Subtest: successful handshake is one-shot and a replay never answers before its denial record completes
ok 345 - successful handshake is one-shot and a replay never answers before its denial record completes
  ---
  duration_ms: 35.357718
  type: 'test'
  ...
# Subtest: EOF before setup refuses startup
ok 346 - EOF before setup refuses startup
  ---
  duration_ms: 2.04386
  type: 'test'
  ...
# Subtest: setup timeout without a connection resolves denial
ok 347 - setup timeout without a connection resolves denial
  ---
  duration_ms: 16.314336
  type: 'test'
  ...
# Subtest: malformed handshake JSON and missing fields deny without state work
ok 348 - malformed handshake JSON and missing fields deny without state work
  ---
  duration_ms: 2.289163
  type: 'test'
  ...
# Subtest: parent disappearance after startup classifies real channel EOF for retained and unknown outcomes
ok 349 - parent disappearance after startup classifies real channel EOF for retained and unknown outcomes
  ---
  duration_ms: 1.469167
  type: 'test'
  ...
# Subtest: server options are closed and require explicit peer credential retrieval
ok 350 - server options are closed and require explicit peer credential retrieval
  ---
  duration_ms: 0.524031
  type: 'test'
  ...
# Subtest: abort before any connection settles as HANDSHAKE_ABORTED, clears the setup timer and detaches the connection listener without a denial record
ok 351 - abort before any connection settles as HANDSHAKE_ABORTED, clears the setup timer and detaches the connection listener without a denial record
  ---
  duration_ms: 63.997948
  type: 'test'
  ...
# Subtest: abort during a pending replay clears the replay timer and records no late denial
ok 352 - abort during a pending replay clears the replay timer and records no late denial
  ---
  duration_ms: 88.389283
  type: 'test'
  ...
# Subtest: abort while state confirmation is outstanding starts no denial record and never answers
ok 353 - abort while state confirmation is outstanding starts no denial record and never answers
  ---
  duration_ms: 15.146507
  type: 'test'
  ...
# Subtest: an already-aborted signal settles immediately and a malformed signal is rejected
ok 354 - an already-aborted signal settles immediately and a malformed signal is rejected
  ---
  duration_ms: 0.56805
  type: 'test'
  ...
# Subtest: closed local plan validates without opening secret paths
ok 355 - closed local plan validates without opening secret paths
  ---
  duration_ms: 1.212532
  type: 'test'
  ...
# Subtest: rejects remote endpoints, Preview, embedded secrets, unknown fields and unbounded limits
ok 356 - rejects remote endpoints, Preview, embedded secrets, unknown fields and unbounded limits
  ---
  duration_ms: 0.595557
  type: 'test'
  ...
# Subtest: private input reader rejects permissive files and symlinks without leaking contents
ok 357 - private input reader rejects permissive files and symlinks without leaking contents
  ---
  duration_ms: 0.835876
  type: 'test'
  ...
# Subtest: private input reader and CLI reject a FIFO without waiting for a writer
ok 358 - private input reader and CLI reject a FIFO without waiting for a writer
  ---
  duration_ms: 299.228491
  type: 'test'
  ...
# Subtest: event projection drops private fields and rejects unexpected event kinds
ok 359 - event projection drops private fields and rejects unexpected event kinds
  ---
  duration_ms: 0.839759
  type: 'test'
  ...
# Subtest: actual pinned launch SDK files satisfy source inspection without wallet construction
ok 360 - actual pinned launch SDK files satisfy source inspection without wallet construction
  ---
  duration_ms: 8.923709
  type: 'test'
  ...
# Subtest: CLI requires an explicit run, plan path and exact digest without echoing arguments
ok 361 - CLI requires an explicit run, plan path and exact digest without echoing arguments
  ---
  duration_ms: 33.698887
  type: 'test'
  ...
# Subtest: strict saved-state envelope rejects absent, null and incompatible restore data
ok 362 - strict saved-state envelope rejects absent, null and incompatible restore data
  ---
  duration_ms: 0.291185
  type: 'test'
  ...
# Subtest: real pinned API exports compose without constructing a wallet or key
ok 363 - real pinned API exports compose without constructing a wallet or key
  ---
  duration_ms: 1797.91796
  type: 'test'
  ...
# Subtest: public submission capture persists actual historical native bytes before inert submission and retains failure evidence
ok 364 - public submission capture persists actual historical native bytes before inert submission and retains failure evidence
  ---
  duration_ms: 85.651511
  type: 'test'
  ...
# Subtest: submission evidence storage failure prevents calling even an inert submitter
ok 365 - submission evidence storage failure prevents calling even an inert submitter
  ---
  duration_ms: 47.026231
  type: 'test'
  ...
# Subtest: complete reviewed public integration result preserves failed driver receipts, cleanup and finished comparison
ok 366 - complete reviewed public integration result preserves failed driver receipts, cleanup and finished comparison
  ---
  duration_ms: 1.377996
  type: 'test'
  ...
# Subtest: storage password preflight applies actual SDK policy before wallet work and emits only a closed error
ok 367 - storage password preflight applies actual SDK policy before wallet work and emits only a closed error
  ---
  duration_ms: 2.078132
  type: 'test'
  ...
# Subtest: closed recovery launch keeps original wallet and roles and permits exactly three submissions
ok 368 - closed recovery launch keeps original wallet and roles and permits exactly three submissions
  ---
  duration_ms: 1.794205
  type: 'test'
  ...
# Subtest: launcher rejects malformed diagnostic fields and accessors before durable retention
ok 369 - launcher rejects malformed diagnostic fields and accessors before durable retention
  ---
  duration_ms: 0.8922
  type: 'test'
  ...
# Subtest: initialized launch admits exactly two calls against the fixed existing store without private access
ok 370 - initialized launch admits exactly two calls against the fixed existing store without private access
  ---
  duration_ms: 0.877705
  type: 'test'
  ...
# Subtest: initialized launch rejects combined modes, replacement private state, identity and history changes
ok 371 - initialized launch rejects combined modes, replacement private state, identity and history changes
  ---
  duration_ms: 2.419032
  type: 'test'
  ...
# Subtest: public integration failure code is retained only as an allowlisted own data field on failure
ok 372 - public integration failure code is retained only as an allowlisted own data field on failure
  ---
  duration_ms: 1.0324
  type: 'test'
  ...
# Subtest: the observed 39-hour-old tip cannot reach wallet balancing
ok 373 - the observed 39-hour-old tip cannot reach wallet balancing
  ---
  duration_ms: 61.283052
  type: 'test'
  ...
# Subtest: fresh indexed block is checked against finalized node chain before each balance
ok 374 - fresh indexed block is checked against finalized node chain before each balance
  ---
  duration_ms: 1002.092604
  type: 'test'
  ...
# Subtest: future, mismatched, far-behind and invalid block observations fail closed
ok 375 - future, mismatched, far-behind and invalid block observations fail closed
  ---
  duration_ms: 187.848374
  type: 'test'
  ...
# Subtest: readiness retries only reads until the indexed tip becomes fresh
ok 376 - readiness retries only reads until the indexed tip becomes fresh
  ---
  duration_ms: 1006.66929
  type: 'test'
  ...
# Subtest: hung and oversized indexer responses stop within the shared deadline
ok 377 - hung and oversized indexer responses stop within the shared deadline
  ---
  duration_ms: 81.317183
  type: 'test'
  ...
# Subtest: local readiness rejects remote endpoints before fetching
ok 378 - local readiness rejects remote endpoints before fetching
  ---
  duration_ms: 0.332997
  type: 'test'
  ...
# Subtest: SDK second-query regression is rejected before returning a recipe for signing
ok 379 - SDK second-query regression is rejected before returning a recipe for signing
  ---
  duration_ms: 1.113456
  type: 'test'
  ...
# Subtest: actual rejected native transaction cannot reach another submission
ok 380 - actual rejected native transaction cannot reach another submission
  ---
  duration_ms: 84.144754
  type: 'test'
  ...
# Subtest: epoch millisecond timestamps use SDK units without accepting second-scale values
ok 381 - epoch millisecond timestamps use SDK units without accepting second-scale values
  ---
  duration_ms: 42.762347
  type: 'test'
  ...
# Subtest: slow proof and future native DUST time stop submission; recent native time passes
ok 382 - slow proof and future native DUST time stop submission; recent native time passes
  ---
  duration_ms: 0.493454
  type: 'test'
  ...
# Subtest: readiness retention crossing the deadline cannot start wallet balancing
ok 383 - readiness retention crossing the deadline cannot start wallet balancing
  ---
  duration_ms: 0.689802
  type: 'test'
  ...
# Subtest: recovery exact-finality readiness waits for matching head while ordinary readiness permits nearby blocks
ok 384 - recovery exact-finality readiness waits for matching head while ordinary readiness permits nearby blocks
  ---
  duration_ms: 38.808691
  type: 'test'
  ...
# Subtest: actual public preflight rejects wrong genesis after retained native and build checks without private access
ok 385 - actual public preflight rejects wrong genesis after retained native and build checks without private access
  ---
  duration_ms: 999.149872
  type: 'test'
  ...
# Subtest: preparation fixes the contract address before funding and submits the same transaction once
ok 386 - preparation fixes the contract address before funding and submits the same transaction once
  ---
  duration_ms: 28.477631
  type: 'test'
  ...
# Subtest: prepared deployment rejects changed constructor or private state before submission
ok 387 - prepared deployment rejects changed constructor or private state before submission
  ---
  duration_ms: 9.316105
  type: 'test'
  ...
# Subtest: submission failure is single-use and stores no successful deployment state
ok 388 - submission failure is single-use and stores no successful deployment state
  ---
  duration_ms: 2.201961
  type: 'test'
  ...
# Subtest: preparation verifies native deployment identity and retains an immutable byte snapshot
ok 389 - preparation verifies native deployment identity and retains an immutable byte snapshot
  ---
  duration_ms: 3.861938
  type: 'test'
  ...
# Subtest: loan synthetic layout and inert constructor composition remain nonexecutable
ok 390 - loan synthetic layout and inert constructor composition remain nonexecutable
  ---
  duration_ms: 295.373997
  type: 'test'
  ...
# Subtest: swap synthetic layout and inert constructor composition remain nonexecutable
ok 391 - swap synthetic layout and inert constructor composition remain nonexecutable
  ---
  duration_ms: 18.245979
  type: 'test'
  ...
# Subtest: synthetic receipts cannot use executable loader adapters or flipped proven flags
ok 392 - synthetic receipts cannot use executable loader adapters or flipped proven flags
  ---
  duration_ms: 13.691912
  type: 'test'
  ...
# Subtest: receipt binding rejects before module adapter
ok 393 - receipt binding rejects before module adapter
  ---
  duration_ms: 2.0313
  type: 'test'
  ...
# Subtest: stale sources rejects before module adapter
ok 394 - stale sources rejects before module adapter
  ---
  duration_ms: 3.239343
  type: 'test'
  ...
# Subtest: wrong case rejects before module adapter
ok 395 - wrong case rejects before module adapter
  ---
  duration_ms: 2.122951
  type: 'test'
  ...
# Subtest: skip-zk command rejects before module adapter
ok 396 - skip-zk command rejects before module adapter
  ---
  duration_ms: 3.011218
  type: 'test'
  ...
# Subtest: missing key rejects before module adapter
ok 397 - missing key rejects before module adapter
  ---
  duration_ms: 3.368918
  type: 'test'
  ...
# Subtest: wrong metadata rejects before module adapter
ok 398 - wrong metadata rejects before module adapter
  ---
  duration_ms: 3.545062
  type: 'test'
  ...
# Subtest: missing circuit rejects before module adapter
ok 399 - missing circuit rejects before module adapter
  ---
  duration_ms: 3.768406
  type: 'test'
  ...
# Subtest: unlisted asset rejects before module adapter
ok 400 - unlisted asset rejects before module adapter
  ---
  duration_ms: 3.060131
  type: 'test'
  ...
# Subtest: mutated asset rejects before module adapter
ok 401 - mutated asset rejects before module adapter
  ---
  duration_ms: 2.934785
  type: 'test'
  ...
# Subtest: unsafe path rejects before module adapter
ok 402 - unsafe path rejects before module adapter
  ---
  duration_ms: 1.43153
  type: 'test'
  ...
# Subtest: symlink asset rejects before module adapter
ok 403 - symlink asset rejects before module adapter
  ---
  duration_ms: 2.847617
  type: 'test'
  ...
# Subtest: new package import rejects before module adapter
ok 404 - new package import rejects before module adapter
  ---
  duration_ms: 13.155412
  type: 'test'
  ...
# Subtest: lazy import rejects before module adapter
ok 405 - lazy import rejects before module adapter
  ---
  duration_ms: 18.64602
  type: 'test'
  ...
# Subtest: source adapter exercises actual pinned protocol CompiledContract constructors without executable result
ok 406 - source adapter exercises actual pinned protocol CompiledContract constructors without executable result
  ---
  duration_ms: 505.134736
  type: 'test'
  ...
# Subtest: module adapter mutation is caught by complete post-composition reinspection
ok 407 - module adapter mutation is caught by complete post-composition reinspection
  ---
  duration_ms: 18.393939
  type: 'test'
  ...
# Subtest: literal prover lifetime constants and BigInt bounds remain anchored to outer start
ok 408 - literal prover lifetime constants and BigInt bounds remain anchored to outer start
  ---
  duration_ms: 2.413427
  type: 'test'
  ...
# Subtest: wrapper entry accepts only times strictly before the absolute latest start
ok 409 - wrapper entry accepts only times strictly before the absolute latest start
  ---
  duration_ms: 0.4191
  type: 'test'
  ...
# Subtest: wrapper deadline is the earlier of entry plus 1500 seconds and the control deadline
ok 410 - wrapper deadline is the earlier of entry plus 1500 seconds and the control deadline
  ---
  duration_ms: 0.355129
  type: 'test'
  ...
# Subtest: control record encoding is the exact six-line ASCII format and round trips canonically
ok 411 - control record encoding is the exact six-line ASCII format and round trips canonically
  ---
  duration_ms: 1.059847
  type: 'test'
  ...
# Subtest: control record encoder rejects every malformed field and unknown fields
ok 412 - control record encoder rejects every malformed field and unknown fields
  ---
  duration_ms: 0.369465
  type: 'test'
  ...
# Subtest: control record decoder rejects size, CR, framing, schema and malformed fields distinctly
ok 413 - control record decoder rejects size, CR, framing, schema and malformed fields distinctly
  ---
  duration_ms: 0.646687
  type: 'test'
  ...
# Subtest: clock identity compares boot ID and normalized namespace inode without I/O
ok 414 - clock identity compares boot ID and normalized namespace inode without I/O
  ---
  duration_ms: 0.229878
  type: 'test'
  ...
# Subtest: actual SDK queryContractState producer passes native balance extraction with its compact-runtime class
ok 415 - actual SDK queryContractState producer passes native balance extraction with its compact-runtime class
  ---
  duration_ms: 668.554707
  type: 'test'
  ...
# Subtest: constructs the actual SDK provider interfaces with account-scoped storage and proven asset path
ok 416 - constructs the actual SDK provider interfaces with account-scoped storage and proven asset path
  ---
  duration_ms: 3.200421
  type: 'test'
  ...
# Subtest: real pinned SDK constructors accept production options without storage or network operations
ok 417 - real pinned SDK constructors accept production options without storage or network operations
  ---
  duration_ms: 744.686021
  type: 'test'
  ...
# Subtest: production balance/sign/finalize/submit retains per-asset gross without subtracting refunds
ok 418 - production balance/sign/finalize/submit retains per-asset gross without subtracting refunds
  ---
  duration_ms: 160.099104
  type: 'test'
  ...
# Subtest: rejects malformed counters before wallet balance or signing
ok 419 - rejects malformed counters before wallet balance or signing
  ---
  duration_ms: 3.796184
  type: 'test'
  ...
# Subtest: unknown recipes and diagnostic transaction maps stop before signing or finalizing
ok 420 - unknown recipes and diagnostic transaction maps stop before signing or finalizing
  ---
  duration_ms: 26.928408
  type: 'test'
  ...
# Subtest: DUST registration is excluded before signing regardless of signature presence or fee authorization
ok 421 - DUST registration is excluded before signing regardless of signature presence or fee authorization
  ---
  duration_ms: 14.970907
  type: 'test'
  ...
# Subtest: wrong signatures reject before finalize; presence is insufficient
ok 422 - wrong signatures reject before finalize; presence is insufficient
  ---
  duration_ms: 22.9651
  type: 'test'
  ...
# Subtest: changed fallible output and extra finalized intent stop submission and retain reservation
ok 423 - changed fallible output and extra finalized intent stop submission and retain reservation
  ---
  duration_ms: 81.621925
  type: 'test'
  ...
# Subtest: submission only accepts issued unchanged transaction once
ok 424 - submission only accepts issued unchanged transaction once
  ---
  duration_ms: 33.382463
  type: 'test'
  ...
# Subtest: deadline during finalization stops all later effects and reports uncontained operation
ok 425 - deadline during finalization stops all later effects and reports uncontained operation
  ---
  duration_ms: 85.134334
  type: 'test'
  ...
# Subtest: inert ambiguous submit failure permanently stops provider and retains IDs
ok 426 - inert ambiguous submit failure permanently stops provider and retains IDs
  ---
  duration_ms: 17.495135
  type: 'test'
  ...
# Subtest: extra unshielded balancing transaction rejects despite admitted assets
ok 427 - extra unshielded balancing transaction rejects despite admitted assets
  ---
  duration_ms: 8.735824
  type: 'test'
  ...
# Subtest: unknown asset and exhausted submission cap reject before further wallet operations
ok 428 - unknown asset and exhausted submission cap reject before further wallet operations
  ---
  duration_ms: 23.113521
  type: 'test'
  ...
# Subtest: query deadline and explicit cleanup share the wallet stop latch
ok 429 - query deadline and explicit cleanup share the wallet stop latch
  ---
  duration_ms: 0.941834
  type: 'test'
  ...
# Subtest: actual wallet balance flags exclude shielded funding; pre-proof callers reject before balance
ok 430 - actual wallet balance flags exclude shielded funding; pre-proof callers reject before balance
  ---
  duration_ms: 21.410287
  type: 'test'
  ...
# Subtest: balancing recipe with unadmitted gross rejects before sign
ok 431 - balancing recipe with unadmitted gross rejects before sign
  ---
  duration_ms: 10.383724
  type: 'test'
  ...
# Subtest: durable allocation refuses absent/corrupt/reset state and mismatched limits
ok 432 - durable allocation refuses absent/corrupt/reset state and mismatched limits
  ---
  duration_ms: 1.531551
  type: 'test'
  ...
# Subtest: successful reconstruction preserves charges; failed finalization persists a stop and charges
ok 433 - successful reconstruction preserves charges; failed finalization persists a stop and charges
  ---
  duration_ms: 94.916824
  type: 'test'
  ...
# Subtest: shared file serializes allocation ownership and crash lock is never reset
ok 434 - shared file serializes allocation ownership and crash lock is never reset
  ---
  duration_ms: 18.24641
  type: 'test'
  ...
# Subtest: original snapshot rejects in-place changed recipient/value/action and added base intent before signing
ok 435 - original snapshot rejects in-place changed recipient/value/action and added base intent before signing
  ---
  duration_ms: 23.452064
  type: 'test'
  ...
# Subtest: permitted appended payer funding/change preserves original outputs and durably reserves before finalize
ok 436 - permitted appended payer funding/change preserves original outputs and durably reserves before finalize
  ---
  duration_ms: 32.69328
  type: 'test'
  ...
# Subtest: already constructed second provider reloads durable allowance before wallet effects
ok 437 - already constructed second provider reloads durable allowance before wallet effects
  ---
  duration_ms: 16.538331
  type: 'test'
  ...
# Subtest: execution binding captures wallet-derived payer and immutable endpoints but reads current SDK network
ok 438 - execution binding captures wallet-derived payer and immutable endpoints but reads current SDK network
  ---
  duration_ms: 1.484264
  type: 'test'
  ...
# Subtest: allocation binding rejects changed payer, network and allocation identity before wallet effects
ok 439 - allocation binding rejects changed payer, network and allocation identity before wallet effects
  ---
  duration_ms: 2.867822
  type: 'test'
  ...
# Subtest: observer reads actual initialized reserves from its exact-block native state, not empty separate index
ok 440 - observer reads actual initialized reserves from its exact-block native state, not empty separate index
  ---
  duration_ms: 223.810968
  type: 'test'
  ...
# Subtest: an unavailable separate balance projection cannot suppress complete native balances
ok 441 - an unavailable separate balance projection cannot suppress complete native balances
  ---
  duration_ms: 73.338892
  type: 'test'
  ...
# Subtest: observer rejects a plain object in place of native exact-block contract state
ok 442 - observer rejects a plain object in place of native exact-block contract state
  ---
  duration_ms: 60.782664
  type: 'test'
  ...
# Subtest: native byte decoder exposes signed owners and complete gross inputs and outputs
ok 443 - native byte decoder exposes signed owners and complete gross inputs and outputs
  ---
  duration_ms: 47.782001
  type: 'test'
  ...
# Subtest: native byte decoder rejects noncanonical bytes and missing input signatures
ok 444 - native byte decoder rejects noncanonical bytes and missing input signatures
  ---
  duration_ms: 22.240253
  type: 'test'
  ...
# Subtest: finality observer checks canonical block and queries state at the same block hash
ok 445 - finality observer checks canonical block and queries state at the same block hash
  ---
  duration_ms: 11.613103
  type: 'test'
  ...
# Subtest: observer traverses native deployment bytes with inert RPC and rejects financial observation corruption
ok 446 - observer traverses native deployment bytes with inert RPC and rejects financial observation corruption
  ---
  duration_ms: 46.315649
  type: 'test'
  ...
# Subtest: contract effect projection retains mints, contract IO and precise public payouts
ok 447 - contract effect projection retains mints, contract IO and precise public payouts
  ---
  duration_ms: 0.728538
  type: 'test'
  ...
# Subtest: historical DUST replay preserves unequal fee fields and exact indexed identifiers
ok 448 - historical DUST replay preserves unequal fee fields and exact indexed identifiers
  ---
  duration_ms: 73.01968
  type: 'test'
  ...
# Subtest: native decoder verifies signatures by exact input index and count
ok 449 - native decoder verifies signatures by exact input index and count
  ---
  duration_ms: 81.1013
  type: 'test'
  ...
# Subtest: actual guaranteed output origin matches the stopped indexer for a nonzero physical segment
ok 450 - actual guaranteed output origin matches the stopped indexer for a nonzero physical segment
  ---
  duration_ms: 56.589603
  type: 'test'
  ...
# Subtest: indexed initialization waits for later finality after one indexed watch
ok 451 - indexed initialization waits for later finality after one indexed watch
  ---
  duration_ms: 1024.351989
  type: 'test'
  ...
# Subtest: finality regression stops before state observation
ok 452 - finality regression stops before state observation
  ---
  duration_ms: 1021.942771
  type: 'test'
  ...
# Subtest: caller deadline stops pending finality without observing state or watching again
ok 453 - caller deadline stops pending finality without observing state or watching again
  ---
  duration_ms: 107.260998
  type: 'test'
  ...
# Subtest: fallible output origin retains its nonzero physical segment namespace
ok 454 - fallible output origin retains its nonzero physical segment namespace
  ---
  duration_ms: 6.677837
  type: 'test'
  ...
# Subtest: actual initialize owner crosses the Bech32m indexer boundary without changing native identity
ok 455 - actual initialize owner crosses the Bech32m indexer boundary without changing native identity
  ---
  duration_ms: 15.274346
  type: 'test'
  ...
# Subtest: indexed owner rejects noncanonical, malformed and cross-network address encodings
ok 456 - indexed owner rejects noncanonical, malformed and cross-network address encodings
  ---
  duration_ms: 107.205604
  type: 'test'
  ...
# Subtest: a canonical but unequal indexed owner fails full native output comparison
ok 457 - a canonical but unequal indexed owner fails full native output comparison
  ---
  duration_ms: 13.998085
  type: 'test'
  ...
# Subtest: explicit Preview receipt selection decodes both spent and created SDK owners
ok 458 - explicit Preview receipt selection decodes both spent and created SDK owners
  ---
  duration_ms: 17.454254
  type: 'test'
  ...
# Subtest: unsupported receipt owner network fails before any observation even with no indexed rows
ok 459 - unsupported receipt owner network fails before any observation even with no indexed rows
  ---
  duration_ms: 0.356095
  type: 'test'
  ...
# Subtest: recovery binds actual retained loan bytes, every identifier and original state without constructing a deployment
ok 460 - recovery binds actual retained loan bytes, every identifier and original state without constructing a deployment
  ---
  duration_ms: 72.37778
  type: 'test'
  ...
# Subtest: complete native state comparison rejects authority, operation-set and balance changes
ok 461 - complete native state comparison rejects authority, operation-set and balance changes
  ---
  duration_ms: 139.042543
  type: 'test'
  ...
# Subtest: recovery wallet gate requires strict sync, no pending or spent dust, and the full remaining cap
ok 462 - recovery wallet gate requires strict sync, no pending or spent dust, and the full remaining cap
  ---
  duration_ms: 63.504637
  type: 'test'
  ...
# Subtest: metadata gate checks entire real Level namespace and rejects additional state without leaking values
ok 463 - metadata gate checks entire real Level namespace and rejects additional state without leaking values
  ---
  duration_ms: 489.976986
  type: 'test'
  ...
# Subtest: public recovery gate verifies native receipt, canonical finality and whole current state through read-only interfaces
ok 464 - public recovery gate verifies native receipt, canonical finality and whole current state through read-only interfaces
  ---
  duration_ms: 72.29387
  type: 'test'
  ...
# Subtest: public recovery gate stops on nonfinality, changed current state, receipt mismatch or stale tip
ok 465 - public recovery gate stops on nonfinality, changed current state, receipt mismatch or stale tip
  ---
  duration_ms: 40121.431515
  type: 'test'
  ...
# Subtest: closed known recovery plan returns an independent identity and reads only retained public inputs
ok 466 - closed known recovery plan returns an independent identity and reads only retained public inputs
  ---
  duration_ms: 13.74743
  type: 'test'
  ...
# Subtest: closed recovery plan rejects unknown field
ok 467 - closed recovery plan rejects unknown field
  ---
  duration_ms: 0.41168
  type: 'test'
  ...
# Subtest: closed recovery plan rejects symbol field
ok 468 - closed recovery plan rejects symbol field
  ---
  duration_ms: 0.169739
  type: 'test'
  ...
# Subtest: closed recovery plan rejects hidden field
ok 469 - closed recovery plan rejects hidden field
  ---
  duration_ms: 0.167303
  type: 'test'
  ...
# Subtest: closed recovery plan rejects prototype
ok 470 - closed recovery plan rejects prototype
  ---
  duration_ms: 0.096338
  type: 'test'
  ...
# Subtest: closed recovery plan rejects getter
ok 471 - closed recovery plan rejects getter
  ---
  duration_ms: 0.092071
  type: 'test'
  ...
# Subtest: closed recovery plan rejects swap
ok 472 - closed recovery plan rejects swap
  ---
  duration_ms: 0.072268
  type: 'test'
  ...
# Subtest: closed recovery plan rejects four submissions
ok 473 - closed recovery plan rejects four submissions
  ---
  duration_ms: 0.062577
  type: 'test'
  ...
# Subtest: closed recovery plan rejects source allocation
ok 474 - closed recovery plan rejects source allocation
  ---
  duration_ms: 0.073643
  type: 'test'
  ...
# Subtest: closed recovery plan rejects reused allocation
ok 475 - closed recovery plan rejects reused allocation
  ---
  duration_ms: 0.14119
  type: 'test'
  ...
# Subtest: closed recovery plan rejects source digest
ok 476 - closed recovery plan rejects source digest
  ---
  duration_ms: 0.088103
  type: 'test'
  ...
# Subtest: closed recovery plan rejects address
ok 477 - closed recovery plan rejects address
  ---
  duration_ms: 0.087522
  type: 'test'
  ...
# Subtest: closed recovery plan rejects identifier order
ok 478 - closed recovery plan rejects identifier order
  ---
  duration_ms: 0.063686
  type: 'test'
  ...
# Subtest: closed recovery plan rejects hash instead of identifier
ok 479 - closed recovery plan rejects hash instead of identifier
  ---
  duration_ms: 0.053803
  type: 'test'
  ...
# Subtest: closed recovery plan rejects build
ok 480 - closed recovery plan rejects build
  ---
  duration_ms: 0.062203
  type: 'test'
  ...
# Subtest: closed recovery plan rejects network
ok 481 - closed recovery plan rejects network
  ---
  duration_ms: 0.057407
  type: 'test'
  ...
# Subtest: closed recovery plan rejects protocol
ok 482 - closed recovery plan rejects protocol
  ---
  duration_ms: 0.049731
  type: 'test'
  ...
# Subtest: closed recovery plan rejects relative path
ok 483 - closed recovery plan rejects relative path
  ---
  duration_ms: 0.050328
  type: 'test'
  ...
# Subtest: closed recovery plan rejects parent path
ok 484 - closed recovery plan rejects parent path
  ---
  duration_ms: 0.054514
  type: 'test'
  ...
# Subtest: closed recovery plan rejects wrong source store
ok 485 - closed recovery plan rejects wrong source store
  ---
  duration_ms: 0.091708
  type: 'test'
  ...
# Subtest: closed recovery plan rejects wrong roles
ok 486 - closed recovery plan rejects wrong roles
  ---
  duration_ms: 0.086507
  type: 'test'
  ...
# Subtest: closed recovery plan rejects wrong destination
ok 487 - closed recovery plan rejects wrong destination
  ---
  duration_ms: 0.54052
  type: 'test'
  ...
# Subtest: closed recovery plan rejects same inspection
ok 488 - closed recovery plan rejects same inspection
  ---
  duration_ms: 0.217963
  type: 'test'
  ...
# Subtest: closed recovery plan rejects nested inspection
ok 489 - closed recovery plan rejects nested inspection
  ---
  duration_ms: 0.080855
  type: 'test'
  ...
# Subtest: closed recovery plan rejects parent inspection
ok 490 - closed recovery plan rejects parent inspection
  ---
  duration_ms: 0.066168
  type: 'test'
  ...
# Subtest: closed recovery plan rejects old password
ok 491 - closed recovery plan rejects old password
  ---
  duration_ms: 0.107273
  type: 'test'
  ...
# Subtest: closed recovery plan rejects old output
ok 492 - closed recovery plan rejects old output
  ---
  duration_ms: 0.071837
  type: 'test'
  ...
# Subtest: public input reads reject tampered bytes, source result and symlink paths
ok 493 - public input reads reject tampered bytes, source result and symlink paths
  ---
  duration_ms: 87.936665
  type: 'test'
  ...
# Subtest: unminted private restore results fail before any provider access
ok 494 - unminted private restore results fail before any provider access
  ---
  duration_ms: 0.427469
  type: 'test'
  ...
# Subtest: recovery detects later finalized state transition after prefetched tip
ok 495 - recovery detects later finalized state transition after prefetched tip
  ---
  duration_ms: 47.31058
  type: 'test'
  ...
# Subtest: later finalized head with unchanged constructor state passes after final head recheck
ok 496 - later finalized head with unchanged constructor state passes after final head recheck
  ---
  duration_ms: 47.720895
  type: 'test'
  ...
# Subtest: recovery rejects finalized head movement across current state query
ok 497 - recovery rejects finalized head movement across current state query
  ---
  duration_ms: 1049.95733
  type: 'test'
  ...
# Subtest: earlier one-block indexed lag must catch up before latest-state observation
ok 498 - earlier one-block indexed lag must catch up before latest-state observation
  ---
  duration_ms: 47.396463
  type: 'test'
  ...
# Subtest: indexed tip ahead of fresh finalized head is rejected
ok 499 - indexed tip ahead of fresh finalized head is rejected
  ---
  duration_ms: 30.061212
  type: 'test'
  ...
# Subtest: indexed tip outside two-block bound or not canonical is rejected
ok 500 - indexed tip outside two-block bound or not canonical is rejected
  ---
  duration_ms: 49.159763
  type: 'test'
  ...
# Subtest: recovery reads latest state when the finalized head has no contract action
ok 501 - recovery reads latest state when the finalized head has no contract action
  ---
  duration_ms: 50.209437
  type: 'test'
  ...
# Subtest: latest state is rejected when indexed coverage is behind current finality
ok 502 - latest state is rejected when indexed coverage is behind current finality
  ---
  duration_ms: 30.916181
  type: 'test'
  ...
# Subtest: latest state is rejected when indexer coverage changes during observation
ok 503 - latest state is rejected when indexer coverage changes during observation
  ---
  duration_ms: 1049.121833
  type: 'test'
  ...
# Subtest: one forward head advance between indexed sample and node read is sampled again before private recovery
ok 504 - one forward head advance between indexed sample and node read is sampled again before private recovery
  ---
  duration_ms: 1051.802571
  type: 'test'
  ...
# Subtest: persistent forward movement is rejected within the existing initial-tip bound
ok 505 - persistent forward movement is rejected within the existing initial-tip bound
  ---
  duration_ms: 1033.249522
  type: 'test'
  ...
# Subtest: same-height conflicting coverage is fatal without sampling again
ok 506 - same-height conflicting coverage is fatal without sampling again
  ---
  duration_ms: 34.559578
  type: 'test'
  ...
# Subtest: sampling passes its bounded deadline into the reader and does not retry provider failure
ok 507 - sampling passes its bounded deadline into the reader and does not retry provider failure
  ---
  duration_ms: 33.738681
  type: 'test'
  ...
# Subtest: a finalized snapshot regressing after an observed advance is fatal
ok 508 - a finalized snapshot regressing after an observed advance is fatal
  ---
  duration_ms: 1035.221922
  type: 'test'
  ...
# Subtest: actual SDK decoded coin wrappers reject a retained spent input in available or pending coins
ok 509 - actual SDK decoded coin wrappers reject a retained spent input in available or pending coins
  ---
  duration_ms: 264.539739
  type: 'test'
  ...
# Subtest: wallet coin identity rejects flattened and malformed wrappers
ok 510 - wallet coin identity rejects flattened and malformed wrappers
  ---
  duration_ms: 12.224517
  type: 'test'
  ...
# Subtest: initialized public gate observes each historical transaction once and verifies complete initialized snapshot
ok 511 - initialized public gate observes each historical transaction once and verifies complete initialized snapshot
  ---
  duration_ms: 120.788592
  type: 'test'
  ...
# Subtest: initialized public gate rejects changed initialize bytes
ok 512 - initialized public gate rejects changed initialize bytes
  ---
  duration_ms: 25.522537
  type: 'test'
  ...
# Subtest: initialized public gate rejects wrong initialize identifier
ok 513 - initialized public gate rejects wrong initialize identifier
  ---
  duration_ms: 64.109832
  type: 'test'
  ...
# Subtest: initialized public gate rejects wrong initialize hash
ok 514 - initialized public gate rejects wrong initialize hash
  ---
  duration_ms: 76.251923
  type: 'test'
  ...
# Subtest: initialized public gate rejects wrong origin
ok 515 - initialized public gate rejects wrong origin
  ---
  duration_ms: 71.589144
  type: 'test'
  ...
# Subtest: initialized public gate rejects failed initialize status
ok 516 - initialized public gate rejects failed initialize status
  ---
  duration_ms: 63.31285
  type: 'test'
  ...
# Subtest: initialized public gate rejects failed initialize segment
ok 517 - initialized public gate rejects failed initialize segment
  ---
  duration_ms: 67.413714
  type: 'test'
  ...
# Subtest: initialized public gate rejects wrong initialize block identity
ok 518 - initialized public gate rejects wrong initialize block identity
  ---
  duration_ms: 64.586276
  type: 'test'
  ...
# Subtest: initialized public gate rejects wrong protocol
ok 519 - initialized public gate rejects wrong protocol
  ---
  duration_ms: 40.318144
  type: 'test'
  ...
# Subtest: initialized public gate rejects stale prefetched time
ok 520 - initialized public gate rejects stale prefetched time
  ---
  duration_ms: 36.926996
  type: 'test'
  ...
# Subtest: initialized public gate rejects not canonical deployment
ok 521 - initialized public gate rejects not canonical deployment
  ---
  duration_ms: 48.839497
  type: 'test'
  ...
# Subtest: initialized public gate rejects not canonical initialize
ok 522 - initialized public gate rejects not canonical initialize
  ---
  duration_ms: 60.550022
  type: 'test'
  ...
# Subtest: initialized public gate rejects wrong complete deploy state
ok 523 - initialized public gate rejects wrong complete deploy state
  ---
  duration_ms: 101.152354
  type: 'test'
  ...
# Subtest: initialized public gate rejects wrong complete initialize state
ok 524 - initialized public gate rejects wrong complete initialize state
  ---
  duration_ms: 84.800774
  type: 'test'
  ...
# Subtest: initialized public gate rejects wrong complete latest state
ok 525 - initialized public gate rejects wrong complete latest state
  ---
  duration_ms: 89.521705
  type: 'test'
  ...
# Subtest: initialized public gate samples forward movement without repeating history watches
ok 526 - initialized public gate samples forward movement without repeating history watches
  ---
  duration_ms: 1096.553617
  type: 'test'
  ...
# Subtest: initialized public gate stops on current snapshot provider error or same-height reorg
ok 527 - initialized public gate stops on current snapshot provider error or same-height reorg
  ---
  duration_ms: 121.519737
  type: 'test'
  ...
# Subtest: initialized public gate times out rather than treating indexed inclusion as finality
ok 528 - initialized public gate times out rather than treating indexed inclusion as finality
  ---
  duration_ms: 191.40701
  type: 'test'
  ...
# Subtest: metadata-only copied namespace passes with original bytes preserved and closed public result
ok 529 - metadata-only copied namespace passes with original bytes preserved and closed public result
  ---
  duration_ms: 179.030775
  type: 'test'
  ...
# Subtest: unknown root entry rejects and retains copied evidence without changing original
ok 530 - unknown root entry rejects and retains copied evidence without changing original
  ---
  duration_ms: 20.261164
  type: 'test'
  ...
# Subtest: same path and nested paths reject before modification
ok 531 - same path and nested paths reject before modification
  ---
  duration_ms: 6.143805
  type: 'test'
  ...
# Subtest: existing destination is never reused
ok 532 - existing destination is never reused
  ---
  duration_ms: 4.379149
  type: 'test'
  ...
# Subtest: symlink source, ancestor and file reject
ok 533 - symlink source, ancestor and file reject
  ---
  duration_ms: 5.440822
  type: 'test'
  ...
# Subtest: nonprivate directory and file reject
ok 534 - nonprivate directory and file reject
  ---
  duration_ms: 4.226075
  type: 'test'
  ...
# Subtest: wrong account rejects and preserves copy
ok 535 - wrong account rejects and preserves copy
  ---
  duration_ms: 5.467623
  type: 'test'
  ...
# Subtest: oversized file rejects before copy
ok 536 - oversized file rejects before copy
  ---
  duration_ms: 5.383483
  type: 'test'
  ...
# Subtest: unreadable Level copy is retained
ok 537 - unreadable Level copy is retained
  ---
  duration_ms: 4.474316
  type: 'test'
  ...
# Subtest: file count bound rejects before allocating inspection copy
ok 538 - file count bound rejects before allocating inspection copy
  ---
  duration_ms: 2.385076
  type: 'test'
  ...
# Subtest: metadata evidence filename collision retains exclusive copy on failure
ok 539 - metadata evidence filename collision retains exclusive copy on failure
  ---
  duration_ms: 4.170087
  type: 'test'
  ...
# Subtest: private-state and signing-key entries reject
ok 540 - private-state and signing-key entries reject
  ---
  duration_ms: 8.826697
  type: 'test'
  ...
# Subtest: metadata with unexpected shape rejects without disclosing contents
ok 541 - metadata with unexpected shape rejects without disclosing contents
  ---
  duration_ms: 6.471016
  type: 'test'
  ...
# Subtest: empty private recovery destination returns true without creating files
ok 542 - empty private recovery destination returns true without creating files
  ---
  duration_ms: 3.005518
  type: 'test'
  ...
# Subtest: nonempty recovery destination rejects and preserves records
ok 543 - nonempty recovery destination rejects and preserves records
  ---
  duration_ms: 2.580083
  type: 'test'
  ...
# Subtest: empty destination rejects symlink and symlink ancestor
ok 544 - empty destination rejects symlink and symlink ancestor
  ---
  duration_ms: 2.917964
  type: 'test'
  ...
# Subtest: empty destination rejects loose permissions and relative paths
ok 545 - empty destination rejects loose permissions and relative paths
  ---
  duration_ms: 1.673939
  type: 'test'
  ...
# Subtest: initialized store accepts actual SDK v2 namespace through separate inspection, preserving original and raw snapshot
ok 546 - initialized store accepts actual SDK v2 namespace through separate inspection, preserving original and raw snapshot
  ---
  duration_ms: 571.451425
  type: 'test'
  ...
# Subtest: initialized inspection rejects missing, extra, plaintext, v1, mismatched-salt and malformed metadata without modifying source or snapshot
ok 547 - initialized inspection rejects missing, extra, plaintext, v1, mismatched-salt and malformed metadata without modifying source or snapshot
  ---
  duration_ms: 1260.484787
  type: 'test'
  ...
# Subtest: initialized copies reject reuse, overlaps, symlinks and loose permissions
ok 548 - initialized copies reject reuse, overlaps, symlinks and loose permissions
  ---
  duration_ms: 148.835833
  type: 'test'
  ...
# Subtest: source and raw snapshot mutations during inspection are detected and retained
ok 549 - source and raw snapshot mutations during inspection are detected and retained
  ---
  duration_ms: 306.60901
  type: 'test'
  ...
# Subtest: loan exact custody arguments and hints pass every comparison before next call
ok 550 - loan exact custody arguments and hints pass every comparison before next call
  ---
  duration_ms: 5.234678
  type: 'test'
  ...
# Subtest: swap exact custody arguments and hints pass every comparison before next call
ok 551 - swap exact custody arguments and hints pass every comparison before next call
  ---
  duration_ms: 1.50148
  type: 'test'
  ...
# Subtest: returned comparator failure false stops before next SDK call
ok 552 - returned comparator failure false stops before next SDK call
  ---
  duration_ms: 1.292238
  type: 'test'
  ...
# Subtest: returned comparator failure undefined stops before next SDK call
ok 553 - returned comparator failure undefined stops before next SDK call
  ---
  duration_ms: 0.559075
  type: 'test'
  ...
# Subtest: returned comparator failure {"status":"Rejected"} stops before next SDK call
ok 554 - returned comparator failure {"status":"Rejected"} stops before next SDK call
  ---
  duration_ms: 0.361121
  type: 'test'
  ...
# Subtest: returned comparator failure {"status":"FAIL"} stops before next SDK call
ok 555 - returned comparator failure {"status":"FAIL"} stops before next SDK call
  ---
  duration_ms: 0.382935
  type: 'test'
  ...
# Subtest: thrown comparator error retains observed ID and cleans up
ok 556 - thrown comparator error retains observed ID and cleans up
  ---
  duration_ms: 0.737939
  type: 'test'
  ...
# Subtest: preflight mismatch prevents deployment but cleans up owned provider
ok 557 - preflight mismatch prevents deployment but cleans up owned provider
  ---
  duration_ms: 0.635389
  type: 'test'
  ...
# Subtest: preflight mismatch prevents deployment but cleans up owned provider
ok 558 - preflight mismatch prevents deployment but cleans up owned provider
  ---
  duration_ms: 0.693336
  type: 'test'
  ...
# Subtest: preflight mismatch prevents deployment but cleans up owned provider
ok 559 - preflight mismatch prevents deployment but cleans up owned provider
  ---
  duration_ms: 0.694038
  type: 'test'
  ...
# Subtest: preflight mismatch prevents deployment but cleans up owned provider
ok 560 - preflight mismatch prevents deployment but cleans up owned provider
  ---
  duration_ms: 0.740525
  type: 'test'
  ...
# Subtest: preflight mismatch prevents deployment but cleans up owned provider
ok 561 - preflight mismatch prevents deployment but cleans up owned provider
  ---
  duration_ms: 0.293363
  type: 'test'
  ...
# Subtest: preflight mismatch prevents deployment but cleans up owned provider
ok 562 - preflight mismatch prevents deployment but cleans up owned provider
  ---
  duration_ms: 0.181743
  type: 'test'
  ...
# Subtest: network identity changed after deploy blocks the next SDK stage
ok 563 - network identity changed after deploy blocks the next SDK stage
  ---
  duration_ms: 0.726363
  type: 'test'
  ...
# Subtest: incomplete cleanup cannot yield driver PASS
ok 564 - incomplete cleanup cannot yield driver PASS
  ---
  duration_ms: 1.408381
  type: 'test'
  ...
# Subtest: incomplete cleanup cannot yield driver PASS
ok 565 - incomplete cleanup cannot yield driver PASS
  ---
  duration_ms: 0.376715
  type: 'test'
  ...
# Subtest: cleanup rejection preserves the primary failure and provider-known identifiers
ok 566 - cleanup rejection preserves the primary failure and provider-known identifiers
  ---
  duration_ms: 1.15684
  type: 'test'
  ...
# Subtest: observation failure keeps SDK ID and never invokes comparator or next call
ok 567 - observation failure keeps SDK ID and never invokes comparator or next call
  ---
  duration_ms: 0.444055
  type: 'test'
  ...
# Subtest: recovered loan observes historical deployment once then submits exactly three calls
ok 568 - recovered loan observes historical deployment once then submits exactly three calls
  ---
  duration_ms: 1.350504
  type: 'test'
  ...
# Subtest: malformed recovery identity fails before observations or SDK calls
ok 569 - malformed recovery identity fails before observations or SDK calls
  ---
  duration_ms: 0.210156
  type: 'test'
  ...
# Subtest: malformed recovery identity fails before observations or SDK calls
ok 570 - malformed recovery identity fails before observations or SDK calls
  ---
  duration_ms: 0.083578
  type: 'test'
  ...
# Subtest: malformed recovery identity fails before observations or SDK calls
ok 571 - malformed recovery identity fails before observations or SDK calls
  ---
  duration_ms: 0.107864
  type: 'test'
  ...
# Subtest: malformed recovery identity fails before observations or SDK calls
ok 572 - malformed recovery identity fails before observations or SDK calls
  ---
  duration_ms: 0.080022
  type: 'test'
  ...
# Subtest: malformed recovery identity fails before observations or SDK calls
ok 573 - malformed recovery identity fails before observations or SDK calls
  ---
  duration_ms: 0.085585
  type: 'test'
  ...
# Subtest: malformed recovery identity fails before observations or SDK calls
ok 574 - malformed recovery identity fails before observations or SDK calls
  ---
  duration_ms: 0.108307
  type: 'test'
  ...
# Subtest: malformed recovery identity fails before observations or SDK calls
ok 575 - malformed recovery identity fails before observations or SDK calls
  ---
  duration_ms: 0.085001
  type: 'test'
  ...
# Subtest: malformed recovery identity fails before observations or SDK calls
ok 576 - malformed recovery identity fails before observations or SDK calls
  ---
  duration_ms: 0.10258
  type: 'test'
  ...
# Subtest: malformed recovery identity fails before observations or SDK calls
ok 577 - malformed recovery identity fails before observations or SDK calls
  ---
  duration_ms: 0.267709
  type: 'test'
  ...
# Subtest: malformed recovery identity fails before observations or SDK calls
ok 578 - malformed recovery identity fails before observations or SDK calls
  ---
  duration_ms: 0.100152
  type: 'test'
  ...
# Subtest: malformed recovery identity fails before observations or SDK calls
ok 579 - malformed recovery identity fails before observations or SDK calls
  ---
  duration_ms: 0.129024
  type: 'test'
  ...
# Subtest: malformed recovery identity fails before observations or SDK calls
ok 580 - malformed recovery identity fails before observations or SDK calls
  ---
  duration_ms: 0.070463
  type: 'test'
  ...
# Subtest: malformed recovery identity fails before observations or SDK calls
ok 581 - malformed recovery identity fails before observations or SDK calls
  ---
  duration_ms: 0.067777
  type: 'test'
  ...
# Subtest: malformed recovery identity fails before observations or SDK calls
ok 582 - malformed recovery identity fails before observations or SDK calls
  ---
  duration_ms: 0.07576
  type: 'test'
  ...
# Subtest: recovery rejects accessors without invoking them
ok 583 - recovery rejects accessors without invoking them
  ---
  duration_ms: 0.191542
  type: 'test'
  ...
# Subtest: swap recovery is rejected before deployment or observation
ok 584 - swap recovery is rejected before deployment or observation
  ---
  duration_ms: 0.107791
  type: 'test'
  ...
# Subtest: historical recovery FAIL stops all calls and retains public identity
ok 585 - historical recovery FAIL stops all calls and retains public identity
  ---
  duration_ms: 0.234766
  type: 'test'
  ...
# Subtest: historical recovery throw stops all calls and retains public identity
ok 586 - historical recovery throw stops all calls and retains public identity
  ---
  duration_ms: 0.331302
  type: 'test'
  ...
# Subtest: historical recovery observe stops all calls and retains public identity
ok 587 - historical recovery observe stops all calls and retains public identity
  ---
  duration_ms: 0.214711
  type: 'test'
  ...
# Subtest: recovery identity is captured before asynchronous binding checks
ok 588 - recovery identity is captured before asynchronous binding checks
  ---
  duration_ms: 0.319536
  type: 'test'
  ...
# Subtest: recovered loan cannot pass with incomplete containment
ok 589 - recovered loan cannot pass with incomplete containment
  ---
  duration_ms: 0.525605
  type: 'test'
  ...
# Subtest: public failure retains a known observer code and closed phase without SDK details
ok 590 - public failure retains a known observer code and closed phase without SDK details
  ---
  duration_ms: 0.296233
  type: 'test'
  ...
# Subtest: public failure never copies an unknown SDK message or object
ok 591 - public failure never copies an unknown SDK message or object
  ---
  duration_ms: 0.337617
  type: 'test'
  ...
# Subtest: launcher durably retains actual driver failure: NOT_FINALIZED
ok 592 - launcher durably retains actual driver failure: NOT_FINALIZED
  ---
  duration_ms: 11.271874
  type: 'test'
  ...
# Subtest: launcher durably retains actual driver failure: PRIVATE_SDK_FAILURE
ok 593 - launcher durably retains actual driver failure: PRIVATE_SDK_FAILURE
  ---
  duration_ms: 4.65644
  type: 'test'
  ...
# Subtest: fixed initialized loan compares both histories once then calls only accrue and settle
ok 594 - fixed initialized loan compares both histories once then calls only accrue and settle
  ---
  duration_ms: 0.421396
  type: 'test'
  ...
# Subtest: failed historical deploy comparison prevents continuation calls
ok 595 - failed historical deploy comparison prevents continuation calls
  ---
  duration_ms: 0.314204
  type: 'test'
  ...
# Subtest: failed historical initialize comparison prevents continuation calls
ok 596 - failed historical initialize comparison prevents continuation calls
  ---
  duration_ms: 0.109165
  type: 'test'
  ...
# Subtest: initialized driver rejects combined modes and altered fixed history before SDK calls
ok 597 - initialized driver rejects combined modes and altered fixed history before SDK calls
  ---
  duration_ms: 0.332837
  type: 'test'
  ...
# Subtest: fresh local four-stage completion does not require external containment
ok 598 - fresh local four-stage completion does not require external containment
  ---
  duration_ms: 0.169348
  type: 'test'
  ...
# Subtest: fixed swap mint matches an actual SDK decoded available coin, without authority claims
ok 599 - fixed swap mint matches an actual SDK decoded available coin, without authority claims
  ---
  duration_ms: 5.963342
  type: 'test'
  ...
# Subtest: swap mint gate rejects missing receipt
ok 600 - swap mint gate rejects missing receipt
  ---
  duration_ms: 0.980564
  type: 'test'
  ...
# Subtest: swap mint gate rejects wrong stage
ok 601 - swap mint gate rejects wrong stage
  ---
  duration_ms: 0.480587
  type: 'test'
  ...
# Subtest: swap mint gate rejects wrong tx hash
ok 602 - swap mint gate rejects wrong tx hash
  ---
  duration_ms: 0.446448
  type: 'test'
  ...
# Subtest: swap mint gate rejects missing id
ok 603 - swap mint gate rejects missing id
  ---
  duration_ms: 0.419658
  type: 'test'
  ...
# Subtest: swap mint gate rejects unfinalized metadata
ok 604 - swap mint gate rejects unfinalized metadata
  ---
  duration_ms: 0.31989
  type: 'test'
  ...
# Subtest: swap mint gate rejects wrong protocol
ok 605 - swap mint gate rejects wrong protocol
  ---
  duration_ms: 0.303088
  type: 'test'
  ...
# Subtest: swap mint gate rejects missing mint
ok 606 - swap mint gate rejects missing mint
  ---
  duration_ms: 0.473108
  type: 'test'
  ...
# Subtest: swap mint gate rejects extra mint
ok 607 - swap mint gate rejects extra mint
  ---
  duration_ms: 0.33531
  type: 'test'
  ...
# Subtest: swap mint gate rejects native input
ok 608 - swap mint gate rejects native input
  ---
  duration_ms: 0.672189
  type: 'test'
  ...
# Subtest: swap mint gate rejects wrong action
ok 609 - swap mint gate rejects wrong action
  ---
  duration_ms: 0.367707
  type: 'test'
  ...
# Subtest: swap mint gate rejects wrong contract
ok 610 - swap mint gate rejects wrong contract
  ---
  duration_ms: 0.708273
  type: 'test'
  ...
# Subtest: swap mint gate rejects wrong physical segment
ok 611 - swap mint gate rejects wrong physical segment
  ---
  duration_ms: 0.430904
  type: 'test'
  ...
# Subtest: swap mint gate rejects wrong native section
ok 612 - swap mint gate rejects wrong native section
  ---
  duration_ms: 0.326059
  type: 'test'
  ...
# Subtest: swap mint gate rejects wrong native index
ok 613 - swap mint gate rejects wrong native index
  ---
  duration_ms: 0.281006
  type: 'test'
  ...
# Subtest: swap mint gate rejects wrong native owner
ok 614 - swap mint gate rejects wrong native owner
  ---
  duration_ms: 0.337517
  type: 'test'
  ...
# Subtest: swap mint gate rejects wrong native type
ok 615 - swap mint gate rejects wrong native type
  ---
  duration_ms: 0.231968
  type: 'test'
  ...
# Subtest: swap mint gate rejects wrong native value
ok 616 - swap mint gate rejects wrong native value
  ---
  duration_ms: 0.2523
  type: 'test'
  ...
# Subtest: swap mint gate rejects malformed native origin
ok 617 - swap mint gate rejects malformed native origin
  ---
  duration_ms: 0.237917
  type: 'test'
  ...
# Subtest: swap mint gate rejects same roles
ok 618 - swap mint gate rejects same roles
  ---
  duration_ms: 0.228519
  type: 'test'
  ...
# Subtest: swap mint gate rejects same assets
ok 619 - swap mint gate rejects same assets
  ---
  duration_ms: 0.217151
  type: 'test'
  ...
# Subtest: swap mint gate rejects disconnected shielded
ok 620 - swap mint gate rejects disconnected shielded
  ---
  duration_ms: 0.216165
  type: 'test'
  ...
# Subtest: swap mint gate rejects incomplete unshielded
ok 621 - swap mint gate rejects incomplete unshielded
  ---
  duration_ms: 0.227673
  type: 'test'
  ...
# Subtest: swap mint gate rejects missing dust progress
ok 622 - swap mint gate rejects missing dust progress
  ---
  duration_ms: 0.218842
  type: 'test'
  ...
# Subtest: swap mint gate rejects pending dust
ok 623 - swap mint gate rejects pending dust
  ---
  duration_ms: 0.486328
  type: 'test'
  ...
# Subtest: swap mint gate rejects pending coin
ok 624 - swap mint gate rejects pending coin
  ---
  duration_ms: 0.564487
  type: 'test'
  ...
# Subtest: swap mint gate rejects missing available coin
ok 625 - swap mint gate rejects missing available coin
  ---
  duration_ms: 0.256495
  type: 'test'
  ...
# Subtest: swap mint gate rejects duplicate available coin
ok 626 - swap mint gate rejects duplicate available coin
  ---
  duration_ms: 0.188307
  type: 'test'
  ...
# Subtest: swap mint gate rejects rawhex wallet owner
ok 627 - swap mint gate rejects rawhex wallet owner
  ---
  duration_ms: 0.246328
  type: 'test'
  ...
# Subtest: swap mint gate rejects wrong wallet owner
ok 628 - swap mint gate rejects wrong wallet owner
  ---
  duration_ms: 0.337952
  type: 'test'
  ...
# Subtest: swap mint gate rejects wrong wallet network
ok 629 - swap mint gate rejects wrong wallet network
  ---
  duration_ms: 0.319783
  type: 'test'
  ...
# Subtest: swap mint gate rejects wrong wallet type
ok 630 - swap mint gate rejects wrong wallet type
  ---
  duration_ms: 0.250028
  type: 'test'
  ...
# Subtest: swap mint gate rejects wrong wallet amount
ok 631 - swap mint gate rejects wrong wallet amount
  ---
  duration_ms: 0.254404
  type: 'test'
  ...
# Subtest: swap mint gate rejects string wallet amount
ok 632 - swap mint gate rejects string wallet amount
  ---
  duration_ms: 0.288188
  type: 'test'
  ...
# Subtest: swap mint gate rejects wrong wallet origin
ok 633 - swap mint gate rejects wrong wallet origin
  ---
  duration_ms: 0.204561
  type: 'test'
  ...
# Subtest: swap mint gate rejects wrong wallet index
ok 634 - swap mint gate rejects wrong wallet index
  ---
  duration_ms: 0.38398
  type: 'test'
  ...
# Subtest: swap mint gate rejects flattened coin
ok 635 - swap mint gate rejects flattened coin
  ---
  duration_ms: 0.287461
  type: 'test'
  ...
# Subtest: unrelated correctly shaped coins do not hide exact mint duplicates or fund the predicate
ok 636 - unrelated correctly shaped coins do not hide exact mint duplicates or fund the predicate
  ---
  duration_ms: 0.47363
  type: 'test'
  ...
# Subtest: actual compiled swap fallible mint matches its exact SDK-decoded available coin
ok 637 - actual compiled swap fallible mint matches its exact SDK-decoded available coin
  ---
  duration_ms: 49.717475
  type: 'test'
  ...
# Subtest: fallible mint cannot use the guaranteed origin namespace
ok 638 - fallible mint cannot use the guaranteed origin namespace
  ---
  duration_ms: 38.670754
  type: 'test'
  ...
# Subtest: Preview swap available coin uses explicit SDK owner network while default stays local
ok 639 - Preview swap available coin uses explicit SDK owner network while default stays local
  ---
  duration_ms: 17.911687
  type: 'test'
  ...
1..639
# tests 639
# suites 0
# pass 639
# fail 0
# cancelled 0
# skipped 0
# todo 0
# duration_ms 54181.242875

> test:compiled
> node --test --test-reporter=tap ledger/compiled-comparison.test.mjs

TAP version 13
# Subtest: loan retained generated state and transcript effects match independent comparator (synthetic transport only)
ok 1 - loan retained generated state and transcript effects match independent comparator (synthetic transport only)
  ---
  duration_ms: 199.590552
  type: 'test'
  ...
# Subtest: swap retained generated state and transcript effects match independent comparator (synthetic transport only)
ok 2 - swap retained generated state and transcript effects match independent comparator (synthetic transport only)
  ---
  duration_ms: 240.798543
  type: 'test'
  ...
# Subtest: actual generated financial state and actual transcript payout mutations are rejected
ok 3 - actual generated financial state and actual transcript payout mutations are rejected
  ---
  duration_ms: 263.977332
  type: 'test'
  ...
1..3
# tests 3
# suites 0
# pass 3
# fail 0
# cancelled 0
# skipped 0
# todo 0
# duration_ms 859.786533

> test:compiled-rejection
> node --experimental-test-module-mocks --test --test-reporter=tap ledger/compiled-rejection.test.mjs

TAP version 13
# {"status":"REJECTED_BEFORE_TRANSACTION","boundary":"createUnprovenCallTxFromInitialStates","code":"REVISION_MISMATCH","stateSha256":"5a1dcdb726f25a724f89d0185af0fb8bb863b37e094fce8fc7dc1e75caf2b92c","buildReceiptSha256":"3789da217a36cecd5f7603cbbaead32671418da36ecc5c2d20b1709b9577f362","stateUnchanged":true,"privateStateUnchanged":true,"zkConfigCalls":0,"loaderClosed":true,"currentLedgerStateChecked":false}
# {"status":"REJECTED_BEFORE_TRANSACTION","boundary":"createUnprovenCallTxFromInitialStates","code":"PROGRAM_MISMATCH","stateSha256":"5a1dcdb726f25a724f89d0185af0fb8bb863b37e094fce8fc7dc1e75caf2b92c","buildReceiptSha256":"3789da217a36cecd5f7603cbbaead32671418da36ecc5c2d20b1709b9577f362","stateUnchanged":true,"privateStateUnchanged":true,"zkConfigCalls":0,"loaderClosed":true,"currentLedgerStateChecked":false}
# {"status":"REJECTED_BEFORE_TRANSACTION","boundary":"createUnprovenCallTxFromInitialStates","code":"NETWORK_MISMATCH","stateSha256":"5a1dcdb726f25a724f89d0185af0fb8bb863b37e094fce8fc7dc1e75caf2b92c","buildReceiptSha256":"3789da217a36cecd5f7603cbbaead32671418da36ecc5c2d20b1709b9577f362","stateUnchanged":true,"privateStateUnchanged":true,"zkConfigCalls":0,"loaderClosed":true,"currentLedgerStateChecked":false}
# (node:2084) ExperimentalWarning: Module mocking is an experimental feature and might change at any time
# (Use `node --trace-warnings ...` to show where the warning was created)
# (node:2084) DeprecationWarning: mock.module(): options.namedExports is deprecated. Use options.exports instead.
# Subtest: actual generated close rejects revision without changing serialized inputs
ok 1 - actual generated close rejects revision without changing serialized inputs
  ---
  duration_ms: 1171.783507
  type: 'test'
  ...
# Subtest: actual generated close rejects program without changing serialized inputs
ok 2 - actual generated close rejects program without changing serialized inputs
  ---
  duration_ms: 168.818678
  type: 'test'
  ...
# Subtest: actual generated close rejects network without changing serialized inputs
ok 3 - actual generated close rejects network without changing serialized inputs
  ---
  duration_ms: 89.278221
  type: 'test'
  ...
# Subtest: unexpected success fails closed and cleans the connected loader
ok 4 - unexpected success fails closed and cleans the connected loader
  ---
  duration_ms: 9.756632
  type: 'test'
  ...
# Subtest: unrelated error fails closed and cleans the connected loader
ok 5 - unrelated error fails closed and cleans the connected loader
  ---
  duration_ms: 13.162769
  type: 'test'
  ...
# Subtest: matching text without runtime cause fails closed and cleans the connected loader
ok 6 - matching text without runtime cause fails closed and cleans the connected loader
  ---
  duration_ms: 14.03974
  type: 'test'
  ...
# Subtest: public input mutation fails closed and cleans the connected loader
ok 7 - public input mutation fails closed and cleans the connected loader
  ---
  duration_ms: 6.271028
  type: 'test'
  ...
# Subtest: private input mutation fails closed and cleans the connected loader
ok 8 - private input mutation fails closed and cleans the connected loader
  ---
  duration_ms: 4.300191
  type: 'test'
  ...
# Subtest: connected ZK lookup fails closed and cleans the connected loader
ok 9 - connected ZK lookup fails closed and cleans the connected loader
  ---
  duration_ms: 6.66965
  type: 'test'
  ...
# Subtest: cleanup failure cannot produce an accepted rejection result
ok 10 - cleanup failure cannot produce an accepted rejection result
  ---
  duration_ms: 7.261121
  type: 'test'
  ...
# Subtest: unknown fields and SDK overrides reject before loading
ok 11 - unknown fields and SDK overrides reject before loading
  ---
  duration_ms: 0.569835
  type: 'test'
  ...
1..11
# tests 11
# suites 0
# pass 11
# fail 0
# cancelled 0
# skipped 0
# todo 0
# duration_ms 1601.794971

> test:finalized-state
> node --test --test-reporter=tap ledger/finalized-financial-state.test.mjs ledger/finalized-state-rpc.test.mjs

TAP version 13
# Subtest: actual full native state and generated decoder captured at explicit canonical finalized anchor
ok 1 - actual full native state and generated decoder captured at explicit canonical finalized anchor
  ---
  duration_ms: 617.638241
  type: 'test'
  ...
# Subtest: malformed finalized head rejects connected RPC evidence
ok 2 - malformed finalized head rejects connected RPC evidence
  ---
  duration_ms: 1.058329
  type: 'test'
  ...
# Subtest: malformed header rejects connected RPC evidence
ok 3 - malformed header rejects connected RPC evidence
  ---
  duration_ms: 0.495979
  type: 'test'
  ...
# Subtest: unsafe height rejects connected RPC evidence
ok 4 - unsafe height rejects connected RPC evidence
  ---
  duration_ms: 0.281865
  type: 'test'
  ...
# Subtest: canonical mismatch rejects connected RPC evidence
ok 5 - canonical mismatch rejects connected RPC evidence
  ---
  duration_ms: 0.221756
  type: 'test'
  ...
# Subtest: canonical changes during state query rejects connected RPC evidence
ok 6 - canonical changes during state query rejects connected RPC evidence
  ---
  duration_ms: 49.870615
  type: 'test'
  ...
# Subtest: absent contract rejects connected RPC evidence
ok 7 - absent contract rejects connected RPC evidence
  ---
  duration_ms: 0.618348
  type: 'test'
  ...
# Subtest: unknown RPC envelope rejects connected RPC evidence
ok 8 - unknown RPC envelope rejects connected RPC evidence
  ---
  duration_ms: 0.439801
  type: 'test'
  ...
# Subtest: non-native bytes rejects connected RPC evidence
ok 9 - non-native bytes rejects connected RPC evidence
  ---
  duration_ms: 1.344807
  type: 'test'
  ...
# Subtest: noncanonical trailing bytes rejects connected RPC evidence
ok 10 - noncanonical trailing bytes rejects connected RPC evidence
  ---
  duration_ms: 6.208094
  type: 'test'
  ...
# Subtest: oversized response rejects connected RPC evidence
ok 11 - oversized response rejects connected RPC evidence
  ---
  duration_ms: 0.339528
  type: 'test'
  ...
# Subtest: wrong address and expired deadline stop before RPC
ok 12 - wrong address and expired deadline stop before RPC
  ---
  duration_ms: 0.202784
  type: 'test'
  ...
# Subtest: unsupported node method propagates without latest or indexer fallback
ok 13 - unsupported node method propagates without latest or indexer fallback
  ---
  duration_ms: 0.230745
  type: 'test'
  ...
# Subtest: hanging RPC is unknown under the shared deadline
ok 14 - hanging RPC is unknown under the shared deadline
  ---
  duration_ms: 41.356447
  type: 'test'
  ...
# Subtest: invalid full decoded state is rejected
ok 15 - invalid full decoded state is rejected
  ---
  duration_ms: 4.144773
  type: 'test'
  ...
# Subtest: native unsupported shielded contract balance is rejected
ok 16 - native unsupported shielded contract balance is rejected
  ---
  duration_ms: 7.894509
  type: 'test'
  ...
# Subtest: later best/finalized head does not change the explicit as-of anchor
ok 17 - later best/finalized head does not change the explicit as-of anchor
  ---
  duration_ms: 41.177369
  type: 'test'
  ...
# Subtest: nonfinite and coerced original deadlines reject before any RPC
ok 18 - nonfinite and coerced original deadlines reject before any RPC
  ---
  duration_ms: 0.307093
  type: 'test'
  ...
# Subtest: late RPC 1 rejects elapsed capped deadline and preserves cleanup
ok 19 - late RPC 1 rejects elapsed capped deadline and preserves cleanup
  ---
  duration_ms: 0.548258
  type: 'test'
  ...
# Subtest: late RPC 5 rejects elapsed capped deadline and preserves cleanup
ok 20 - late RPC 5 rejects elapsed capped deadline and preserves cleanup
  ---
  duration_ms: 39.600134
  type: 'test'
  ...
# Subtest: deadline elapsed during native cleanup cannot return a snapshot
ok 21 - deadline elapsed during native cleanup cannot return a snapshot
  ---
  duration_ms: 38.095098
  type: 'test'
  ...
# (node:2110) TimeoutNegativeWarning: -1 is a negative number.
# Timeout duration was set to 1.
# (Use `node --trace-warnings ...` to show where the warning was created)
# Subtest: local state RPC sends exact contract and explicit block in one read request
ok 22 - local state RPC sends exact contract and explicit block in one read request
  ---
  duration_ms: 38.821088
  type: 'test'
  ...
# Subtest: local state RPC rejects absent block, malformed identity and extra arguments before fetch
ok 23 - local state RPC rejects absent block, malformed identity and extra arguments before fetch
  ---
  duration_ms: 0.777632
  type: 'test'
  ...
# Subtest: state query capability does not admit transaction writes
ok 24 - state query capability does not admit transaction writes
  ---
  duration_ms: 0.208666
  type: 'test'
  ...
# Subtest: state query retains the response size limit and performs no retry
ok 25 - state query retains the response size limit and performs no retry
  ---
  duration_ms: 0.76329
  type: 'test'
  ...
# Subtest: unsupported state method error propagates without an unpinned fallback
ok 26 - unsupported state method error propagates without an unpinned fallback
  ---
  duration_ms: 2.093927
  type: 'test'
  ...
# Subtest: RPC rejects a valid response completed after its absolute deadline before its timer fires
ok 27 - RPC rejects a valid response completed after its absolute deadline before its timer fires
  ---
  duration_ms: 7.039635
  type: 'test'
  ...
1..27
# tests 27
# suites 0
# pass 27
# fail 0
# cancelled 0
# skipped 0
# todo 0
# duration_ms 1501.131619

> test:preview
> node --experimental-test-module-mocks --test --test-reporter=tap ledger/indexed-owner.test.mjs ledger/preview-rpc.test.mjs ledger/run-preview.test.mjs ledger/preview-integration.test.mjs ledger/preview-launch.test.mjs ledger/preview-launch-integration.test.mjs ledger/preview-bootstrap.test.mjs ledger/preview-swap-composition.test.mjs ledger/preview-exit.test.mjs

TAP version 13
# Subtest: actual pinned SDK owner roundtrip is explicitly local or Preview
ok 1 - actual pinned SDK owner roundtrip is explicitly local or Preview
  ---
  duration_ms: 12.029039
  type: 'test'
  ...
# Subtest: Preview rejects wrong type, network, length, prefix and noncanonical SDK encodings
ok 2 - Preview rejects wrong type, network, length, prefix and noncanonical SDK encodings
  ---
  duration_ms: 2.537168
  type: 'test'
  ...
# (node:2148) ExperimentalWarning: Module mocking is an experimental feature and might change at any time
# (Use `node --trace-warnings ...` to show where the warning was created)
# (node:2148) DeprecationWarning: mock.module(): options.namedExports is deprecated. Use options.exports instead.
# Subtest: Preview bootstrap exposes an explicit existing-wallet launch and public preflight
ok 3 - Preview bootstrap exposes an explicit existing-wallet launch and public preflight
  ---
  duration_ms: 4.339643
  type: 'test'
  ...
# Subtest: existing Preview children restore before guarded integration and durable result
ok 4 - existing Preview children restore before guarded integration and durable result
  ---
  duration_ms: 28.218752
  type: 'test'
  ...
# Subtest: missing persisted shielded stops before any SDK child restore
ok 5 - missing persisted shielded stops before any SDK child restore
  ---
  duration_ms: 4.227581
  type: 'test'
  ...
# Subtest: missing persisted unshielded stops before any SDK child restore
ok 6 - missing persisted unshielded stops before any SDK child restore
  ---
  duration_ms: 33.367535
  type: 'test'
  ...
# Subtest: missing persisted dust stops before any SDK child restore
ok 7 - missing persisted dust stops before any SDK child restore
  ---
  duration_ms: 5.220767
  type: 'test'
  ...
# Subtest: reused output and wrong genesis stop before private material is read
ok 8 - reused output and wrong genesis stop before private material is read
  ---
  duration_ms: 5.886808
  type: 'test'
  ...
# Subtest: wrong genesis stops before output or private preparation
ok 9 - wrong genesis stops before output or private preparation
  ---
  duration_ms: 10.346511
  type: 'test'
  ...
# Subtest: wrong restored network stops wallet before start or integration
ok 10 - wrong restored network stops wallet before start or integration
  ---
  duration_ms: 19.520363
  type: 'test'
  ...
# Subtest: invalid persisted shielded does not fall back to child creation
ok 11 - invalid persisted shielded does not fall back to child creation
  ---
  duration_ms: 5.850436
  type: 'test'
  ...
# Subtest: invalid persisted unshielded does not fall back to child creation
ok 12 - invalid persisted unshielded does not fall back to child creation
  ---
  duration_ms: 13.456537
  type: 'test'
  ...
# Subtest: invalid persisted dust does not fall back to child creation
ok 13 - invalid persisted dust does not fall back to child creation
  ---
  duration_ms: 6.056013
  type: 'test'
  ...
# Subtest: wallet persistence preserves previous snapshots and replaces only a complete serialized set
ok 14 - wallet persistence preserves previous snapshots and replaces only a complete serialized set
  ---
  duration_ms: 2.035136
  type: 'test'
  ...
# Subtest: failed child serialization leaves all original snapshots untouched
ok 15 - failed child serialization leaves all original snapshots untouched
  ---
  duration_ms: 1.172925
  type: 'test'
  ...
# Subtest: interrupted multi-child replacement retains backups and blocks further bootstrap restoration
ok 16 - interrupted multi-child replacement retains backups and blocks further bootstrap restoration
  ---
  duration_ms: 8.167164
  type: 'test'
  ...
# Subtest: a pending persistence marker stops launch before any private material or SDK restore
ok 17 - a pending persistence marker stops launch before any private material or SDK restore
  ---
  duration_ms: 3.983361
  type: 'test'
  ...
# Subtest: final persistence fsync crossing deadline rejects without undoing a coherent saved set
ok 18 - final persistence fsync crossing deadline rejects without undoing a coherent saved set
  ---
  duration_ms: 2.430396
  type: 'test'
  ...
# Subtest: bootstrap refuses success without its own completed persistence and wallet stop
ok 19 - bootstrap refuses success without its own completed persistence and wallet stop
  ---
  duration_ms: 18.454242
  type: 'test'
  ...
# Subtest: bootstrap refuses success without its own completed persistence and wallet stop
ok 20 - bootstrap refuses success without its own completed persistence and wallet stop
  ---
  duration_ms: 14.057547
  type: 'test'
  ...
# Subtest: bootstrap refuses success without its own completed persistence and wallet stop
ok 21 - bootstrap refuses success without its own completed persistence and wallet stop
  ---
  duration_ms: 14.34757
  type: 'test'
  ...
# (node:2149) ExperimentalWarning: Module mocking is an experimental feature and might change at any time
# (Use `node --trace-warnings ...` to show where the warning was created)
# (node:2149) DeprecationWarning: mock.module(): options.namedExports is deprecated. Use options.exports instead.
# Subtest: controlled production driver/integration/writer reaches CLI zero selector with external containment still false
ok 22 - controlled production driver/integration/writer reaches CLI zero selector with external containment still false
  ---
  duration_ms: 496.172023
  type: 'test'
  ...
# Subtest: failed/pending production path never receives CLI zero
ok 23 - failed/pending production path never receives CLI zero
  ---
  duration_ms: 156.29264
  type: 'test'
  ...
# Subtest: failed/pending production path never receives CLI zero
ok 24 - failed/pending production path never receives CLI zero
  ---
  duration_ms: 126.972404
  type: 'test'
  ...
# Subtest: failed/pending production path never receives CLI zero
ok 25 - failed/pending production path never receives CLI zero
  ---
  duration_ms: 55.034923
  type: 'test'
  ...
# Subtest: failed/pending production path never receives CLI zero
ok 26 - failed/pending production path never receives CLI zero
  ---
  duration_ms: 75.372872
  type: 'test'
  ...
# Subtest: completed result validator rejects stale status, missing stages/IDs, unknown work and false containment claims
ok 27 - completed result validator rejects stale status, missing stages/IDs, unknown work and false containment claims
  ---
  duration_ms: 195.052404
  type: 'test'
  ...
# Subtest: admitted cumulative excess fee prevents financial completion and CLI zero
ok 28 - admitted cumulative excess fee prevents financial completion and CLI zero
  ---
  duration_ms: 178.700459
  type: 'test'
  ...
# Subtest: successful contained result retains PASS; source-only results never become command success
ok 29 - successful contained result retains PASS; source-only results never become command success
  ---
  duration_ms: 308.83684
  type: 'test'
  ...
# Subtest: failed durable result retention prevents the CLI exit selector from running
ok 30 - failed durable result retention prevents the CLI exit selector from running
  ---
  duration_ms: 123.927149
  type: 'test'
  ...
# Subtest: final durable result directory fsync crossing the absolute deadline cannot yield CLI zero
ok 31 - final durable result directory fsync crossing the absolute deadline cannot yield CLI zero
  ---
  duration_ms: 93.323112
  type: 'test'
  ...
# Subtest: Preview composition connects actual stage driver, native observer and independent comparator
ok 32 - Preview composition connects actual stage driver, native observer and independent comparator
  ---
  duration_ms: 407.909665
  type: 'test'
  ...
# Subtest: Preview composition stops wrong target and owns cleanup
ok 33 - Preview composition stops wrong target and owns cleanup
  ---
  duration_ms: 1.23044
  type: 'test'
  ...
# Subtest: Preview composition stops wrong genesis and owns cleanup
ok 34 - Preview composition stops wrong genesis and owns cleanup
  ---
  duration_ms: 1.266127
  type: 'test'
  ...
# Subtest: Preview composition stops wrong original wallet and owns cleanup
ok 35 - Preview composition stops wrong original wallet and owns cleanup
  ---
  duration_ms: 12.736758
  type: 'test'
  ...
# Subtest: Preview composition stops injected production dependency and owns cleanup
ok 36 - Preview composition stops injected production dependency and owns cleanup
  ---
  duration_ms: 0.683778
  type: 'test'
  ...
# Subtest: Preview composition stops retention failed and owns cleanup
ok 37 - Preview composition stops retention failed and owns cleanup
  ---
  duration_ms: 71.405583
  type: 'test'
  ...
# Subtest: actual Preview owner decoding rejects a wrong initialize recipient before next call
ok 38 - actual Preview owner decoding rejects a wrong initialize recipient before next call
  ---
  duration_ms: 105.185009
  type: 'test'
  ...
# Subtest: actual independent comparator rejects understated observed native fee
ok 39 - actual independent comparator rejects understated observed native fee
  ---
  duration_ms: 98.411316
  type: 'test'
  ...
# Subtest: Preview composition uses real exclusive reservations and guarded provider lifecycle without invoking wallet transaction APIs
ok 40 - Preview composition uses real exclusive reservations and guarded provider lifecycle without invoking wallet transaction APIs
  ---
  duration_ms: 174.888616
  type: 'test'
  ...
# Subtest: Preview setup deadline rejects a late public response before build/provider construction
ok 41 - Preview setup deadline rejects a late public response before build/provider construction
  ---
  duration_ms: 2.922762
  type: 'test'
  ...
# Subtest: Preview integration cannot report completion after loader cleanup exceeds deadline
ok 42 - Preview integration cannot report completion after loader cleanup exceeds deadline
  ---
  duration_ms: 116.728358
  type: 'test'
  ...
# Subtest: Preview actual observer/comparator composition rejects cumulative fees above its admitted cap
ok 43 - Preview actual observer/comparator composition rejects cumulative fees above its admitted cap
  ---
  duration_ms: 331.307291
  type: 'test'
  ...
# Subtest: actual Preview integration producer durably retains all four native/comparison stages and66hex IDs
ok 44 - actual Preview integration producer durably retains all four native/comparison stages and66hex IDs
  ---
  duration_ms: 374.024378
  type: 'test'
  ...
# Subtest: actual Preview preflight failure is retainable without relabeling or inventing absent fields
ok 45 - actual Preview preflight failure is retainable without relabeling or inventing absent fields
  ---
  duration_ms: 1.539265
  type: 'test'
  ...
# Subtest: actual Preview comparison failure retains prior stage and driver IDs without private error message
ok 46 - actual Preview comparison failure retains prior stage and driver IDs without private error message
  ---
  duration_ms: 64.262862
  type: 'test'
  ...
# Subtest: durable stage collision through actual integration stops before another SDK call
ok 47 - durable stage collision through actual integration stops before another SDK call
  ---
  duration_ms: 25.809472
  type: 'test'
  ...
# Subtest: closed Preview plan validates existing public wallet identity without private reads
ok 48 - closed Preview plan validates existing public wallet identity without private reads
  ---
  duration_ms: 13.47984
  type: 'test'
  ...
# Subtest: Preview plan rejects wrong target, original identity changes, recovery fields, hidden values and unsafe overlap
ok 49 - Preview plan rejects wrong target, original identity changes, recovery fields, hidden values and unsafe overlap
  ---
  duration_ms: 21.54601
  type: 'test'
  ...
# Subtest: actual retained full observations and66-hex SDK identifiers survive durable Preview result writer
ok 50 - actual retained full observations and66-hex SDK identifiers survive durable Preview result writer
  ---
  duration_ms: 47.081602
  type: 'test'
  ...
# Subtest: failed preflight result preserves undefined optional fields without private SDK data
ok 51 - failed preflight result preserves undefined optional fields without private SDK data
  ---
  duration_ms: 1.10277
  type: 'test'
  ...
# Subtest: private nested fields, accessors, symbols, arbitrary errors and wrong identifier/hash lengths never write
ok 52 - private nested fields, accessors, symbols, arbitrary errors and wrong identifier/hash lengths never write
  ---
  duration_ms: 12.911198
  type: 'test'
  ...
# Subtest: stage/event retain actual identifiers and reject symlink destinations
ok 53 - stage/event retain actual identifiers and reject symlink destinations
  ---
  duration_ms: 3.463746
  type: 'test'
  ...
# Subtest: array accessors never run while projecting public evidence or events
ok 54 - array accessors never run while projecting public evidence or events
  ---
  duration_ms: 2.994307
  type: 'test'
  ...
# Subtest: actual stopped provider event operation text is omitted from public projection
ok 55 - actual stopped provider event operation text is omitted from public projection
  ---
  duration_ms: 2.56575
  type: 'test'
  ...
# Subtest: nested acceptance claims cannot be promoted by public writer
ok 56 - nested acceptance claims cannot be promoted by public writer
  ---
  duration_ms: 5.806261
  type: 'test'
  ...
# Subtest: nested acceptance fields require literal false independent of value type
ok 57 - nested acceptance fields require literal false independent of value type
  ---
  duration_ms: 27.332733
  type: 'test'
  ...
# Subtest: native identity and schema fields reject non-string types before primitive copying
ok 58 - native identity and schema fields reject non-string types before primitive copying
  ---
  duration_ms: 9.068372
  type: 'test'
  ...
# (node:2187) TimeoutNegativeWarning: -1 is a negative number.
# Timeout duration was set to 1.
# (Use `node --trace-warnings ...` to show where the warning was created)
# Subtest: Preview RPC sends exact pinned HTTPS endpoint and explicit read parameters
ok 59 - Preview RPC sends exact pinned HTTPS endpoint and explicit read parameters
  ---
  duration_ms: 87.85875
  type: 'test'
  ...
# Subtest: Preview RPC rejects every unapproved target before transport access
ok 60 - Preview RPC rejects every unapproved target before transport access
  ---
  duration_ms: 6.266836
  type: 'test'
  ...
# Subtest: Preview RPC rejects writes and malformed anchored state parameters before fetch
ok 61 - Preview RPC rejects writes and malformed anchored state parameters before fetch
  ---
  duration_ms: 0.750945
  type: 'test'
  ...
# Subtest: Preview RPC rejects invalid deadlines without dispatch
ok 62 - Preview RPC rejects invalid deadlines without dispatch
  ---
  duration_ms: 0.235898
  type: 'test'
  ...
# Subtest: Preview RPC preserves unknown JSON-RPC failure and never retries or falls back
ok 63 - Preview RPC preserves unknown JSON-RPC failure and never retries or falls back
  ---
  duration_ms: 0.718857
  type: 'test'
  ...
# Subtest: Preview RPC rejects malformed envelopes, HTTP errors and malformed JSON
ok 64 - Preview RPC rejects malformed envelopes, HTTP errors and malformed JSON
  ---
  duration_ms: 9.860224
  type: 'test'
  ...
# Subtest: Preview RPC rejects oversized response body and aborts
ok 65 - Preview RPC rejects oversized response body and aborts
  ---
  duration_ms: 2.34273
  type: 'test'
  ...
# Subtest: Preview RPC rejects late fetch completion even when the timer cannot run
ok 66 - Preview RPC rejects late fetch completion even when the timer cannot run
  ---
  duration_ms: 6.144915
  type: 'test'
  ...
# Subtest: Preview RPC rejects late body completion and aborts
ok 67 - Preview RPC rejects late body completion and aborts
  ---
  duration_ms: 1.067877
  type: 'test'
  ...
# Subtest: Preview RPC deadline bounds a transport that never completes
ok 68 - Preview RPC deadline bounds a transport that never completes
  ---
  duration_ms: 32.441951
  type: 'test'
  ...
# Subtest: full Preview swap composition traverses native receipts, independent comparator and minted wallet gate
ok 69 - full Preview swap composition traverses native receipts, independent comparator and minted wallet gate
  ---
  duration_ms: 480.8688
  type: 'test'
  ...
# Subtest: Preview swap bad close recipient stops actual financial comparator
ok 70 - Preview swap bad close recipient stops actual financial comparator
  ---
  duration_ms: 240.403844
  type: 'test'
  ...
# Subtest: Preview swap pending minted wallet coin stops before swap submission callback
ok 71 - Preview swap pending minted wallet coin stops before swap submission callback
  ---
  duration_ms: 72.594351
  type: 'test'
  ...
# Subtest: Preview loan reuses exact local custody arguments and guarded compare-before-next-call order
ok 72 - Preview loan reuses exact local custody arguments and guarded compare-before-next-call order
  ---
  duration_ms: 3.604859
  type: 'test'
  ...
# Subtest: Preview swap reuses exact local custody arguments and guarded compare-before-next-call order
ok 73 - Preview swap reuses exact local custody arguments and guarded compare-before-next-call order
  ---
  duration_ms: 4.792302
  type: 'test'
  ...
# Subtest: Preview rejects wrong entry network before any SDK operation and cleans up
ok 74 - Preview rejects wrong entry network before any SDK operation and cleans up
  ---
  duration_ms: 1.091975
  type: 'test'
  ...
# Subtest: Preview rejects wrong SDK network before any SDK operation and cleans up
ok 75 - Preview rejects wrong SDK network before any SDK operation and cleans up
  ---
  duration_ms: 0.851386
  type: 'test'
  ...
# Subtest: Preview rejects wrong payer before any SDK operation and cleans up
ok 76 - Preview rejects wrong payer before any SDK operation and cleans up
  ---
  duration_ms: 0.720699
  type: 'test'
  ...
# Subtest: Preview rejects wrong node before any SDK operation and cleans up
ok 77 - Preview rejects wrong node before any SDK operation and cleans up
  ---
  duration_ms: 1.162551
  type: 'test'
  ...
# Subtest: Preview rejects wrong indexer before any SDK operation and cleans up
ok 78 - Preview rejects wrong indexer before any SDK operation and cleans up
  ---
  duration_ms: 0.635265
  type: 'test'
  ...
# Subtest: Preview rejects wrong WS before any SDK operation and cleans up
ok 79 - Preview rejects wrong WS before any SDK operation and cleans up
  ---
  duration_ms: 0.29739
  type: 'test'
  ...
# Subtest: Preview rejects remote prover before any SDK operation and cleans up
ok 80 - Preview rejects remote prover before any SDK operation and cleans up
  ---
  duration_ms: 0.905845
  type: 'test'
  ...
# Subtest: Preview rejects existingDeployment before any SDK operation and cleans up
ok 81 - Preview rejects existingDeployment before any SDK operation and cleans up
  ---
  duration_ms: 0.575941
  type: 'test'
  ...
# Subtest: Preview rejects initializedLoan before any SDK operation and cleans up
ok 82 - Preview rejects initializedLoan before any SDK operation and cleans up
  ---
  duration_ms: 0.916007
  type: 'test'
  ...
# Subtest: Preview rejects initializedSwap before any SDK operation and cleans up
ok 83 - Preview rejects initializedSwap before any SDK operation and cleans up
  ---
  duration_ms: 0.249124
  type: 'test'
  ...
# Subtest: Preview rejects stable-target binding mutation before the next submission
ok 84 - Preview rejects stable-target binding mutation before the next submission
  ---
  duration_ms: 0.692102
  type: 'test'
  ...
# Subtest: Preview budget failure prevents next SDK call and retains known identifiers
ok 85 - Preview budget failure prevents next SDK call and retains known identifiers
  ---
  duration_ms: 0.421611
  type: 'test'
  ...
# Subtest: Preview observe failure prevents next SDK call and retains known identifiers
ok 86 - Preview observe failure prevents next SDK call and retains known identifiers
  ---
  duration_ms: 1.115918
  type: 'test'
  ...
# Subtest: Preview compare failure prevents next SDK call and retains known identifiers
ok 87 - Preview compare failure prevents next SDK call and retains known identifiers
  ---
  duration_ms: 0.46102
  type: 'test'
  ...
# Subtest: Preview incomplete cleanup cannot produce PASS
ok 88 - Preview incomplete cleanup cannot produce PASS
  ---
  duration_ms: 1.084334
  type: 'test'
  ...
# Subtest: Preview financial completion separates stopped wallet from unobserved external containment
ok 89 - Preview financial completion separates stopped wallet from unobserved external containment
  ---
  duration_ms: 0.621654
  type: 'test'
  ...
1..89
# tests 89
# suites 0
# pass 89
# fail 0
# cancelled 0
# skipped 0
# todo 0
# duration_ms 2521.226109

> test:executor
> node --test --test-reporter=tap ledger/prover-lifetime.test.mjs ledger/executor-caller.test.mjs ledger/fault-matrix.test.mjs ledger/invocation-handoff.test.mjs

TAP version 13
# Subtest: raw close classification gives signals precedence and preserves unknown
ok 1 - raw close classification gives signals precedence and preserves unknown
  ---
  duration_ms: 4.767952
  type: 'test'
  ...
# Subtest: actual argv protocol is handed to exactly one detached piped child without mutation
ok 2 - actual argv protocol is handed to exactly one detached piped child without mutation
  ---
  duration_ms: 3.910415
  type: 'test'
  ...
# Subtest: explicit child environment is passed verbatim without parent-environment merging
ok 3 - explicit child environment is passed verbatim without parent-environment merging
  ---
  duration_ms: 2.425579
  type: 'test'
  ...
# Subtest: child zero and success-looking stdout never replace missing durable evidence
ok 4 - child zero and success-looking stdout never replace missing durable evidence
  ---
  duration_ms: 1.506267
  type: 'test'
  ...
# Subtest: durable completion without independently observed containment remains unknown
ok 5 - durable completion without independently observed containment remains unknown
  ---
  duration_ms: 0.672466
  type: 'test'
  ...
# Subtest: schema-invalid or exit-inconsistent durable results cannot establish containment
ok 6 - schema-invalid or exit-inconsistent durable results cannot establish containment
  ---
  duration_ms: 0.738064
  type: 'test'
  ...
# Subtest: retained nonzero and signal exits remain failed even when durable result reading fails
ok 7 - retained nonzero and signal exits remain failed even when durable result reading fails
  ---
  duration_ms: 0.567784
  type: 'test'
  ...
# Subtest: unknown close observation is never promoted by a valid-looking durable result
ok 8 - unknown close observation is never promoted by a valid-looking durable result
  ---
  duration_ms: 0.47142
  type: 'test'
  ...
# Subtest: combined diagnostics stop at exactly 1048576 bytes without changing disposition
ok 9 - combined diagnostics stop at exactly 1048576 bytes without changing disposition
  ---
  duration_ms: 3.627306
  type: 'test'
  ...
# Subtest: outer timeout retains its close signal but classifies the caller kill as unknown
ok 10 - outer timeout retains its close signal but classifies the caller kill as unknown
  ---
  duration_ms: 37.280656
  type: 'test'
  ...
# Subtest: a child that never closes after a failed deadline kill settles at the abandonment bound
ok 11 - a child that never closes after a failed deadline kill settles at the abandonment bound
  ---
  duration_ms: 14.029031
  type: 'test'
  ...
# Subtest: a failed kill request does not hide a later retained natural main failure
ok 12 - a failed kill request does not hide a later retained natural main failure
  ---
  duration_ms: 10.041901
  type: 'test'
  ...
# Subtest: child error rejects with the original spawn error
ok 13 - child error rejects with the original spawn error
  ---
  duration_ms: 0.440524
  type: 'test'
  ...
# Subtest: malformed close payload rejects instead of escaping the promise
ok 14 - malformed close payload rejects instead of escaping the promise
  ---
  duration_ms: 0.172975
  type: 'test'
  ...
# Subtest: closed invalid options refuse before monotonic sampling or spawn
ok 15 - closed invalid options refuse before monotonic sampling or spawn
  ---
  duration_ms: 0.582558
  type: 'test'
  ...
# Subtest: argv accessors and hidden array fields reject without invoking attacker code
ok 16 - argv accessors and hidden array fields reject without invoking attacker code
  ---
  duration_ms: 0.725959
  type: 'test'
  ...
# Subtest: prover control bytes are durably written before spawn and bounds use the one outer start
ok 17 - prover control bytes are durably written before spawn and bounds use the one outer start
  ---
  duration_ms: 0.999568
  type: 'test'
  ...
# Subtest: post-start durable-result loss cannot recompute or widen the established prover bounds
ok 18 - post-start durable-result loss cannot recompute or widen the established prover bounds
  ---
  duration_ms: 0.339635
  type: 'test'
  ...
# Subtest: required control persistence failure prevents every child spawn
ok 19 - required control persistence failure prevents every child spawn
  ---
  duration_ms: 0.225149
  type: 'test'
  ...
# Subtest: legacy optional-control flag cannot permit spawn without a writer
ok 20 - legacy optional-control flag cannot permit spawn without a writer
  ---
  duration_ms: 0.135318
  type: 'test'
  ...
# Subtest: legacy optional-control flag cannot swallow a failed control write or spawn
ok 21 - legacy optional-control flag cannot swallow a failed control write or spawn
  ---
  duration_ms: 0.180679
  type: 'test'
  ...
# Subtest: entry at the inclusive latest-start boundary refuses after control persistence and before spawn
ok 22 - entry at the inclusive latest-start boundary refuses after control persistence and before spawn
  ---
  duration_ms: 0.194308
  type: 'test'
  ...
# Subtest: configured handoff passes exactly its two-entry environment and appends before answering
ok 23 - configured handoff passes exactly its two-entry environment and appends before answering
  ---
  duration_ms: 25.274068
  type: 'test'
  ...
# Subtest: immediate child connection survives a slow invocation append and the executor returns
ok 24 - immediate child connection survives a slow invocation append and the executor returns
  ---
  duration_ms: 64.621394
  type: 'test'
  ...
# Subtest: handoff server close has a bounded fallback when close never calls back
ok 25 - handoff server close has a bounded fallback when close never calls back
  ---
  duration_ms: 262.568071
  type: 'test'
  ...
# Subtest: failed invocation append yields existing evidence-write failure and attaches no handshake listener
ok 26 - failed invocation append yields existing evidence-write failure and attaches no handshake listener
  ---
  duration_ms: 0.85117
  type: 'test'
  ...
# Subtest: explicit environment conflicts with handoff before monotonic sampling or spawn
ok 27 - explicit environment conflicts with handoff before monotonic sampling or spawn
  ---
  duration_ms: 0.200036
  type: 'test'
  ...
# Subtest: H1 reproducer: a never-resolving invocation append returns within the configured outer plus abandonment bound
ok 28 - H1 reproducer: a never-resolving invocation append returns within the configured outer plus abandonment bound
  ---
  duration_ms: 102.644946
  type: 'test'
  ...
# Subtest: H1 prover path: a never-resolving invocation append returns within the same bound with the established prover bounds retained
ok 29 - H1 prover path: a never-resolving invocation append returns within the same bound with the established prover bounds retained
  ---
  duration_ms: 102.629851
  type: 'test'
  ...
# Subtest: H1a: a wall-clock rollback during setup does not extend the monotonic schedule
ok 30 - H1a: a wall-clock rollback during setup does not extend the monotonic schedule
  ---
  duration_ms: 61.946948
  type: 'test'
  ...
# Subtest: H1b: a stalled durable read and a stalled remover share the one final bound and are reported unresolved
ok 31 - H1b: a stalled durable read and a stalled remover share the one final bound and are reported unresolved
  ---
  duration_ms: 80.171807
  type: 'test'
  ...
# Subtest: H1b: a slow durable read that outlives its budget is unresolved but leaves the reserved cleanup margin intact
ok 32 - H1b: a slow durable read that outlives its budget is unresolved but leaves the reserved cleanup margin intact
  ---
  duration_ms: 61.294674
  type: 'test'
  ...
# Subtest: H1c: a slow boot-id read that crosses the outer deadline rejects without any spawn
ok 33 - H1c: a slow boot-id read that crosses the outer deadline rejects without any spawn
  ---
  duration_ms: 100.114872
  type: 'test'
  ...
# Subtest: H1c: the outer deadline is rechecked immediately before spawn after a blocking final phase
ok 34 - H1c: the outer deadline is rechecked immediately before spawn after a blocking final phase
  ---
  duration_ms: 46.078334
  type: 'test'
  ...
# Subtest: L1: the prover latest-start check runs after the awaited boot-id, immediately before spawn
ok 35 - L1: the prover latest-start check runs after the awaited boot-id, immediately before spawn
  ---
  duration_ms: 0.821918
  type: 'test'
  ...
# Subtest: a child that exits while the invocation append is still stalled returns within the bound without inventing persisted evidence
ok 36 - a child that exits while the invocation append is still stalled returns within the bound without inventing persisted evidence
  ---
  duration_ms: 59.440887
  type: 'test'
  ...
# Subtest: stalled current-state confirmation returns STARTUP_INVALID within the bound and never answers the closed socket
ok 37 - stalled current-state confirmation returns STARTUP_INVALID within the bound and never answers the closed socket
  ---
  duration_ms: 100.871717
  type: 'test'
  ...
# Subtest: stalled denial append after a reservation mismatch returns STARTUP_INVALID within the bound and never answers the closed socket
ok 38 - stalled denial append after a reservation mismatch returns STARTUP_INVALID within the bound and never answers the closed socket
  ---
  duration_ms: 101.4456
  type: 'test'
  ...
# Subtest: H1d: a child error after handshake activation disposes the protocol so no later denial record starts
ok 39 - H1d: a child error after handshake activation disposes the protocol so no later denial record starts
  ---
  duration_ms: 136.055596
  type: 'test'
  ...
# Subtest: stalled pre-spawn runtime-directory rejects at the outer bound without a spawn and removes any owned runtime
ok 40 - stalled pre-spawn runtime-directory rejects at the outer bound without a spawn and removes any owned runtime
  ---
  duration_ms: 40.600842
  type: 'test'
  ...
# Subtest: stalled pre-spawn invocation-socket rejects at the outer bound without a spawn and removes any owned runtime
ok 41 - stalled pre-spawn invocation-socket rejects at the outer bound without a spawn and removes any owned runtime
  ---
  duration_ms: 40.030606
  type: 'test'
  ...
# Subtest: stalled pre-spawn boot-id rejects at the outer bound without a spawn and removes any owned runtime
ok 42 - stalled pre-spawn boot-id rejects at the outer bound without a spawn and removes any owned runtime
  ---
  duration_ms: 39.252523
  type: 'test'
  ...
# Subtest: stalled prover control write rejects at the outer bound before any spawn
ok 43 - stalled prover control write rejects at the outer bound before any spawn
  ---
  duration_ms: 40.160327
  type: 'test'
  ...
# Subtest: H3b: a runtime directory created after the outer bound is owned and removed without advancing setup
ok 44 - H3b: a runtime directory created after the outer bound is owned and removed without advancing setup
  ---
  duration_ms: 81.575855
  type: 'test'
  ...
# Subtest: H3b: a socket created after the outer bound is closed and unlinked without advancing setup
ok 45 - H3b: a socket created after the outer bound is closed and unlinked without advancing setup
  ---
  duration_ms: 81.363684
  type: 'test'
  ...
# Subtest: H3a: a nonce failure after a real socket is acquired closes the server and removes the owned paths
ok 46 - H3a: a nonce failure after a real socket is acquired closes the server and removes the owned paths
  ---
  duration_ms: 1.545
  type: 'test'
  ...
# Subtest: H3: spawn failure and child error after runtime allocation preserve the original error and remove the owned runtime
ok 47 - H3: spawn failure and child error after runtime allocation preserve the original error and remove the owned runtime
  ---
  duration_ms: 0.599577
  type: 'test'
  ...
# Subtest: H3: a failed runtime removal is reported in the result instead of being swallowed
ok 48 - H3: a failed runtime removal is reported in the result instead of being swallowed
  ---
  duration_ms: 6.243952
  type: 'test'
  ...
# Subtest: H3: a spawn failure whose runtime removal also fails keeps the original error and reports the cleanup failure
ok 49 - H3: a spawn failure whose runtime removal also fails keeps the original error and reports the cleanup failure
  ---
  duration_ms: 0.475131
  type: 'test'
  ...
# Subtest: row: complete zero terminal evidence and containment succeeds
ok 50 - row: complete zero terminal evidence and containment succeeds
  ---
  duration_ms: 1.738772
  type: 'test'
  ...
# Subtest: row: malformed startup is unknown
ok 51 - row: malformed startup is unknown
  ---
  duration_ms: 0.15779
  type: 'test'
  ...
# Subtest: row: unpersisted startup reports the specific write failure
ok 52 - row: unpersisted startup reports the specific write failure
  ---
  duration_ms: 0.139401
  type: 'test'
  ...
# Subtest: row: invocation identity mismatch precedes an apparent main failure
ok 53 - row: invocation identity mismatch precedes an apparent main failure
  ---
  duration_ms: 0.243683
  type: 'test'
  ...
# Subtest: row: preexisting evidence is unknown and not reused
ok 54 - row: preexisting evidence is unknown and not reused
  ---
  duration_ms: 0.318601
  type: 'test'
  ...
# Subtest: row: retained nonzero main exit is failed
ok 55 - row: retained nonzero main exit is failed
  ---
  duration_ms: 0.181644
  type: 'test'
  ...
# Subtest: row: retained main signal is failed
ok 56 - row: retained main signal is failed
  ---
  duration_ms: 0.165379
  type: 'test'
  ...
# Subtest: row: unavailable main exit is unknown before evidence gates
ok 57 - row: unavailable main exit is unknown before evidence gates
  ---
  duration_ms: 0.108643
  type: 'test'
  ...
# Subtest: row: absent raw main-exit observation is unknown even when every other fact says success
ok 58 - row: absent raw main-exit observation is unknown even when every other fact says success
  ---
  duration_ms: 0.838786
  type: 'test'
  ...
# Subtest: row: only a retained exact zero exit reaches success
ok 59 - row: only a retained exact zero exit reaches success
  ---
  duration_ms: 1.019136
  type: 'test'
  ...
# Subtest: row: absent raw observation keeps refusal, startup and evidence precedence
ok 60 - row: absent raw observation keeps refusal, startup and evidence precedence
  ---
  duration_ms: 1.353269
  type: 'test'
  ...
# Subtest: row: known main failure stays failed despite every later cleanup limitation
ok 61 - row: known main failure stays failed despite every later cleanup limitation
  ---
  duration_ms: 0.220212
  type: 'test'
  ...
# Subtest: row: terminal evidence write or fsync failure is unknown
ok 62 - row: terminal evidence write or fsync failure is unknown
  ---
  duration_ms: 0.217653
  type: 'test'
  ...
# Subtest: row: stop nonzero is unknown
ok 63 - row: stop nonzero is unknown
  ---
  duration_ms: 0.085238
  type: 'test'
  ...
# Subtest: row: stop exception or timeout is unknown
ok 64 - row: stop exception or timeout is unknown
  ---
  duration_ms: 0.130521
  type: 'test'
  ...
# Subtest: row: successful stop with missing receipt is unknown
ok 65 - row: successful stop with missing receipt is unknown
  ---
  duration_ms: 0.110118
  type: 'test'
  ...
# Subtest: row: deadline crossing is unknown
ok 66 - row: deadline crossing is unknown
  ---
  duration_ms: 0.072892
  type: 'test'
  ...
# Subtest: row: parent loss is unknown
ok 67 - row: parent loss is unknown
  ---
  duration_ms: 0.168029
  type: 'test'
  ...
# Subtest: row: incomplete containment is unknown
ok 68 - row: incomplete containment is unknown
  ---
  duration_ms: 0.169878
  type: 'test'
  ...
# Subtest: row: timer cancellation nonzero is unknown
ok 69 - row: timer cancellation nonzero is unknown
  ---
  duration_ms: 0.066543
  type: 'test'
  ...
# Subtest: row: missing timer cancellation receipt is unknown
ok 70 - row: missing timer cancellation receipt is unknown
  ---
  duration_ms: 0.051712
  type: 'test'
  ...
# Subtest: row: final result write or fsync failure is unknown
ok 71 - row: final result write or fsync failure is unknown
  ---
  duration_ms: 0.066254
  type: 'test'
  ...
# Subtest: row: pre-start refusal preserves the validator code
ok 72 - row: pre-start refusal preserves the validator code
  ---
  duration_ms: 0.062385
  type: 'test'
  ...
# Subtest: precedence follows the closed table from top to bottom
ok 73 - precedence follows the closed table from top to bottom
  ---
  duration_ms: 0.084143
  type: 'test'
  ...
# Subtest: malformed or open inputs are rejected instead of defaulted
ok 74 - malformed or open inputs are rejected instead of defaulted
  ---
  duration_ms: 0.505684
  type: 'test'
  ...
# Subtest: safety cleanup is outside the pure classifier and cannot manufacture success evidence
ok 75 - safety cleanup is outside the pure classifier and cannot manufacture success evidence
  ---
  duration_ms: 0.388553
  type: 'test'
  ...
# Subtest: literal handoff protocol constants and fixed event field order
ok 76 - literal handoff protocol constants and fixed event field order
  ---
  duration_ms: 2.073561
  type: 'test'
  ...
# Subtest: real nonce generation returns distinct 256-bit Buffers
ok 77 - real nonce generation returns distinct 256-bit Buffers
  ---
  duration_ms: 0.657397
  type: 'test'
  ...
# Subtest: raw nonce hex and its SHA-256 digest are distinct lowercase hex
ok 78 - raw nonce hex and its SHA-256 digest are distinct lowercase hex
  ---
  duration_ms: 0.753404
  type: 'test'
  ...
# Subtest: constant-time comparison handles fixed and mismatched lengths and rejects types
ok 79 - constant-time comparison handles fixed and mismatched lengths and rejects types
  ---
  duration_ms: 0.91735
  type: 'test'
  ...
# Subtest: closed handoff environment contains only the two authority-neutral transport values
ok 80 - closed handoff environment contains only the two authority-neutral transport values
  ---
  duration_ms: 0.833309
  type: 'test'
  ...
# Subtest: real runtime directory is forced to mode 0700 under a permissive umask
ok 81 - real runtime directory is forced to mode 0700 under a permissive umask
  ---
  duration_ms: 7.375424
  type: 'test'
  ...
# Subtest: real invocation socket is mode 0600 and exchanges bytes over AF_UNIX
ok 82 - real invocation socket is mode 0600 and exchanges bytes over AF_UNIX
  ---
  duration_ms: 3.952335
  type: 'test'
  ...
# Subtest: real proc stat parser reports this process parent and positive start ticks
ok 83 - real proc stat parser reports this process parent and positive start ticks
  ---
  duration_ms: 0.608556
  type: 'test'
  ...
# Subtest: bounded ancestry accepts descendants and rejects PID reuse, siblings, excess depth and vanished PIDs
ok 84 - bounded ancestry accepts descendants and rejects PID reuse, siblings, excess depth and vanished PIDs
  ---
  duration_ms: 0.461249
  type: 'test'
  ...
# Subtest: peer UID and boot ID comparisons validate types and compare exactly
ok 85 - peer UID and boot ID comparisons validate types and compare exactly
  ---
  duration_ms: 0.380221
  type: 'test'
  ...
# Subtest: missing Node SO_PEERCRED boundary fails loudly
ok 86 - missing Node SO_PEERCRED boundary fails loudly
  ---
  duration_ms: 0.150506
  type: 'test'
  ...
# Subtest: EOF classifiers return exact frozen outcomes without overwriting retained failure
ok 87 - EOF classifiers return exact frozen outcomes without overwriting retained failure
  ---
  duration_ms: 0.642271
  type: 'test'
  ...
# Subtest: invocation payload is closed, frozen, canonical and sensitive to every field
ok 88 - invocation payload is closed, frozen, canonical and sensitive to every field
  ---
  duration_ms: 3.994524
  type: 'test'
  ...
# Subtest: boot mismatch child check rejects a different real UUID and accepts the payload UUID
ok 89 - boot mismatch child check rejects a different real UUID and accepts the payload UUID
  ---
  duration_ms: 0.636179
  type: 'test'
  ...
# Subtest: denial force-closes a server socket that does not close after its final write
ok 90 - denial force-closes a server socket that does not close after its final write
  ---
  duration_ms: 251.383401
  type: 'test'
  ...
# Subtest: handoff happy path returns real peer observations and exact response
ok 91 - handoff happy path returns real peer observations and exact response
  ---
  duration_ms: 2.217358
  type: 'test'
  ...
# Subtest: handoff denies forged nonce in order
ok 92 - handoff denies forged nonce in order
  ---
  duration_ms: 2.003013
  type: 'test'
  ...
# Subtest: handoff denies wrong authority in order
ok 93 - handoff denies wrong authority in order
  ---
  duration_ms: 1.38079
  type: 'test'
  ...
# Subtest: handoff denies wrong reservation in order
ok 94 - handoff denies wrong reservation in order
  ---
  duration_ms: 1.349771
  type: 'test'
  ...
# Subtest: handoff denies stale store event in order
ok 95 - handoff denies stale store event in order
  ---
  duration_ms: 1.517713
  type: 'test'
  ...
# Subtest: different launcher PID ancestry denial precedes state confirmation and response
ok 96 - different launcher PID ancestry denial precedes state confirmation and response
  ---
  duration_ms: 2.2064
  type: 'test'
  ...
# Subtest: peer UID mismatch stops before PID ancestry and state checks
ok 97 - peer UID mismatch stops before PID ancestry and state checks
  ---
  duration_ms: 1.400108
  type: 'test'
  ...
# Subtest: boot mismatch records and returns its distinct denial before state confirmation
ok 98 - boot mismatch records and returns its distinct denial before state confirmation
  ---
  duration_ms: 1.236116
  type: 'test'
  ...
# Subtest: successful handshake is one-shot and a replay never answers before its denial record completes
ok 99 - successful handshake is one-shot and a replay never answers before its denial record completes
  ---
  duration_ms: 27.282304
  type: 'test'
  ...
# Subtest: EOF before setup refuses startup
ok 100 - EOF before setup refuses startup
  ---
  duration_ms: 1.107713
  type: 'test'
  ...
# Subtest: setup timeout without a connection resolves denial
ok 101 - setup timeout without a connection resolves denial
  ---
  duration_ms: 16.125126
  type: 'test'
  ...
# Subtest: malformed handshake JSON and missing fields deny without state work
ok 102 - malformed handshake JSON and missing fields deny without state work
  ---
  duration_ms: 1.870139
  type: 'test'
  ...
# Subtest: parent disappearance after startup classifies real channel EOF for retained and unknown outcomes
ok 103 - parent disappearance after startup classifies real channel EOF for retained and unknown outcomes
  ---
  duration_ms: 1.851657
  type: 'test'
  ...
# Subtest: server options are closed and require explicit peer credential retrieval
ok 104 - server options are closed and require explicit peer credential retrieval
  ---
  duration_ms: 0.781525
  type: 'test'
  ...
# Subtest: abort before any connection settles as HANDSHAKE_ABORTED, clears the setup timer and detaches the connection listener without a denial record
ok 105 - abort before any connection settles as HANDSHAKE_ABORTED, clears the setup timer and detaches the connection listener without a denial record
  ---
  duration_ms: 60.936773
  type: 'test'
  ...
# Subtest: abort during a pending replay clears the replay timer and records no late denial
ok 106 - abort during a pending replay clears the replay timer and records no late denial
  ---
  duration_ms: 86.73817
  type: 'test'
  ...
# Subtest: abort while state confirmation is outstanding starts no denial record and never answers
ok 107 - abort while state confirmation is outstanding starts no denial record and never answers
  ---
  duration_ms: 15.05499
  type: 'test'
  ...
# Subtest: an already-aborted signal settles immediately and a malformed signal is rejected
ok 108 - an already-aborted signal settles immediately and a malformed signal is rejected
  ---
  duration_ms: 0.443102
  type: 'test'
  ...
# Subtest: literal prover lifetime constants and BigInt bounds remain anchored to outer start
ok 109 - literal prover lifetime constants and BigInt bounds remain anchored to outer start
  ---
  duration_ms: 5.536238
  type: 'test'
  ...
# Subtest: wrapper entry accepts only times strictly before the absolute latest start
ok 110 - wrapper entry accepts only times strictly before the absolute latest start
  ---
  duration_ms: 0.594635
  type: 'test'
  ...
# Subtest: wrapper deadline is the earlier of entry plus 1500 seconds and the control deadline
ok 111 - wrapper deadline is the earlier of entry plus 1500 seconds and the control deadline
  ---
  duration_ms: 6.457809
  type: 'test'
  ...
# Subtest: control record encoding is the exact six-line ASCII format and round trips canonically
ok 112 - control record encoding is the exact six-line ASCII format and round trips canonically
  ---
  duration_ms: 0.802133
  type: 'test'
  ...
# Subtest: control record encoder rejects every malformed field and unknown fields
ok 113 - control record encoder rejects every malformed field and unknown fields
  ---
  duration_ms: 0.54347
  type: 'test'
  ...
# Subtest: control record decoder rejects size, CR, framing, schema and malformed fields distinctly
ok 114 - control record decoder rejects size, CR, framing, schema and malformed fields distinctly
  ---
  duration_ms: 0.527265
  type: 'test'
  ...
# Subtest: clock identity compares boot ID and normalized namespace inode without I/O
ok 115 - clock identity compares boot ID and normalized namespace inode without I/O
  ---
  duration_ms: 0.338659
  type: 'test'
  ...
1..115
# tests 115
# suites 0
# pass 115
# fail 0
# cancelled 0
# skipped 0
# todo 0
# duration_ms 1817.605196
