foreman-launch: capability=posix_pidns_userns_strong unshare=/usr/bin/unshare flags=--user --map-current-user --pid --mount-proc --fork --kill-child host_pid=2695123
foreman-launch: capability=posix_pidns_userns_strong already_inner host_pid=2695123

> test
> node --test tests/*.test.mjs

✔ exact registered bytes independently reproduce the pinned bounds hash and accepted program (136.467011ms)
✔ public frontend rejects all modified and malformed bounds without leaked host exceptions (2001.575939ms)
✔ earlier source diagnostics retain stage priority over malformed registry bytes (113.536105ms)
✔ derive rechecks exact registry even when a forged full program matches altered bounds (888.348756ms)
✔ backend registry admission precedes authentication or commit, including absent binding bytes (474.184592ms)
✔ detached or disguised byte views fail closed; caller mutation cannot alter the trusted registry (359.198918ms)
✔ a source stage7 failure is retained ahead of a bounds stage8 mismatch (10.139472ms)
✔ oversized bounds and decorated typed-array length cannot bypass bounded admission (211.539435ms)
✔ oversized bounds are rejected before encoder or digest work on their contents (0.455917ms)
✔ missing local binding and invalid simulator byte containers reject at program admission (66.543001ms)
✔ closed runtime schema admission precedes authentication even with registered source and bounds (123.662243ms)
✔ Core source-map edits have SOURCE_MAP while non-Core manifest edits have PROGRAM_ENCODING (198.195171ms)
✔ /2 authority is required and preserved, /1 remains accepted (7.242179ms)
✔ authority rejects malformed commitments and identical role parties (0.616124ms)
✔ Fee stays distinct and debits balance, allowance and work (1.118088ms)
✔ Fee cannot fund an Originate (73.832094ms)
✔ gross debit cannot be erased by a refund (0.204234ms)
✔ zero Fee without cap rejects before kernel (1.079729ms)
✔ net goal includes Fee and passes exactly at boundary (0.789885ms)
✔ self fee counts both sides and missing sums are zero (0.234013ms)
✔ checked sum and debit plus minimum overflow reject (0.706707ms)
✔ assets are independent and nonmonetary effects do not count (0.362248ms)
✔ /6 public evaluator lowers Fee to Core /5 and checks the net goal atomically (60.467695ms)
✔ exact quantum conversion rejects nondivisibility and overflow (1.041568ms)
✔ malformed effects cannot disappear from the outcome check (0.131217ms)
✔ authority role substitution rejects before publishing debt (43.104615ms)
✔ /6 parser preserves Unicode spans and profile-looking comments (29.507947ms)
✔ /6 rejects /1 state, duplicate Fee IDs and unknown debit actors (14.691392ms)
✔ self Fee preserves balance and still consumes gross allowance (4.422071ms)
✔ expression CLI check equals successful API and leaves source/schema bytes intact (329.785418ms)
✔ expression CLI preserves complete API failure records including R1 and UTF-8 spans (1521.154974ms)
✔ expression CLI format equals API, is idempotent and writes no input files (941.761489ms)
✔ expression CLI format preserves parser code/span with no partial output (223.473191ms)
✔ expression CLI format rejects output expansion beyond the bound without partial stdout (323.415293ms)
✔ expression CLI rejects malformed invocation before reading paths (3181.974278ms)
✔ expression CLI schema errors equal API after bounded transport (1056.82145ms)
✔ expression CLI bounds distinguish 65536 from 65537 bytes for source/schema (1894.062611ms)
✔ expression CLI rejects invalid UTF-8 before parser and retains BOM for parser (1195.90676ms)
✔ expression CLI opens only bounded regular files and allows regular symlink targets (1695.968177ms)
✔ expression CLI import has no command or stream side effects (253.067849ms)
✔ financial CLI explicit routing equals financial APIs and never infers the profile (2521.292354ms)
✔ financial CLI preserves checking and formatting meaning for the published vault quote fixture (945.934658ms)
✔ simulation CLI returns independently derived local financial and original expression results (364.336582ms)
✔ simulation CLI preserves source API rejection records and never prints snapshot state (523.220693ms)
✔ simulation CLI retains snapshot transport limits and canonical handling (1299.825302ms)
✔ profile separation requires exact source headers at both entry points (4.23552ms)
✔ profile formatters retain their respective exact source headers (1.556163ms)
✔ new grammar supports numeric metadata, signed values, generics and brackets only under /1 (2.634281ms)
✔ generic calls and comparisons remain distinct and typed emissions reject during parsing (1.771668ms)
✔ exported lexical catalogs cannot mutate subsequent profile admission (1.440527ms)
✔ source diagnostic lexical order: elaborate access_field(unknown(), "bad field") (10.015704ms)
✔ source diagnostic lexical order: elaborate access_field(i128(1+2), "bad field") (0.855666ms)
✔ source diagnostic lexical order: elaborate access_field(access_field(unknown(), "bad inner"), "bad outer") (0.725875ms)
✔ source diagnostic lexical order: elaborate access_field(1, "bad field") (0.732184ms)
✔ source diagnostic lexical order: elaborate access_field(missing, "bad field") (0.730879ms)
✔ source diagnostic lexical order: elaborate access_field(unknown()) (0.361548ms)
✔ source diagnostic lexical order: elaborate access_index(unknown(), i128(1+2)) (0.352799ms)
✔ source diagnostic lexical order: elaborate floor_div(unknown(), i128(1+2)) (0.246824ms)
✔ source diagnostic lexical order: elaborate amount(1+2, unknown()) (0.262394ms)
✔ source diagnostic lexical order: elaborate shares(1+2, unknown(), missing()) (1.251413ms)
✔ source diagnostic lexical order: elaborate rate(1+2, unknown()) (0.338484ms)
✔ source diagnostic lexical order: elaborate price(1+2, unknown(), missing(), bad()) (0.156178ms)
✔ source diagnostic lexical order: check access_field(unknown(), "bad field") (0.188976ms)
✔ source diagnostic lexical order: check access_field(i128(1+2), "bad field") (0.150436ms)
✔ source diagnostic lexical order: check access_field(access_field(unknown(), "bad inner"), "bad outer") (0.163795ms)
✔ source diagnostic lexical order: check access_field(1, "bad field") (0.184185ms)
✔ source diagnostic lexical order: check access_field(missing, "bad field") (0.165509ms)
✔ source diagnostic lexical order: check access_field(unknown()) (0.179949ms)
✔ source diagnostic lexical order: check access_index(unknown(), i128(1+2)) (0.148336ms)
✔ source diagnostic lexical order: check floor_div(unknown(), i128(1+2)) (0.145687ms)
✔ source diagnostic lexical order: check amount(1+2, unknown()) (0.167465ms)
✔ source diagnostic lexical order: check shares(1+2, unknown(), missing()) (0.145541ms)
✔ source diagnostic lexical order: check rate(1+2, unknown()) (0.143208ms)
✔ source diagnostic lexical order: check price(1+2, unknown(), missing(), bad()) (0.163481ms)
✔ source diagnostic lexical order: evaluate access_field(unknown(), "bad field") (0.372707ms)
✔ source diagnostic lexical order: evaluate access_field(i128(1+2), "bad field") (0.489405ms)
✔ source diagnostic lexical order: evaluate access_field(access_field(unknown(), "bad inner"), "bad outer") (0.20388ms)
✔ source diagnostic lexical order: evaluate access_field(1, "bad field") (0.197272ms)
✔ source diagnostic lexical order: evaluate access_field(missing, "bad field") (0.157223ms)
✔ source diagnostic lexical order: evaluate access_field(unknown()) (0.673058ms)
✔ source diagnostic lexical order: evaluate access_index(unknown(), i128(1+2)) (0.13311ms)
✔ source diagnostic lexical order: evaluate floor_div(unknown(), i128(1+2)) (0.126466ms)
✔ source diagnostic lexical order: evaluate amount(1+2, unknown()) (0.140964ms)
✔ source diagnostic lexical order: evaluate shares(1+2, unknown(), missing()) (0.129221ms)
✔ source diagnostic lexical order: evaluate rate(1+2, unknown()) (0.102378ms)
✔ source diagnostic lexical order: evaluate price(1+2, unknown(), missing(), bad()) (0.186763ms)
✔ source scalar types, signed extremes and named rounding keep exact values (10.187849ms)
✔ source financial literals retain every exact type index (5.200416ms)
✔ source record, enum, option, collection and both access aliases (16.581339ms)
✔ source check rejects a dead branch wrong type before runtime guard (0.921433ms)
✔ source formatting preserves complete expression meaning and is idempotent (1.750737ms)
✔ one real source program reaches all forty reviewed constructors (13.832941ms)
✔ a direct source emission preserves its record operand and exact work (0.70174ms)
✔ source boundaries admit128 collection items and65 parameters without widening old grammar (20.423757ms)
✔ source metadata, equality and namespace boundaries reject deterministically (2.437057ms)
✔ source stage rollback includes descriptors and rejects direct financial writes (4.922931ms)
✔ source byte spans, lowered paths and short-circuit work survive formatting-independent text (4.12621ms)
✔ source API rejects hostile transport, schema overrides and unsupported declaration semantics (0.704136ms)
✔ formatter retains lowered Core structure, types and evaluation order (4.717694ms)
✔ D5 outer transport and component limits precede source parsing and typed admission (6.717251ms)
✔ source final aggregate bound rejects at the action after both ordinary writes (15.382324ms)
✔ source descriptor128 limit rolls back the129th emission (45.258342ms)
✔ new parameter256 and collection128 ceilings have explicit next-value rejection (10.148088ms)
✔ JSON duplicate keys reject even when their final values agree (8.908792ms)
✔ noncanonical whitespace and key order reject (1.591655ms)
✔ JSON numbers, null and unpaired surrogates reject (0.555147ms)
✔ integer metadata rejects negative zero, leading zeros, plus and terminal line separators (6.321227ms)
✔ identifiers reject final carriage returns and Unicode line separators (1.007914ms)
✔ unknown type tags and undeclared well-shaped names have different phases (1.154472ms)
✔ schema definition traversal follows ASCII identifier order (1.812794ms)
✔ no supplied schema or financial write-class override is admitted in a request (9.233572ms)
✔ reject before touching a live object or accessor request (0.341854ms)
✔ a stale registered funded version cannot opt into expression semantics (0.990832ms)
✔ canonical minimal escapes are required (0.21079ms)
✔ later missing snapshot values precede earlier runtime guards (0.731201ms)
✔ snapshot shape errors precede bounds/domain errors within the same snapshot (0.262404ms)
✔ all static action errors precede missing snapshot admission (0.236176ms)
✔ supply checked nominal snapshots; no structural equality grants a write (5.307001ms)
✔ short-circuiting cannot hide an effectful nested statement (2.387316ms)
✔ Ensure suffix placement is checked before reduction (0.492591ms)
✔ self reference is not introduced before binding (0.270693ms)
✔ descriptor count is an actual runtime bound with rollback (68.257616ms)
✔ result mutation cannot affect subsequent evaluations (0.875647ms)
✔ source, Core and snapshots retain separate simultaneous byte bounds (0.882968ms)
✔ deep non-object request is INPUT_SCHEMA without host stack overflow (2.23968ms)
✔ statement256 is legal and257 rejects before any reduction (22.555947ms)
✔ record64 fields is legal and65 rejects schema admission (14.924786ms)
✔ Text literal1024 versus1025 and supplied Text1025 retain different failure phases (0.700123ms)
✔ collection capacity128 is legal;129 is not silently widened (5.50703ms)
✔ snapshot outer node counts toward value depth64 (3.133228ms)
✔ constructed depth64 succeeds and depth65 rejects after entered children (3.567362ms)
✔ schema JSON-tree node bound is independent of record field bounds (9.209746ms)
✔ Quantity normalized scale and exponent bounds reject before work (2.180086ms)
✔ selected arithmetic overflow is charged while skipped overflow is not entered (0.806853ms)
✔ empty collection access rejects at the projection after both children (0.630106ms)
✔ ASCII-valid prototype-like identifiers stay ordinary own properties (0.446237ms)
✔ work65536 is legal and a caller cannot raise or negate that allowance (0.849628ms)
✔ integer endpoints and Unicode Text bytes are checked without wrapping or character counting (0.991557ms)
✔ staged-x10-to11: actual execution (13.097995ms)
✔ staged-ensures12: actual execution (1.797327ms)
✔ duplicate-write: actual execution (0.444844ms)
✔ next-read: actual execution (1.3047ms)
✔ post-outside-ensure: actual execution (0.591392ms)
✔ two-runtime-failures: actual execution (0.968114ms)
✔ static-before-guard: actual execution (1.018596ms)
✔ work-exhaustion: actual execution (0.484884ms)
✔ quantity-mul: actual execution (1.188367ms)
✔ quantity-div: actual execution (1.740568ms)
✔ quantity-negative-scale: actual execution (0.863338ms)
✔ financial-write: actual execution (0.335746ms)
✔ finite-record-bound: actual execution (20.779639ms)
✔ unit-not-a-value: actual execution (0.623455ms)
✔ max-u64-matrix-encoding: actual execution (14.83684ms)
✔ byte-boundary-65536: actual execution (14.334313ms)
✔ byte-boundary-65537: actual execution (0.8959ms)
✔ undeclared-unit: actual execution (0.246549ms)
✔ recursive-operation-schema: actual execution (0.413456ms)
✔ all active combined derivations have executed counterparts (0.239525ms)
✔ the historical twentieth strict case has a new explicit short-circuit observation (1.148627ms)
✔ None with Option metadata depth 508 (10.322175ms)
✔ None with Option metadata depth 509 (0.884609ms)
✔ None with Option metadata depth 600 (2.644207ms)
✔ None with Option metadata depth 3000 (7.45301ms)
✔ largest Option chain fitting Core byte bound succeeds (12.168589ms)
✔ next Option chain exceeds Core bytes and rejects before work (15.546862ms)
✔ deep metadata still needs an evaluation work unit (4.177799ms)
✔ deep type shape error is INPUT_SCHEMA (1.692952ms)
✔ deep unresolved nominal type is TYPE_NAME (2.172526ms)
✔ deep Unit data type remains disallowed (1.708764ms)
✔ deep Collection capacity checks preserve inner type error order (5.979901ms)
✔ deep Collection metadata accepts valid finite capacities (6.60134ms)
✔ malformed canonical encoding remains rejected at deep metadata (1.37147ms)
✔ deep schema JSON is rejected by normative schema depth bound (3.653167ms)
✔ deep types compare structurally during ConstructSome typing (5.624766ms)
✔ deep mismatched types reject statically before work (5.034811ms)
✔ deep metadata types in unselected branches remain statically checked (5.317681ms)
✔ LitUInt-positive executes the specified value/type/work (14.16145ms)
✔ LitUInt-reject executes the specified phase and error (0.71292ms)
✔ LitSInt-positive executes the specified value/type/work (4.26849ms)
✔ LitSInt-reject executes the specified phase and error (0.380112ms)
✔ LitBool-positive executes the specified value/type/work (0.43789ms)
✔ LitBool-reject executes the specified phase and error (0.28484ms)
✔ LitText-positive executes the specified value/type/work (0.668154ms)
✔ LitText-reject executes the specified phase and error (3.837999ms)
✔ LitAmount-positive executes the specified value/type/work (1.413374ms)
✔ LitAmount-reject executes the specified phase and error (1.246093ms)
✔ LitQuantity-positive executes the specified value/type/work (0.357973ms)
✔ LitQuantity-reject executes the specified phase and error (0.149887ms)
✔ LitShares-positive executes the specified value/type/work (0.168135ms)
✔ LitShares-reject executes the specified phase and error (0.117603ms)
✔ LitRate-positive executes the specified value/type/work (0.142715ms)
✔ LitRate-reject executes the specified phase and error (0.153356ms)
✔ LitPrice-positive executes the specified value/type/work (0.255562ms)
✔ LitPrice-reject executes the specified phase and error (5.999221ms)
✔ ReadArg-positive executes the specified value/type/work (0.712758ms)
✔ ReadArg-reject executes the specified phase and error (0.209043ms)
✔ ReadObs-positive executes the specified value/type/work (1.611992ms)
✔ ReadObs-reject executes the specified phase and error (0.246195ms)
✔ ProjectField-positive executes the specified value/type/work (1.173518ms)
✔ ProjectField-reject executes the specified phase and error (0.38079ms)
✔ AccessField-positive executes the specified value/type/work (3.437864ms)
✔ AccessField-reject executes the specified phase and error (0.250082ms)
✔ ProjectIndex-positive executes the specified value/type/work (4.276016ms)
✔ ProjectIndex-reject executes the specified phase and error (0.291014ms)
✔ AccessIndex-positive executes the specified value/type/work (0.17359ms)
✔ AccessIndex-reject executes the specified phase and error (0.162979ms)
✔ ConstructRecord-positive executes the specified value/type/work (0.283826ms)
✔ ConstructRecord-reject executes the specified phase and error (0.165759ms)
✔ ConstructEnum-positive executes the specified value/type/work (0.148984ms)
✔ ConstructEnum-reject executes the specified phase and error (0.128509ms)
✔ ConstructSome-positive executes the specified value/type/work (0.141256ms)
✔ ConstructSome-reject executes the specified phase and error (0.125009ms)
✔ ConstructNone-positive executes the specified value/type/work (0.133029ms)
✔ ConstructNone-reject executes the specified phase and error (0.13277ms)
✔ ConstructCollection-positive executes the specified value/type/work (5.446528ms)
✔ ConstructCollection-reject executes the specified phase and error (0.353231ms)
✔ Add-positive executes the specified value/type/work (0.630383ms)
✔ Add-reject executes the specified phase and error (0.34196ms)
✔ Sub-positive executes the specified value/type/work (0.43639ms)
✔ Sub-reject executes the specified phase and error (0.213314ms)
✔ Mul-positive executes the specified value/type/work (0.159924ms)
✔ Mul-reject executes the specified phase and error (0.166415ms)
✔ FloorDiv-positive executes the specified value/type/work (0.150919ms)
✔ FloorDiv-reject executes the specified phase and error (0.153751ms)
✔ CeilDiv-positive executes the specified value/type/work (0.146484ms)
✔ CeilDiv-reject executes the specified phase and error (0.161067ms)
✔ Eq-positive executes the specified value/type/work (8.155866ms)
✔ Eq-reject executes the specified phase and error (0.486797ms)
✔ Lt-positive executes the specified value/type/work (0.279666ms)
✔ Lt-reject executes the specified phase and error (0.272431ms)
✔ Lte-positive executes the specified value/type/work (0.400027ms)
✔ Lte-reject executes the specified phase and error (0.238378ms)
✔ Gt-positive executes the specified value/type/work (0.180375ms)
✔ Gt-reject executes the specified phase and error (0.176177ms)
✔ Gte-positive executes the specified value/type/work (0.160419ms)
✔ Gte-reject executes the specified phase and error (0.152716ms)
✔ Not-positive executes the specified value/type/work (0.256337ms)
✔ Not-reject executes the specified phase and error (0.16572ms)
✔ And-short-circuit-positive-v1 executes the specified value/type/work (0.169452ms)
✔ And-reject executes the specified phase and error (4.726766ms)
✔ Or-short-circuit-positive-v1 executes the specified value/type/work (0.772557ms)
✔ Or-reject executes the specified phase and error (0.251881ms)
✔ all forty positive/rejection pairs have an executable materialization (0.336266ms)
✔ ReadLocal-positive: preceding Let supplies immutable y=11 (0.664878ms)
✔ ReadLocal-reject: missing z after a valid earlier binder rejects statically (0.337589ms)
✔ ReadPre-positive: post read sees staged x11 only inside Ensure (0.453689ms)
✔ ReadPre-reject: next view remains statically forbidden (0.276537ms)
✔ Require-positive: true consumes two nodes and changes no frame (0.245418ms)
✔ Require-reject: false consumes two nodes then rejects (0.264155ms)
✔ Let-positive: binding is evaluated against pre then observed by Ensure (6.244956ms)
✔ Let-reject: argument collision prevents reduction (0.276084ms)
✔ NextWrite-positive: prefix Let2 then NextWrite2 stages x11 (0.879022ms)
✔ NextWrite-reject: complete action typing rejects Bool before prefix work (5.374369ms)
✔ Ensure-positive: prefix NextWrite2 then Ensure4 checks x11 (0.627478ms)
✔ Ensure-reject: work includes staging but no staged state escapes (3.33615ms)
✔ Emit-positive: append a descriptor, with no financial effects (4.298157ms)
✔ Emit-reject: unknown operation rejects before reduction (0.353612ms)
✔ schema rejection follows ASCII identifier order rather than locale collation (5.783852ms)
✔ returned type arrays cannot change the schema of a later evaluation (5.273425ms)
✔ the versioned expression API exists independently of funded preparation (1.938656ms)
✔ BC1-truth-and-false-false: actual execution (4.44684ms)
✔ BC1-truth-and-false-true: actual execution (0.948688ms)
✔ BC1-truth-and-true-false: actual execution (1.881436ms)
✔ BC1-truth-and-true-true: actual execution (0.875108ms)
✔ BC1-truth-or-false-false: actual execution (1.228735ms)
✔ BC1-truth-or-false-true: actual execution (0.761973ms)
✔ BC1-truth-or-true-false: actual execution (0.37814ms)
✔ BC1-truth-or-true-true: actual execution (0.889967ms)
✔ BC1-skip-and-denominator: actual execution (1.832615ms)
✔ BC1-skip-or-denominator: actual execution (0.333552ms)
✔ BC1-selected-and-denominator: actual execution (0.581367ms)
✔ BC1-selected-or-denominator: actual execution (0.276878ms)
✔ BC1-left-and-denominator: actual execution (1.48663ms)
✔ BC1-left-or-denominator: actual execution (0.310924ms)
✔ BC1-dead-and-unknown-name: actual execution (0.307729ms)
✔ BC1-dead-and-wrong-type: actual execution (0.225715ms)
✔ BC1-dead-or-unknown-name: actual execution (0.197534ms)
✔ BC1-dead-or-wrong-type: actual execution (0.636751ms)
✔ BC1-dead-literal-domain: actual execution (0.310702ms)
✔ BC1-dead-missing-snapshot: actual execution (0.356642ms)
✔ BC1-dead-wrong-snapshot-shape: actual execution (0.21399ms)
✔ BC1-dead-snapshot-domain: actual execution (0.311897ms)
✔ BC1-work0-and: actual execution (0.394305ms)
✔ BC1-work1-and: actual execution (0.360081ms)
✔ BC1-work2-skip-and: actual execution (0.173727ms)
✔ BC1-work2-select-and: actual execution (0.128844ms)
✔ BC1-work0-or: actual execution (0.146609ms)
✔ BC1-work1-or: actual execution (0.121614ms)
✔ BC1-work2-skip-or: actual execution (2.750505ms)
✔ BC1-work2-select-or: actual execution (0.206309ms)
✔ BC1-nested-selected-error: actual execution (1.649037ms)
✔ BC1-nested-work-exhaustion: actual execution (0.190199ms)
✔ BC1-nested-skip: actual execution (0.199617ms)
✔ BC1-corner-nested-left-selected: actual execution (0.21877ms)
✔ BC1-corner-parent-equality: actual execution (0.149096ms)
✔ BC1-action-dead-require-name: actual execution (0.302762ms)
✔ BC1-action-dead-ensure-name: actual execution (0.150306ms)
✔ BC1-action-later-static-before-guard: actual execution (0.220667ms)
✔ BC1-action-require-skip-false: actual execution (3.073309ms)
✔ BC1-action-ensure-skip-false: actual execution (1.067629ms)
✔ BC1-action-require-ensure-success: actual execution (0.413196ms)
✔ BC1-source-selected-denominator: actual execution (0.931679ms)
✔ BC1-source-selected-work-exhaustion: actual execution (0.150403ms)
✔ BC1-source-parent-guard-span: actual execution (0.181652ms)
✔ BC1-dead-invalid-source-span: actual execution (0.116562ms)
✔ BC1-source-unicode-work-span: actual execution (0.120454ms)
✔ BC1-dead-core-bound: actual execution (1.354166ms)
✔ BC1-direct-denominator: actual execution (0.163657ms)
✔ agreement /2 check and format use no schema or action and match the API (977.679029ms)
✔ agreement /2 simulate requires --action and equals the API including the action field (276.434031ms)
✔ agreement /2 continuation simulate uses first post, financialPost and remaining work (576.384634ms)
✔ agreement /2 CLI writes semantic rejection to stderr with empty stdout (376.667852ms)
✔ /2 rejects --schema and --action on check/format; /1 and older profiles reject --action (2273.583653ms)
✔ agreement /2 simulate retains snapshot and repayment-state transport limits (1727.223741ms)
✔ /1 simulate and older profiles stay unchanged and omit the /2 action field (1446.327763ms)
✔ agreement /3 check and format use no schema or action and match the API (1208.633916ms)
✔ agreement /3 simulate requires --action and equals the API including the action field (421.943818ms)
✔ agreement /3 continuation simulate uses remaining work and complete financialPost (819.099693ms)
✔ agreement /3 CLI writes semantic rejection to stderr with empty stdout (277.653171ms)
✔ /3 rejects --schema and --action on check/format; /2 stays on its form (1320.813671ms)
✔ state admission rejection is kernel-shaped on the CLI (336.175687ms)
✔ agreement /4 check and format use no schema or action and match the API (857.212693ms)
✔ agreement /4 simulate requires --action and equals the API including the action field (411.622284ms)
✔ agreement /4 CLI writes semantic rejection to stderr with empty stdout (344.223313ms)
✔ /4 rejects --schema and --action on check/format; /3 stays on its form (1145.39927ms)
✔ agreement /5 check and format use no schema or action and match the API (747.710297ms)
✔ agreement /5 simulate requires --action and equals the API (294.779142ms)
✔ /5 rejects --schema; /4 stays on its form (609.319729ms)
✔ agreement check and format use no schema and match the API (1001.889766ms)
✔ agreement simulate CLI equals the API and the schema-based funded example (287.61011ms)
✔ agreement CLI writes semantic rejection to stderr with empty stdout (399.090097ms)
✔ new profile rejects --schema and old profiles reject the schema-free forms (1963.941096ms)
✔ agreement simulate retains snapshot and repayment-state transport limits (1580.176034ms)
✔ old-profile simulate, check and format stay unchanged (879.259462ms)
✔ factory exposes source plus mandatory action name and does not take schema or AST (1.301355ms)
✔ parser accepts multiple actions under the distinct /2 profile (5.653211ms)
✔ elaborate and check return per-action artifacts in source order without an aggregate bound (28.558531ms)
✔ evaluate requires a primitive selector even for one /2 action (19.552535ms)
✔ malformed selectors reject SOURCE_ACTION_NAME with a synthetic span (85.24994ms)
✔ unknown, case-mismatched and prototype names reject SOURCE_ACTION_UNKNOWN (50.560536ms)
✔ zero, duplicate and colliding actions reject at the offending declaration (0.616201ms)
✔ static errors in an unselected action reject before selector handling (3.17443ms)
✔ well-typed unselected runtime guards do not execute (6.502084ms)
✔ parameters and locals may reuse names across actions, including different types (10.84567ms)
✔ references to another action binding reject during that action check (2.468726ms)
✔ runtime snapshots require exactly the selected Args (18.147545ms)
✔ selected result and work are independent of unselected action order and extra well-typed actions (18.411381ms)
✔ fixture repay30 then installment20 leaves50 with complete continuation projection (11.546323ms)
✔ protected bindings, funding, guard, ensure and work failures still reject (21.130189ms)
✔ later-action diagnostics keep original UTF-8 spans after comments and Unicode (10.339166ms)
✔ evaluate compiles fresh and never consumes returned Core (22.315866ms)
✔ format is idempotent and simulation-equivalent (26.032612ms)
✔ /1 signatures, exactly-one-action rejection and old profiles stay unchanged (15.644079ms)
✔ static source failures reject before snapshot-dependent work and keep transport bounds (11.914915ms)
✔ factory exposes /3 source plus mandatory action name and does not take schema or AST (1.38907ms)
✔ parser accepts six generic reads under the distinct /3 profile (6.121496ms)
✔ elaborate and check return /3 profile and Core contract /2 (35.774643ms)
✔ fixture repay 30 then 20 then remaining 50 settles with unrelated rows preserved (42.038938ms)
✔ all six reads return typed kernel pre-state and never default missing to zero (16.940111ms)
✔ dynamic Text identities and settled zero outstanding remain readable (4.547496ms)
✔ ordinary Pre/Obs cannot supply financial values (12.33258ms)
✔ invalid state is admitted before false guards and missing lookups (9.6266ms)
✔ malformed unselected action beats selector and runtime inputs (4.505794ms)
✔ unknown unit or asset is TYPE_NAME even in an unselected action (2.192089ms)
✔ non-Text identity is TYPE_MISMATCH and extra type arguments reject (1.999953ms)
✔ canonical /3 grammar spells financialRead with typeArgs (0.32659ms)
✔ runtime identifier and denomination failures keep the read span (18.837957ms)
✔ exact (party, asset) lookup is not first-match-by-unit (5.313803ms)
✔ Quantity 2^127-1 reads and 2^127 rejects ARITH_RANGE; Amount permits UInt128 max (10.202479ms)
✔ short-circuit skips runtime lookup while static checking still visits the branch (11.503692ms)
✔ repeated reads before and after emit see the same financial pre-state (6.388478ms)
✔ interest-first control discharges accrued before principal (9.217394ms)
✔ atomic funding faults publish no posts or effects (27.146956ms)
✔ work: E+N succeeds exactly, expression exhaustion and kernel shortfall differ (45.609941ms)
✔ selected Args must match the action; extra nominal on repay_remaining rejects (19.816892ms)
✔ new intrinsic names remain legal in /2 and are reserved in /3 (1.67765ms)
✔ /1 and /2 public contracts stay closed and reject /3 profile text (4.853644ms)
✔ historical 100-work fixture remains usable by /2 and is not rewritten (7.939217ms)
✔ format is idempotent for /3 (25.913361ms)
✔ evaluate compiles fresh and does not consume returned Core or mutated state (44.303324ms)
✔ lookup positions 1 and 128 and case-sensitive identities (18.224252ms)
✔ factory exposes /4 source plus mandatory action name and does not take schema or AST (3.003088ms)
✔ parser accepts six post reads under the distinct /4 profile (6.846688ms)
✔ elaborate and check return /4 profile and Core contract /3 (47.828236ms)
✔ independent repay_remaining constructors are prefix 41, ordinary ensure 6, Quantity 5, Amount 6, bound 80 (11.457409ms)
✔ example repay_remaining settles with exact work 82 and six post observations (32.905555ms)
✔ spendable 82 succeeds remaining 0 reserve 16; 81 late work failure; 43 first ensure; 42 kernel (87.385129ms)
✔ false first financial ensure workUsed 54; false last 82; preexisting spent 17 persists (36.017506ms)
✔ unprefixed reads keep PRE meaning; locals captured before kernel stay 100 (5.808465ms)
✔ post reads are illegal in requires, let, next, emit, including dead branches (8.471626ms)
✔ skipped suffix post read is not charged and does not look up; static still visits (7.547521ms)
✔ kernel failure precedes a false ensure under /4; /3 keeps ensure-before-kernel (20.15335ms)
✔ empty descriptor action with false ensure is EMPTY_BATCH before suffix (2.136888ms)
✔ transfer-only batch is legal; post reads see created receiver and unchanged debt (9.246785ms)
✔ missing candidate post rows never equal zero (17.609206ms)
✔ exact newline identity, invalid units, signed128 quantity overflow and full U128 Amount (44.708392ms)
✔ complete kernel state admission and work mismatch beat suffix (11.94203ms)
✔ unselected ill-typed action beats selector and runtime inputs (2.126181ms)
✔ atomic funding and repay failures publish no posts, effects or new IDs (24.666202ms)
✔ old profiles keep post_* as legal identifiers and reject new constructors (5.85703ms)
✔ source, Core /3 and unchanged input retry agree; mutated elaborated Core cannot influence evaluate (47.002958ms)
✔ format is idempotent for /4 and preserves evaluation (15.923838ms)
✔ /2 stays closed and historical 100-work fixture is not rewritten (6.792498ms)
✔ factory exposes /5 plus Core /4 and does not export a resumable prefix (4.585718ms)
✔ parser accepts nested record constructors and u64 literals (9.373137ms)
✔ elaborate and check bind four protected operations structurally (47.078164ms)
✔ source consumer originates, accrues and repays through the real kernel (62.170463ms)
✔ example file check and evaluate match the API (37.20797ms)
✔ structural binding rejects missing Accrue, Quantity/Amount mix and UInt128 period fields (15.188136ms)
✔ Accrue against a different denomination rejects NOMINAL_UNIT (27.821442ms)
✔ /4 profile still rejects Originate and keeps Core /3 (1.130061ms)
✔ false ensure after origination publishes no IDs or debit (10.318218ms)
✔ factory exposes only source/snapshot/state strings and does not take schema or AST (1.423813ms)
✔ parser emits distinct uninitialized state, record and operation declarations (3.690771ms)
✔ generated schema equals the existing funded example schema canonically (13.695416ms)
✔ same action, snapshots and state equal the schema-based funded adapter result and work (28.491903ms)
✔ due100/pay30, interest-first P100/I10/pay7, continuation and failed funding/guard/ensure/work (26.637706ms)
✔ duplicate declarations, fields and parameters reject with original spans (3.164065ms)
✔ forward record references succeed and unknown or cyclic records reject (4.737728ms)
✔ mixed units and altered protected operations reject at check and evaluate (4.705351ms)
✔ initialized state, const, unsupported declarations and financial reclassification reject (5.630801ms)
✔ comments, Unicode and earlier declarations preserve original source offsets (2.671708ms)
✔ format is idempotent, schema-stable and simulation-equivalent (9.499293ms)
✔ declared type and binding failures keep original UTF-8 spans on the offending form (10.434199ms)
✔ reserved metadata names keep original UTF-8 spans in every source namespace (5.9815ms)
✔ operation and nested collection cycles keep referring TypeNode spans (1.543395ms)
✔ compound-invalid parameter faults reject before protected binding on check, elaborate and evaluate (11.106812ms)
✔ static source failures reject before snapshot-dependent work (0.207144ms)
✔ transport bounds and old-profile source regressions stay unchanged (4.538334ms)
✔ Core /2 factory arity and contract name stay distinct from /1 (1.867403ms)
✔ static check of a financial read does not require live state (2.996486ms)
✔ evaluate without financial context rejects FINANCIAL_CONTEXT_REQUIRED (1.560205ms)
✔ six read constructors type and reduce against validated pre-state (6.175027ms)
✔ a read plus Text literal costs two reductions (0.928121ms)
✔ Core /1 rejects new constructors even in an unselected branch (0.501909ms)
✔ Core /2 request remains closed and ignores caller Pre for financial reads (0.574131ms)
✔ unknown generic and non-Text identity are static (2.828751ms)
✔ runtime missing, invalid id, unit mismatch and range keep the read node (1.160843ms)
✔ short-circuit And/Or does not reduce the skipped read (2.351527ms)
✔ action statements still type-check every read including Ensure (1.438974ms)
✔ bound factory validates financial state itself and does not accept objects (0.376779ms)
✔ Core /2 malformed and duplicate state use expression rejection fields, not kernel actionIndex (0.913302ms)
✔ Core /3 staging continuation is not a public module export (0.776391ms)
✔ Core /3 factory arity and contract name stay distinct from /1 and /2 (0.653413ms)
✔ static check of a post read in Ensure does not require live state (5.616658ms)
✔ post reads outside Ensure including dead branches reject TYPE_POST_SCOPE at the original node (8.252161ms)
✔ integrated evaluate of a standalone expression rejects TYPE_ACTION_REQUIRED after static admission (6.366612ms)
✔ valid action without financial context rejects FINANCIAL_CONTEXT_REQUIRED after typing (1.719612ms)
✔ missing-context rejections own nodePath across calls and separate factories (0.846413ms)
✔ invalid action Core beats missing context (0.360588ms)
✔ closed request rejects extra fields, financialPost, callbacks and object state (0.675266ms)
✔ Core /3 state-admission faults keep the kernel envelope, unlike Core /2 (7.739946ms)
✔ Core /3 work mismatch is bare and precedes snapshot domain errors (1.097511ms)
✔ Core /3 newline identity uses a full-string check; old Core /2 keeps dollar-anchor behavior (15.360475ms)
✔ old Core /1 and /2 reject ReadPost constructors including dead branches (1.425632ms)
✔ source /4 and Core /3 evaluate the same remaining action to identical funded results (81.763306ms)
✔ Core /3 EMPTY_BATCH is not converted into ordinary-only success (0.609366ms)
✔ Core /4 staging continuation is not a public module export (6.118736ms)
✔ Core /4 factory arity stays distinct from /3 (0.182393ms)
✔ check needs no financial state; evaluate without state is FINANCIAL_CONTEXT_REQUIRED (10.17679ms)
✔ extra request fields including financialPost reject INPUT_SCHEMA (3.920685ms)
✔ integrated Core /4 originate then post-read uses lifecycle state (22.091934ms)
✔ source /5 and Core /4 share the funded result shape (0.203623ms)
✔ financial parser has gated punctuation, generic names, arities and unchanged old catalogs (3.621131ms)
✔ financial source enforces lexical metadata roles and profile-local name domains (6.432522ms)
✔ financial schema variants retain distinct payloads, cycles and 128-case bound (15.263477ms)
✔ financial collections and action parameters retain 128 and 256 bounds (24.9053ms)
✔ financial source conditional depth, tokens and source bounds remain bounded (8.376782ms)
✔ financial source literals and dynamic constructors keep distinct nodes and charges (20.455193ms)
✔ financial source UInt256 boundaries and explicit narrowing retain exact errors (5.419213ms)
✔ financial dynamic amount/share endpoints and child-entry work remain explicit (6.569512ms)
✔ financial direct Emit preserves a conditional record operand and selected work (3.299963ms)
✔ financial source lazy Select checks both arms and charges only selected nodes (7.698297ms)
✔ financial source variants/options project exact payloads and reject wrong cases (6.747345ms)
✔ financial source indexed arithmetic uses exact price/rate and literal scale rules (5.860991ms)
✔ financial source formatter preserves conditional AST association and exact Core (8.434212ms)
✔ financial source names are profile-local and original source/1 stays unchanged (2.964442ms)
✔ financial runtime additive check never evaluates or requires typed snapshots (0.720241ms)
✔ one actual .mori fixture elaborates and evaluates all48 constructors (14.940103ms)
✔ financial source exposes every new indexed type recursively without host aliases (6.696604ms)
✔ financial source scalar projections follow the complete closed overload table (8.285519ms)
✔ financial source selected failure rolls back prior writes and descriptors with real byte paths (4.84384ms)
✔ financial source exact new-node spans, metadata operands and arity failures (5.008731ms)
✔ financial source transport/ownership and phase priorities preserve source/1 contract (10.033228ms)
✔ financial source independent vault equation: deposit-round-down (2.089366ms)
✔ financial source independent vault equation: mint-round-up (3.552393ms)
✔ financial source independent vault equation: withdraw-round-up (1.53941ms)
✔ financial source independent vault equation: redeem-round-down (1.09541ms)
✔ financial source independent vault equation: deposit-max-domain-product (1.565697ms)
✔ financial source independent vault equation: mint-max-domain-product (1.319306ms)
✔ financial source independent vault equation: withdraw-max-domain-product (3.070118ms)
✔ financial source independent vault equation: redeem-max-domain-product (1.998673ms)
✔ financial source independent vault equation: deposit-result-overflow (1.932662ms)
✔ financial source independent vault equation: mint-result-overflow (1.24844ms)
✔ financial source independent vault equation: withdraw-result-overflow (2.400598ms)
✔ financial source independent vault equation: redeem-result-overflow (1.425767ms)
✔ financial source independent vault equation: deposit-small-zero-rounding (2.949506ms)
✔ financial source independent vault equation: withdraw-small-rounding (3.671499ms)
✔ financial source independent vault equation: mint-small-rounding (5.877062ms)
✔ financial source independent vault equation: redeem-small-zero-rounding (4.398864ms)
✔ financial source independent vault equation: zero-supply-needs-explicit-rule (1.223156ms)
✔ financial source independent vault equation: zero-valuation-needs-explicit-rule (1.680754ms)
✔ financial source independent vault equation: deposit-zero-quantity-arithmetic (1.175531ms)
✔ financial source independent vault equation: input-overflow-before-division (11.23107ms)
✔ LitUInt-positive executes the specified value/type/work (5.143368ms)
✔ LitUInt-reject executes the specified phase and error (0.928567ms)
✔ LitSInt-positive executes the specified value/type/work (2.348079ms)
✔ LitSInt-reject executes the specified phase and error (0.54332ms)
✔ LitBool-positive executes the specified value/type/work (1.163945ms)
✔ LitBool-reject executes the specified phase and error (0.256121ms)
✔ LitText-positive executes the specified value/type/work (0.358433ms)
✔ LitText-reject executes the specified phase and error (0.467573ms)
✔ LitAmount-positive executes the specified value/type/work (1.542441ms)
✔ LitAmount-reject executes the specified phase and error (0.345192ms)
✔ LitQuantity-positive executes the specified value/type/work (1.94044ms)
✔ LitQuantity-reject executes the specified phase and error (0.511905ms)
✔ LitShares-positive executes the specified value/type/work (0.273495ms)
✔ LitShares-reject executes the specified phase and error (0.140311ms)
✔ LitRate-positive executes the specified value/type/work (0.148328ms)
✔ LitRate-reject executes the specified phase and error (0.353346ms)
✔ LitPrice-positive executes the specified value/type/work (0.466293ms)
✔ LitPrice-reject executes the specified phase and error (0.190252ms)
✔ ReadArg-positive executes the specified value/type/work (2.388614ms)
✔ ReadArg-reject executes the specified phase and error (0.557018ms)
✔ ReadObs-positive executes the specified value/type/work (0.27756ms)
✔ ReadObs-reject executes the specified phase and error (0.137162ms)
✔ ProjectField-positive executes the specified value/type/work (0.491746ms)
✔ ProjectField-reject executes the specified phase and error (0.190467ms)
✔ AccessField-positive executes the specified value/type/work (0.248355ms)
✔ AccessField-reject executes the specified phase and error (0.878459ms)
✔ ProjectIndex-positive executes the specified value/type/work (0.595762ms)
✔ ProjectIndex-reject executes the specified phase and error (0.40796ms)
✔ AccessIndex-positive executes the specified value/type/work (0.295714ms)
✔ AccessIndex-reject executes the specified phase and error (0.268626ms)
✔ ConstructRecord-positive executes the specified value/type/work (1.098396ms)
✔ ConstructRecord-reject executes the specified phase and error (0.926527ms)
✔ ConstructEnum-positive executes the specified value/type/work (0.428901ms)
✔ ConstructEnum-reject executes the specified phase and error (0.411648ms)
✔ ConstructSome-positive executes the specified value/type/work (0.544776ms)
✔ ConstructSome-reject executes the specified phase and error (0.42108ms)
✔ ConstructNone-positive executes the specified value/type/work (0.626456ms)
✔ ConstructNone-reject executes the specified phase and error (0.882115ms)
✔ ConstructCollection-positive executes the specified value/type/work (0.506858ms)
✔ ConstructCollection-reject executes the specified phase and error (0.908532ms)
✔ Add-positive executes the specified value/type/work (0.914157ms)
✔ Add-reject executes the specified phase and error (0.259238ms)
✔ Sub-positive executes the specified value/type/work (0.194662ms)
✔ Sub-reject executes the specified phase and error (0.161753ms)
✔ Mul-positive executes the specified value/type/work (0.130876ms)
✔ Mul-reject executes the specified phase and error (0.13128ms)
✔ FloorDiv-positive executes the specified value/type/work (0.145213ms)
✔ FloorDiv-reject executes the specified phase and error (0.148054ms)
✔ CeilDiv-positive executes the specified value/type/work (0.120162ms)
✔ CeilDiv-reject executes the specified phase and error (0.135603ms)
✔ Eq-positive executes the specified value/type/work (0.115328ms)
✔ Eq-reject executes the specified phase and error (0.113491ms)
✔ Lt-positive executes the specified value/type/work (0.117047ms)
✔ Lt-reject executes the specified phase and error (0.611941ms)
✔ Lte-positive executes the specified value/type/work (0.184617ms)
✔ Lte-reject executes the specified phase and error (0.160993ms)
✔ Gt-positive executes the specified value/type/work (0.192698ms)
✔ Gt-reject executes the specified phase and error (0.161173ms)
✔ Gte-positive executes the specified value/type/work (0.1606ms)
✔ Gte-reject executes the specified phase and error (0.15792ms)
✔ Not-positive executes the specified value/type/work (0.16934ms)
✔ Not-reject executes the specified phase and error (0.1496ms)
✔ And-short-circuit-positive-v1 executes the specified value/type/work (0.154763ms)
✔ And-reject executes the specified phase and error (0.570295ms)
✔ Or-short-circuit-positive-v1 executes the specified value/type/work (0.197147ms)
✔ Or-reject executes the specified phase and error (0.195667ms)
✔ all forty positive/rejection pairs have an executable materialization (0.181192ms)
✔ ReadLocal-positive: preceding Let supplies immutable y=11 (3.43909ms)
✔ ReadLocal-reject: missing z after a valid earlier binder rejects statically (3.333006ms)
✔ ReadPre-positive: post read sees staged x11 only inside Ensure (0.664534ms)
✔ ReadPre-reject: next view remains statically forbidden (0.338668ms)
✔ Require-positive: true consumes two nodes and changes no frame (0.269184ms)
✔ Require-reject: false consumes two nodes then rejects (0.210882ms)
✔ Let-positive: binding is evaluated against pre then observed by Ensure (0.337176ms)
✔ Let-reject: argument collision prevents reduction (0.23897ms)
✔ NextWrite-positive: prefix Let2 then NextWrite2 stages x11 (2.362524ms)
✔ NextWrite-reject: complete action typing rejects Bool before prefix work (0.441145ms)
✔ Ensure-positive: prefix NextWrite2 then Ensure4 checks x11 (0.339908ms)
✔ Ensure-reject: work includes staging but no staged state escapes (1.203815ms)
✔ Emit-positive: append a descriptor, with no financial effects (0.810835ms)
✔ Emit-reject: unknown operation rejects before reduction (0.237969ms)
✔ retained exact vault body has56 nodes and full reference Sigma is admitted (37.026754ms)
✔ independent vault oracle: deposit-round-down (40.180656ms)
✔ independent vault oracle: mint-round-up (20.56034ms)
✔ independent vault oracle: withdraw-round-up (19.503123ms)
✔ independent vault oracle: redeem-round-down (22.082198ms)
✔ independent vault oracle: deposit-max-domain-product (12.243333ms)
✔ independent vault oracle: mint-max-domain-product (25.373072ms)
✔ independent vault oracle: withdraw-max-domain-product (21.200007ms)
✔ independent vault oracle: redeem-max-domain-product (22.546126ms)
✔ independent vault oracle: deposit-result-overflow (9.988897ms)
✔ independent vault oracle: mint-result-overflow (11.638809ms)
✔ independent vault oracle: withdraw-result-overflow (10.823123ms)
✔ independent vault oracle: redeem-result-overflow (13.78446ms)
✔ independent vault oracle: deposit-small-zero-rounding (23.600222ms)
✔ independent vault oracle: withdraw-small-rounding (22.853103ms)
✔ independent vault oracle: mint-small-rounding (15.171371ms)
✔ independent vault oracle: redeem-small-zero-rounding (11.850982ms)
✔ independent vault oracle: zero-supply-needs-explicit-rule (6.074147ms)
✔ independent vault oracle: zero-valuation-needs-explicit-rule (8.33396ms)
✔ independent vault oracle: deposit-zero-quantity-arithmetic (14.534523ms)
✔ independent vault oracle: input-overflow-before-division (6.478882ms)
✔ unprotected body itself does not claim initialized-domain rejection (15.774377ms)
✔ explicit UInt256 conversion evaluates a full-domain UInt128 product (6.24382ms)
✔ Select uses actual selected-node work while checking both branches (0.631549ms)
✔ ConstructAmount and ConstructShares require exact UInt128 and fixed identities (3.083139ms)
✔ Variant introduction and exact projection retain payload asset and node work (3.304249ms)
✔ Variant values and schemas reject wrong cases, duplicate payloads and cycles (1.395457ms)
✔ ProjectSome distinguishes None and preserves child failure and work (0.714056ms)
✔ UInt256 boundaries and explicit narrowing have distinct static and dynamic errors (2.415567ms)
✔ ScalarValue has only the approved component/type overloads (3.447015ms)
✔ NetAmount exact symmetric domain does not narrow to signed128 (1.279073ms)
✔ Amount products preserve dimensions and allow a full UInt128-square quotient (6.035395ms)
✔ AMM expression retains floor19743 and ceil19744 without a financial effect (4.882724ms)
✔ Price direction and literal scale divisor are statically bound (3.28032ms)
✔ negative rates use signed256 and Euclidean rounding, not unsigned cash (1.354379ms)
✔ Select preserves skipped dynamic errors, but rejects skipped static errors and unit mismatch (1.663595ms)
✔ new failures retain actual parent or child source spans (0.381274ms)
✔ new schema validates every named type and simultaneous global bounds (21.181289ms)
✔ complete parser rejects comments, plain division, chained comparison, trailing input and unknown syntax (5.058519ms)
✔ canonical codec uses ASCII key order, preserves scalar text, and rejects alternative bytes (1.027103ms)
✔ UTF8 spans and erased parentheses retain independent literal span (7.132328ms)
✔ typing rejects forward values, duplicate state writes, wrong actors and nominal units (8.352621ms)
✔ both complete supplied programs produce deterministic full AST, typed annotations, Core and hashes (118.252808ms)
✔ precedence, left association, floor numerator preorder and per-statement IDs are exact (4.437134ms)
✔ unit algebra produces ordered Quantity vectors and cancels exactly without erasing nominal amounts (4.051803ms)
✔ policies reject missing, duplicate, wrong-unit, future and nonfinancial bindings (45.668658ms)
✔ explicit reserve rules are generic, hash-bound, and require the exact structural guard (179.162355ms)
✔ settlements, statuses and exact effect schemas reject malformed records (50.495187ms)
✔ every aggregate encoding and action shape limit is enforced jointly (155.346308ms)
✔ canonical codec rejects sparse, decorated and accessor containers (0.320476ms)
✔ profile-valid redundant parentheses exceed128 without consuming semantic depth (57.39106ms)
✔ public frontend returns one closed diagnostic at earliest stage with exact fields (11.38853ms)
✔ independent stage6 errors select smallest source span, including earlier policies (5.523457ms)
✔ validated canonical record decoding requires a schema validator (0.336781ms)
✔ semantic depth boundary16 accepts and17 rejects with PROGRAM_BOUNDS (14.382492ms)
✔ both example hashes and canonical full records retain audited materialization bytes (80.315789ms)
✔ internal nonadmitted configuration isolates typed versus manifest bounds; public APIs reject overrides (17.495162ms)
✔ malformed settlement literal kinds are stage4 declaration errors after complete syntax (1.399258ms)
✔ settlement wrong shape wins before semantic errors while valid shapes reach stage6 (3.509817ms)
✔ keyword misuse is syntax stage3, reserved tokens are lexical stage2, with numeric stage priority (7.463951ms)
✔ Const State Episode and guard literals preserve schema-versus-typing distinctions (4.314749ms)
✔ loan and swap policies may follow all actions with complete-table metadata resolution (307.638592ms)
✔ policies after actions retain stage6 invalid-target and invalid-rounding controls (60.304694ms)
✔ unexpected astral source characters have exact complete-scalar UTF8 lexical spans (1.203377ms)
✔ SP01 frontend premature episode status keeps NAME_RESOLUTION before later guard mismatch (2.325833ms)
✔ SP01 frontend premature notional status keeps NAME_RESOLUTION before later guard mismatch (1.957712ms)
✔ SP01 frontend policy effect ordinal overflow is UINT_RANGE at the target span (13.485171ms)
✔ SP01 frontend earlier guard TYPE_MISMATCH beats later overflowing policy ordinal (0.988075ms)
✔ SP01 frontend earlier uncovered Amount write beats later overflowing policy ordinal (3.648451ms)
✔ SP01 frontend earlier uncovered emit in another action or unit beats overflowing run ordinal (5.101222ms)
✔ SP01 frontend earlier invalid write target beats overflowing effect target in the same policy (1.012203ms)
✔ funded simulate CLI equals the adapter and includes initial ordinary and financial state (364.548021ms)
✔ funded simulate CLI writes semantic rejection to stderr with empty stdout (282.86598ms)
✔ repayment-state is rejected for the original profile, check, format and reordered flags (1618.885762ms)
✔ funded simulate CLI retains repayment-state transport limits and malformed JSON (1052.175585ms)
✔ pure simulate, check and format stay unchanged without repayment-state (816.996452ms)
✔ published expression-funded-payment example runs through the normal CLI (638.887845ms)
✔ computed due100/pay30 publishes ordinary post, cash, principal and allowance together (33.668412ms)
✔ AccrualFirst P100/I10/pay7 discharges accrued first and leaves residual duty (15.672036ms)
✔ arithmetic changes the Transfer amount and a failing equality guard rejects Repay (6.307925ms)
✔ failed guard or ensure after staged write or emission returns rejection only (6.260468ms)
✔ overflow, negative nominal, wrong units, unsupported operations, missing and repeated funding reject atomically (26.747165ms)
✔ work is exact at E+N, one unit short rejects, prior spent is kept and reserve is unchanged (10.805542ms)
✔ multiple allocations share one transfer decreasing funding (5.943865ms)
✔ second invocation preserves prior spent, IDs, unrelated state and residual duties (10.467183ms)
✔ workInitial must equal remaining, financial schema fields are rejected, and empty batches never reach the kernel (5.403069ms)
✔ adapter owns parsed JSON only and does not publish on malformed state or hostile accessors (0.454148ms)
✔ source /4 public evaluate still typechecks a Transfer/Repayment-only effect switch (780.441146ms)
✔ source /5 public evaluate is a distinct lifecycle result: Transfer/Repayment-only switch fails (698.550708ms)
✔ checked-in source /4 exhaustive consumer matches the live public factory (0.195049ms)
✔ lifecycle corpus consumer exists (0.872049ms)
✔ frozen source sha is unchanged (0.455339ms)
✔ offline corpus elaborates whole source, chains Core, and does not execute K (466.761604ms)
✔ comparator rejects debt-split and history mutations (198.107199ms)
✔ coverage inventory lists unsupported Core/4 constructors as open boundaries (0.67882ms)
✔ offline npm command reports K not executed (704.737184ms)
✔ loan-lifecycle source checks four actions and frozen constructor counts (76.464144ms)
✔ complete source lifecycle matches the independent oracle with actual predecessor posts (105.27428ms)
✔ named kernel and source failures publish no candidate and preserve the predecessor (318.345649ms)
✔ exact work W succeeds remaining 0; W-1, prefix+N-1 and prefix+N reject without output (290.802554ms)
✔ ordinary phase offset survives every stage and unrelated obligation histories append (95.361406ms)
✔ malformed unrelated allowance is admission rejection, not a lifecycle continuation (7.916665ms)
✔ demo captures actual inputs, duplicate accrual and failed settled payment (72.653813ms)
✔ example import has no command or stream side effects (240.880173ms)
✔ CLI check, format and originate simulate match the public API (1000.126977ms)
✔ generic mapper compiles full loan and swap functions and matches all state/effect operands for four transitions (2113.276185ms)
✔ every supplied arithmetic hint is constrained; minOut, actor, state order and lifecycle changes reject (1357.731118ms)
✔ unsupported text and short-circuit forms fail closed, while numeric-looking Text remains nominal (24.214534ms)
✔ dynamic compiled overflow is rejected before a later fitting division (457.276711ms)
✔ source map covers every Core expression and numeric unit metadata survives lowering (43.542242ms)
✔ test-only snapshot harness compiles ZKIR and records complete kernel result without mutating failed input state (1118.250559ms)
✔ root README embeds the complete canonical agreement-source /5 grammar without drift (1.383881ms)
✔ loan accrual and settlement preserve all fields and obligation tombstones (225.954662ms)
✔ swap and close read state and capture effects in source order (158.71196ms)
✔ actionHash binds changed min_out even with identical resulting writes and effects (126.223227ms)
✔ missing backend and client boolean claims cannot produce accepted Complete (37.111213ms)
✔ checked arithmetic rejects overflow BEFORE division, subtraction underflow and zero divisor atomically (23.243939ms)
✔ short circuit execution counts visited expressions and permits Bool and Quantity locals (32.074564ms)
✔ typed input units, unknown members, nominal minOut and state tampering fail closed (288.790213ms)
✔ principal, provider, external prechecks, expiry, invariant, reserve and exhaustion reject (683.959522ms)
✔ exact plan construction is explicitly unsigned simulation, then exact matching rejects changes (259.247098ms)
✔ obligation identity, tombstones, exact amounts and transfer conservation are enforced (467.646479ms)
✔ quantum uses nominal subunits per ledger unit and rejects indivisible transfer or mismatched asset (35.914101ms)
✔ outcome gross caps include fees and never net refunds; net goals include every debit (82.512165ms)
✔ all four complete financial traces agree with retained independent legacy evaluator after documented renaming (265.570504ms)
✔ policy provenance cannot discard floor nodes, and committed action provenance resets (15.914625ms)
✔ rehashed malicious Core and source-map changes cannot substitute for source lowering (58.809418ms)
✔ all binding equalities reject independently even after recomputing affected digest wrappers (416.900708ms)
✔ backend authentication is mandatory, replay prechecks cannot be copied, and unavailable proof work cannot commit (102.853122ms)
✔ resource count body omits the entire counts member and includes every other value (68.847999ms)
✔ same-action creation and settlement preserve immutable event-time delta snapshots (21.228802ms)
✔ empty action has zero expression maxima and consumes one finite allowance (4.096308ms)
✔ original runtime hidden is rejected without normalization or executing user code (106.933138ms)
✔ original runtime symbol is rejected without normalization or executing user code (87.184932ms)
✔ original runtime prototype is rejected without normalization or executing user code (96.688631ms)
✔ original runtime getter is rejected without normalization or executing user code (144.320373ms)
✔ original runtime nested-getter is rejected without normalization or executing user code (88.329734ms)
✔ original runtime array-getter is rejected without normalization or executing user code (85.574009ms)
✔ original runtime array-prototype is rejected without normalization or executing user code (81.107942ms)
✔ original runtime proxy is rejected without normalization or executing user code (98.014194ms)
✔ loan settlement before accrual rejects at its exact source guard, adjacent ordered settlement succeeds (129.429353ms)
✔ ExactPlan rejects extra and reordered effects next to its exact accepting plan (218.000371ms)
✔ retained obligation capacity accepts 127 plus one and rejects 128 plus one, including settled identities (66.030687ms)
✔ runtime counts attain the admitted instruction/local/node bounds; the next source size rejects before execution (187.44066ms)
✔ registered RESULT_BOUNDS has an adjacent valid-input accepting boundary without custom registry limits (475.305573ms)
✔ valid false client checks are replaced, while the admitted backend tuple is deeply immutable (55.295335ms)
✔ SP01 decoder accepts canonical string, Buffer and Uint8Array as frozen inputs (22.671571ms)
✔ SP01 decoder ignores hostile shadow properties on genuine byte views (19.592136ms)
✔ SP01 decoder rejects proxies and non-byte impostors without caller code (1.213065ms)
✔ SP01 decoder rejects detached and oversized byte views by intrinsic size (0.359747ms)
✔ SP01 decoder snapshots precisely the byte view before downstream decoding (21.868602ms)
✔ SP01 decoder bounds primitive strings before any UTF8 encoding allocation (2.973968ms)
✔ SP01 decoder accepts 4096 hex signature characters and rejects 4098 (24.256776ms)
✔ SP01 decoder applies array length 128 and 129 to a schema-valid statement (19.795209ms)
✔ SP01 decoder admits exact 65536 input bytes and rejects the next byte (51.328079ms)
✔ SP01 decoder enforces depth, node, record-key and UTF8 text admission before schema (164.30131ms)
✔ SP01 decoder rejects noncanonical UTF8, JSON, schema and Unicode inputs (28.461101ms)
✔ real syntax/0 Boolean statements lower to Core and evaluate immutable pre/post (8.990114ms)
✔ wrong type in an unselected source Boolean branch rejects statically (1.080981ms)
✔ source dead branch skips dynamic division failure, selected branch retains source span (2.28612ms)
✔ source ensure failure rolls back staged writes (1.636695ms)
✔ runtime exposes static checking without requiring or executing snapshots (1.913658ms)
✔ source later static mistakes precede failed guards and snapshots (1.507652ms)
✔ UTF-8 source span survives earlier multibyte text (0.918559ms)
▶ lifecycle exports
  ✔ versions, bounds and factory arity (0.395374ms)
✔ lifecycle exports (0.979389ms)
▶ independent kernel oracle
  ✔ main trace states, effects, work and unrelated Token rows (12.10709ms)
  ✔ negative kernel cases reject without fragments (6.164315ms)
✔ independent kernel oracle (18.432958ms)
▶ result-bound fixtures
  ✔ compact oversized input rejects RESULT_BOUND; adjacent exact bound succeeds (13.327702ms)
✔ result-bound fixtures (13.443158ms)
▶ admission
  ✔ pretty-printed input and extra keys reject before execution (0.61811ms)
  ✔ closed-record and state invariant faults (9.075073ms)
  ✔ owned trees do not share mutable arrays (0.636612ms)
✔ admission (11.080731ms)
▶ originate
  ✔ consumes the entire same-step transfer once (5.123619ms)
  ✔ partial reverse-role repayment witness cannot originate (0.63343ms)
  ✔ wrong direction, amount, zero and duplicate (0.703337ms)
  ✔ malformed later action beats earlier runtime failure (0.166816ms)
  ✔ missing funding plus overflowing conversion is TRANSFER_NOT_IN_STEP (0.145623ms)
  ✔ UInt64 start overflow on Originate (0.119747ms)
✔ originate (7.132983ms)
▶ accrue
  ✔ floor, ceil, zero interest and numeric overflow (1.889608ms)
  ✔ combined error order (0.378379ms)
  ✔ cap is lifetime incurred; repayment does not restore it (0.134023ms)
  ✔ settled cannot accrue; zero rate still fails (0.105644ms)
✔ accrue (2.60163ms)
▶ legacy repayment kernel stays closed
  ✔ old prepareRepayment still rejects Originate (4.337912ms)
✔ legacy repayment kernel stays closed (4.397986ms)
▶ exports
  ✔ REPAYMENT_VERSION and immutable REPAYMENT_BOUNDS (0.70514ms)
✔ exports (1.464728ms)
▶ example fixture file
  ✔ exact compact JSON without trailing newline and accepted by prepareRepayment (4.419615ms)
  ✔ trailing newline is not a valid source (0.385475ms)
✔ example fixture file (5.04302ms)
▶ positive funded repayment
  ✔ due100 principal 100 / accrued 0, Transfer 30 then Repay 30 (1.634262ms)
  ✔ TX02 AccrualFirst P100/A10 Transfer7/Repay7 leaves P100/A3/outstanding 103 (0.353085ms)
  ✔ PrincipalFirst P100/A10 N7 discharges 93/10 (0.691724ms)
  ✔ ProRata P100/A10 N7 is floor(7*100/110)=6 so 94/9 (0.533989ms)
  ✔ two allocations 10+20 of transfer 30 to distinct obligations succeed (0.363531ms)
  ✔ same allocation id reused across two Repay actions rejects (0.399345ms)
  ✔ 20+20 against a transfer of 30 rejects the over-allocation (0.527709ms)
  ✔ exact full repayment keeps Settled tombstone; reuse of post rejects; independent second discharge works (1.178701ms)
  ✔ nominal USD_micro settled via USD_TOKEN mantissa 2 scale 0: N30 -> cash 60 (0.275094ms)
  ✔ floor conversion 4 * 3 / 10^1 = 1 remainder 2 => settlement 1 (0.255222ms)
  ✔ ceil conversion 4 * 3 / 10^1 = 1 remainder 2 => settlement 2 (0.145744ms)
  ✔ none conversion rejects 4 * 3 / 10^1 because remainder is 2 (0.117664ms)
  ✔ exact division 10 * 3 / 10^1 remainder 0 yields settlement 3 for none, floor, and ceil (0.259006ms)
  ✔ floor conversion 1 * 1 / 10^1 = 0 is dust and rejects (0.457265ms)
  ✔ none conversion 1 * 1 / 10^1 is inexact and rejects (0.168976ms)
  ✔ ceil conversion 1 * 1 / 10^1 remainder 1 yields settlement 1 (0.1299ms)
  ✔ scale 18 exact: mantissa 10^18, N 1, settlement 1 (0.113777ms)
  ✔ third-party funded repayment does not require debtor == payer (0.351507ms)
  ✔ untouched unrelated records and histories are preserved (0.19778ms)
  ✔ refund transfer does not restore the earlier sender allowance; remaining+spent is conserved (0.160545ms)
  ✔ receiver balance is appended when absent (0.263722ms)
  ✔ transfer-only candidate moves cash and spends work without touching debt (0.83272ms)
  ✔ transfer id and allocation id may share a string because namespaces are separate (0.138046ms)
  ✔ work remaining equals action count is accepted; closureReserve stays put (0.094396ms)
✔ positive funded repayment (10.311471ms)
▶ input admission
  ✔ non-string hostile values are rejected without calling coercion traps (0.275395ms)
  ✔ empty string, non-object JSON, and invalid JSON reject with actionIndex null (2.412636ms)
  ✔ lone surrogates reject before shape execution (0.133579ms)
  ✔ UTF16 length above 65536 rejects (0.039866ms)
  ✔ UTF16 length 65536 of non-JSON still admits encoding then rejects parse (1.40431ms)
  ✔ UTF8 byte length above 65536 with UTF16 length under the bound rejects (2.629085ms)
  ✔ whitespace, duplicate keys, and nonminimal number forms fail the stringify roundtrip (3.680627ms)
  ✔ JSON numeric amounts that survive stringify still fail schema (0.179991ms)
  ✔ wrong schemaVersion rejects (0.106735ms)
  ✔ unknown root, nested, action, and profile labels reject schema and do not steer the predicate (0.596801ms)
  ✔ missing closed-shape fields reject with actionIndex null (1.279287ms)
  ✔ duplicate collection identities reject with actionIndex null (1.368498ms)
  ✔ non-canonical decimals, bad identifiers, and invariant mismatches reject (1.017661ms)
  ✔ empty actions and over-capacity collections reject with actionIndex null (2.33147ms)
✔ input admission (17.809154ms)
▶ work and capacity
  ✔ insufficient ordinary work rejects before commit; closureReserve cannot pay ordinary work (0.172997ms)
  ✔ post-collection usedTransferIds capacity 128 is enforced (0.293321ms)
  ✔ appending a new receiver balance beyond 128 rejects the transfer (1.378755ms)
  ✔ usedAllocationIds at capacity 128 rejects a new allocation (0.32879ms)
✔ work and capacity (2.402647ms)
▶ transfer and repay negatives
  ✔ zero amount and self-transfer reject at the transfer index (0.265942ms)
  ✔ insufficient cash, missing sender balance, missing allowance, and insufficient cap (0.220299ms)
  ✔ missing funding, future funding, and prior-step transfer cannot fund a Repay (0.485347ms)
  ✔ wrong sender, receiver, or settlement asset rejects the Repay after a successful Transfer (0.322351ms)
  ✔ transfer 1 cannot fund nominal 20 at 1:1 (0.108992ms)
  ✔ zero nominalAmount rejects the Repay (0.075715ms)
  ✔ nominal above outstanding, Settled target, and unknown obligation reject (1.225547ms)
  ✔ allocation id already in history rejects (0.139893ms)
  ✔ duplicate transfer id in this step rejects the later transfer (0.097454ms)
  ✔ late failure after a successful Transfer returns no post or effects and leaves the source unchanged (0.155657ms)
  ✔ rejected codes are stable nonempty strings for the same source (0.630102ms)
✔ transfer and repay negatives (3.966009ms)
▶ uint128 and intermediate overflow
  ✔ uint128Max is a legal amount; uint128Max+1 is not (0.324096ms)
  ✔ crediting a receiver already at uint128Max overflows the Transfer (0.116724ms)
  ✔ ProRata intermediate N*P must fit UInt128 before division (0.118744ms)
  ✔ conversion product nominal*mantissa overflow rejects the Repay after Transfer (0.146875ms)
  ✔ work spent at uint128Max-1 with one action succeeds and writes uint128Max (0.124179ms)
✔ uint128 and intermediate overflow (0.957298ms)
✔ independent full financial result: principal-partial (10.018509ms)
✔ independent full financial result: interest-first (1.084179ms)
✔ independent full financial result: principal-first (2.274333ms)
✔ independent full financial result: full-payment (6.665311ms)
✔ independent full financial result: cross-interest-boundary (1.164486ms)
✔ independent full financial result: overfunded-transfer (2.425489ms)
✔ Core is deterministic serializable and cannot be executed as source (1.873676ms)
✔ payment arguments change both debt and cash (0.686913ms)
✔ complete unrelated duties, terms, order and tombstones survive (0.831326ms)
✔ runtime nominal denomination is checked (0.828133ms)
✔ runtime settlement asset is checked (1.151234ms)
✔ retained conversion is honored (0.464237ms)
✔ atomic financial rejection: zero (0.30807ms)
✔ atomic financial rejection: overpayment (0.241863ms)
✔ atomic financial rejection: balance (0.249029ms)
✔ atomic financial rejection: allowance (0.40742ms)
✔ atomic financial rejection: work (0.23053ms)
✔ atomic financial rejection: transfer reuse (0.222485ms)
✔ atomic financial rejection: allocation reuse (0.233353ms)
✔ atomic financial rejection: insufficient funding (0.418988ms)
✔ Repay without Transfer cannot discharge debt (0.796622ms)
✔ closed source subset rejects state (0.567604ms)
✔ closed source subset rejects next (0.205016ms)
✔ closed source subset rejects const (0.178232ms)
✔ closed source subset rejects requires (0.159485ms)
✔ closed source subset rejects let (0.178812ms)
✔ closed source subset rejects ensures (0.189135ms)
✔ closed source subset rejects arithmetic (0.620258ms)
✔ closed source subset rejects projection (0.873514ms)
✔ closed source subset rejects unknown reference (0.284242ms)
✔ closed source subset rejects duplicate party (0.161242ms)
✔ closed source subset rejects duplicate unit (0.812297ms)
✔ closed source subset rejects duplicate param (0.258015ms)
✔ closed source subset rejects unsupported type (0.128911ms)
✔ closed source subset rejects wrong field type (0.821011ms)
✔ closed source subset rejects unknown field (1.477088ms)
✔ closed source subset rejects duplicate field (0.154154ms)
✔ closed source subset rejects parameter type confusion (0.157211ms)
✔ closed invocation rejects unknown argument (0.226331ms)
✔ closed invocation rejects missing argument (0.135602ms)
✔ closed invocation rejects wrong unit (0.129649ms)
✔ closed invocation rejects wrong type (0.210724ms)
✔ closed invocation rejects coercion (0.150208ms)
✔ closed invocation rejects overflow (0.163707ms)
✔ closed invocation rejects negative (0.126651ms)
✔ closed invocation rejects unknown invocation field (0.183132ms)
✔ closed invocation rejects unknown typed field (0.138787ms)
✔ closed invocation rejects unknown state field (0.164043ms)
✔ closed invocation rejects unknown action (0.116996ms)
✔ closed invocation rejects prototype key (0.272313ms)
✔ hostile objects are rejected without executing accessors (0.189188ms)
✔ CLI reads actual source and invocation and rejects with nonzero status (440.582201ms)
✔ explicit nominal and settlement literals remain distinct (0.478596ms)
✔ UInt, Bool, parties, assets and effect IDs have closed argument types (0.628684ms)
✔ all actions are statically checked and selected action is respected (7.113973ms)
✔ bounded source and invocation fail before parsing oversized content (0.334612ms)
✔ intermediate conversion overflow is retained even if division could shrink it (0.327264ms)
✔ compact type closers reserve their split tokens and preserve formatter closure at the limit (27.483942ms)
✔ compact type closers cannot hide tokens beyond the fixed limit (2.525368ms)
✔ public API rejects non-string input without coercion (1.256936ms)
✔ example interest-payment source parses, formats idempotently, and preserves AST ignoring spans (8.949597ms)
✔ independently derived custody agreement covers asset, const, let, emit and empty lists (6.623109ms)
✔ not binds looser than comparison and arithmetic is left-associative with tight multiply (0.644823ms)
✔ parenthesized comparison may nest, but unparenthesized chains reject (0.353277ms)
✔ nested generic types parse and empty type argument lists reject (0.51491ms)
✔ UTF-8 spans cover multi-byte string contents and comments may contain Unicode (0.495572ms)
✔ lone surrogates, escaped surrogates and invalid UTF-8 reject (121.835314ms)
✔ leading zeros, plain division, floats and unknown declarations reject (2.13804ms)
✔ statement after ensures, trailing input, missing agreement and old atomic profile reject (4.86513ms)
✔ non-ASCII identifier lookalikes reject while ASCII identifiers stay case-sensitive (1.002768ms)
✔ bounds from syntax-profile.json are enforced before oversized parse results (33.521019ms)
✔ formatter rejects canonical expansion past the source byte bound (17.970713ms)
✔ left-associative expression depth 64 succeeds and 65 fails (4.318278ms)
✔ 256 statements total across regular and ensures succeed and 257 fail (3.281719ms)
✔ token bound includes EOF so 8192 total tokens succeed and 8193 fail (7.998734ms)
✔ unterminated comments and strings reject, and comments count toward the source bound (4.862842ms)
✔ CLI check-syntax writes AST JSON and format writes idempotent source (373.544646ms)
✔ CLI rejects malformed arguments without writing files (647.950145ms)
ℹ tests 906
ℹ suites 14
ℹ pass 906
ℹ fail 0
ℹ cancelled 0
ℹ skipped 0
ℹ todo 0
ℹ duration_ms 18576.228632

> typecheck
> tsc -p tsconfig.json


> test
> node --test --test-reporter=tap tests/*.test.mjs

TAP version 13
# Subtest: independent loan floor interest and cash totals match fixture
ok 1 - independent loan floor interest and cash totals match fixture
  ---
  duration_ms: 2.077062
  type: 'test'
  ...
# Subtest: independent swap floor output fee and reserves match fixture
ok 2 - independent swap floor output fee and reserves match fixture
  ---
  duration_ms: 0.169405
  type: 'test'
  ...
# Subtest: identical valid records compare ok and still report incomplete network evidence
ok 3 - identical valid records compare ok and still report incomplete network evidence
  ---
  duration_ms: 9.642353
  type: 'test'
  ...
# Subtest: wrong payee fails
ok 4 - wrong payee fails
  ---
  duration_ms: 2.374896
  type: 'test'
  ...
# Subtest: wrong color fails
ok 5 - wrong color fails
  ---
  duration_ms: 1.172471
  type: 'test'
  ...
# Subtest: wrong quantum fails
ok 6 - wrong quantum fails
  ---
  duration_ms: 2.161979
  type: 'test'
  ...
# Subtest: wrong denomination fails
ok 7 - wrong denomination fails
  ---
  duration_ms: 2.923668
  type: 'test'
  ...
# Subtest: omitted transfer fails
ok 8 - omitted transfer fails
  ---
  duration_ms: 3.112833
  type: 'test'
  ...
# Subtest: extra output fails
ok 9 - extra output fails
  ---
  duration_ms: 4.633291
  type: 'test'
  ...
# Subtest: duplicate identity fails
ok 10 - duplicate identity fails
  ---
  duration_ms: 1.168691
  type: 'test'
  ...
# Subtest: missing remaining 4500000000 debt fails
ok 11 - missing remaining 4500000000 debt fails
  ---
  duration_ms: 1.10933
  type: 'test'
  ...
# Subtest: wrong due allocation fails
ok 12 - wrong due allocation fails
  ---
  duration_ms: 0.91468
  type: 'test'
  ...
# Subtest: interest off by one fails
ok 13 - interest off by one fails
  ---
  duration_ms: 1.012413
  type: 'test'
  ...
# Subtest: floor remainder dust fails
ok 14 - floor remainder dust fails
  ---
  duration_ms: 3.584493
  type: 'test'
  ...
# Subtest: swapped asset reserve fails
ok 15 - swapped asset reserve fails
  ---
  duration_ms: 4.150811
  type: 'test'
  ...
# Subtest: swap fee omitted fails
ok 16 - swap fee omitted fails
  ---
  duration_ms: 2.254037
  type: 'test'
  ...
# Subtest: swap fee credited twice fails
ok 17 - swap fee credited twice fails
  ---
  duration_ms: 5.019653
  type: 'test'
  ...
# Subtest: close reserve shortfall fails
ok 18 - close reserve shortfall fails
  ---
  duration_ms: 3.650145
  type: 'test'
  ...
# Subtest: wrong revision fails
ok 19 - wrong revision fails
  ---
  duration_ms: 1.536745
  type: 'test'
  ...
# Subtest: work refresh fails
ok 20 - work refresh fails
  ---
  duration_ms: 0.793507
  type: 'test'
  ...
# Subtest: gross refund net substitution fails
ok 21 - gross refund net substitution fails
  ---
  duration_ms: 4.023947
  type: 'test'
  ...
# Subtest: net after fees shortfall fails
ok 22 - net after fees shortfall fails
  ---
  duration_ms: 3.395443
  type: 'test'
  ...
# Subtest: unknown field fails
ok 23 - unknown field fails
  ---
  duration_ms: 1.267086
  type: 'test'
  ...
# Subtest: overflow numeric fails
ok 24 - overflow numeric fails
  ---
  duration_ms: 4.737324
  type: 'test'
  ...
# Subtest: newline numeric fails
ok 25 - newline numeric fails
  ---
  duration_ms: 1.056575
  type: 'test'
  ...
# Subtest: malformed structure fails
ok 26 - malformed structure fails
  ---
  duration_ms: 3.267085
  type: 'test'
  ...
# Subtest: inputs stay immutable
ok 27 - inputs stay immutable
  ---
  duration_ms: 14.4585
  type: 'test'
  ...
# Subtest: error ordering is deterministic
ok 28 - error ordering is deterministic
  ---
  duration_ms: 2.3977
  type: 'test'
  ...
# Subtest: equal internally inconsistent records fail conservation
ok 29 - equal internally inconsistent records fail conservation
  ---
  duration_ms: 1.07967
  type: 'test'
  ...
# Subtest: changed lender logicalId fails role binding comparison
ok 30 - changed lender logicalId fails role binding comparison
  ---
  duration_ms: 1.203523
  type: 'test'
  ...
# Subtest: changed setup-mint status fails role binding comparison
ok 31 - changed setup-mint status fails role binding comparison
  ---
  duration_ms: 1.490792
  type: 'test'
  ...
# Subtest: changed source pin fails admitted pin comparison
ok 32 - changed source pin fails admitted pin comparison
  ---
  duration_ms: 0.96587
  type: 'test'
  ...
# Subtest: nested malformed containers return structured failures and do not throw
ok 33 - nested malformed containers return structured failures and do not throw
  ---
  duration_ms: 4.964552
  type: 'test'
  ...
# Subtest: equal erased remaining debts fail internal liability validation
ok 34 - equal erased remaining debts fail internal liability validation
  ---
  duration_ms: 2.933719
  type: 'test'
  ...
# Subtest: equal contradictory interestCalculated fails due validation
ok 35 - equal contradictory interestCalculated fails due validation
  ---
  duration_ms: 1.730538
  type: 'test'
  ...
# Subtest: equal contradictory principal due outstanding fails due validation
ok 36 - equal contradictory principal due outstanding fails due validation
  ---
  duration_ms: 0.962801
  type: 'test'
  ...
# Subtest: equal discontinuous accrue cash fails stage continuity
ok 37 - equal discontinuous accrue cash fails stage continuity
  ---
  duration_ms: 1.556178
  type: 'test'
  ...
# Subtest: equal contradictory swap economicFee fails fee reconciliation
ok 38 - equal contradictory swap economicFee fails fee reconciliation
  ---
  duration_ms: 1.879577
  type: 'test'
  ...
# Subtest: equal contradictory trader fee effect fails fee reconciliation
ok 39 - equal contradictory trader fee effect fails fee reconciliation
  ---
  duration_ms: 1.872332
  type: 'test'
  ...
# Subtest: equal refreshed close revision and work fail lifecycle
ok 40 - equal refreshed close revision and work fail lifecycle
  ---
  duration_ms: 2.961499
  type: 'test'
  ...
# Subtest: equal missing settle actorEffects fail required coverage
ok 41 - equal missing settle actorEffects fail required coverage
  ---
  duration_ms: 1.357042
  type: 'test'
  ...
# Subtest: equal missing settle balances and effects fail required coverage
ok 42 - equal missing settle balances and effects fail required coverage
  ---
  duration_ms: 2.97041
  type: 'test'
  ...
# Subtest: equal duplicate close transfer ordinal fails identity
ok 43 - equal duplicate close transfer ordinal fails identity
  ---
  duration_ms: 1.759567
  type: 'test'
  ...
# Subtest: equal duplicate borrower role binding fails identity
ok 44 - equal duplicate borrower role binding fails identity
  ---
  duration_ms: 1.429159
  type: 'test'
  ...
# Subtest: equal quantum zero fails positive quantum
ok 45 - equal quantum zero fails positive quantum
  ---
  duration_ms: 3.849512
  type: 'test'
  ...
# Subtest: equal extra loan settle due with attacker creditor fails closed due set
ok 46 - equal extra loan settle due with attacker creditor fails closed due set
  ---
  duration_ms: 3.440206
  type: 'test'
  ...
# Subtest: equal extra loan settle residual debt fails closed duty set
ok 47 - equal extra loan settle residual debt fails closed duty set
  ---
  duration_ms: 4.66817
  type: 'test'
  ...
# Subtest: equal extra swap attacker balances and zero effects fail closed coverage
ok 48 - equal extra swap attacker balances and zero effects fail closed coverage
  ---
  duration_ms: 7.941726
  type: 'test'
  ...
# Subtest: equal extra zero close transfer fails closed transfer set
ok 49 - equal extra zero close transfer fails closed transfer set
  ---
  duration_ms: 5.695399
  type: 'test'
  ...
# Subtest: extra due with admitted borrower and lender roles still fails closed due set
ok 50 - extra due with admitted borrower and lender roles still fails closed due set
  ---
  duration_ms: 5.500301
  type: 'test'
  ...
# Subtest: zero-value extra actor effect is still an extra identity
ok 51 - zero-value extra actor effect is still an extra identity
  ---
  duration_ms: 6.128676
  type: 'test'
  ...
# Subtest: equal extra identities fail on every remaining closed collection
ok 52 - equal extra identities fail on every remaining closed collection
  ---
  duration_ms: 12.638198
  type: 'test'
  ...
# Subtest: new generated originate authenticates both roles before disbursement
ok 53 - new generated originate authenticates both roles before disbursement
  ---
  duration_ms: 41.404829
  type: 'test'
  ...
# Subtest: owned lifecycle wrapper equals generated output and hashes source and Core
ok 54 - owned lifecycle wrapper equals generated output and hashes source and Core
  ---
  duration_ms: 16.061539
  type: 'test'
  ...
# Subtest: retained loan and swap bytes remain pinned
ok 55 - retained loan and swap bytes remain pinned
  ---
  duration_ms: 0.839364
  type: 'test'
  ...
# Subtest: compiled source contains separate fee debit and checked net-goal assertions
ok 56 - compiled source contains separate fee debit and checked net-goal assertions
  ---
  duration_ms: 14.506486
  type: 'test'
  ...
# Subtest: SDK preparation verifies real persistentHash and binds both private arguments
ok 57 - SDK preparation verifies real persistentHash and binds both private arguments
  ---
  duration_ms: 73.783033
  type: 'test'
  ...
# Subtest: SDK refuses substituted lender secret
ok 58 - SDK refuses substituted lender secret
  ---
  duration_ms: 21.209217
  type: 'test'
  ...
# Subtest: SDK refuses stale revision and source substitution
ok 59 - SDK refuses stale revision and source substitution
  ---
  duration_ms: 28.559529
  type: 'test'
  ...
# Subtest: SDK refuses fee-induced net failure before unproven-call creation
ok 60 - SDK refuses fee-induced net failure before unproven-call creation
  ---
  duration_ms: 33.373078
  type: 'test'
  ...
# Subtest: SDK refuses substituted intent and native asset conversion
ok 61 - SDK refuses substituted intent and native asset conversion
  ---
  duration_ms: 29.870415
  type: 'test'
  ...
# Subtest: specialized generator rejects an added source guard
ok 62 - specialized generator rejects an added source guard
  ---
  duration_ms: 0.445402
  type: 'test'
  ...
# Subtest: SDK owns head and role inputs across asynchronous runtime loading
ok 63 - SDK owns head and role inputs across asynchronous runtime loading
  ---
  duration_ms: 30.225828
  type: 'test'
  ...
1..63
# tests 63
# suites 0
# pass 63
# fail 0
# cancelled 0
# skipped 0
# todo 0
# duration_ms 458.13625

> test:ledger
> node --test --test-reporter=tap ledger/build-proven.test.mjs ledger/continue-initialized-loan.test.mjs ledger/continue-initialized-swap.test.mjs ledger/continue-loan-plan.test.mjs ledger/contract-balances.test.mjs ledger/financial-comparison.test.mjs ledger/initialized-swap-driver.test.mjs ledger/initialized-swap-integration.test.mjs ledger/initialized-swap-public.test.mjs ledger/initialized-swap-store.test.mjs ledger/integrate-local.test.mjs ledger/integration-negative.test.mjs ledger/launch-local.test.mjs ledger/local-tip.test.mjs ledger/preflight-recovery.test.mjs ledger/prepare-deployment.test.mjs ledger/proven-assets.test.mjs ledger/provider-native-balances.test.mjs ledger/providers.test.mjs ledger/receipt-native-balances.test.mjs ledger/receipt.test.mjs ledger/recover-deployment.test.mjs ledger/recover-store.test.mjs ledger/run-local.test.mjs ledger/swap-wallet.test.mjs ledger/prover-lifetime.test.mjs ledger/executor-caller.test.mjs ledger/fault-matrix.test.mjs ledger/invocation-handoff.test.mjs

TAP version 13
# Subtest: loan complete inert artifacts produce inspected hashes, never a proven build claim
ok 1 - loan complete inert artifacts produce inspected hashes, never a proven build claim
  ---
  duration_ms: 53.917474
  type: 'test'
  ...
# Subtest: swap chooses exact exported circuits
ok 2 - swap chooses exact exported circuits
  ---
  duration_ms: 42.680067
  type: 'test'
  ...
# Subtest: absent admission rejects before compiler and allocation
ok 3 - absent admission rejects before compiler and allocation
  ---
  duration_ms: 7.80265
  type: 'test'
  ...
# Subtest: wrong case rejects before compiler and allocation
ok 4 - wrong case rejects before compiler and allocation
  ---
  duration_ms: 7.059912
  type: 'test'
  ...
# Subtest: wrong candidate rejects before compiler and allocation
ok 5 - wrong candidate rejects before compiler and allocation
  ---
  duration_ms: 8.872613
  type: 'test'
  ...
# Subtest: wrong resource rejects before compiler and allocation
ok 6 - wrong resource rejects before compiler and allocation
  ---
  duration_ms: 10.86443
  type: 'test'
  ...
# Subtest: consumed allowance rejects before compiler and allocation
ok 7 - consumed allowance rejects before compiler and allocation
  ---
  duration_ms: 9.570385
  type: 'test'
  ...
# Subtest: nonfinite timeout rejects before compiler and allocation
ok 8 - nonfinite timeout rejects before compiler and allocation
  ---
  duration_ms: 9.732746
  type: 'test'
  ...
# Subtest: expired deadline rejects before compiler and allocation
ok 9 - expired deadline rejects before compiler and allocation
  ---
  duration_ms: 2.922669
  type: 'test'
  ...
# Subtest: missing source pin rejects before compiler and allocation
ok 10 - missing source pin rejects before compiler and allocation
  ---
  duration_ms: 5.536383
  type: 'test'
  ...
# Subtest: stale source pin rejects before compiler and allocation
ok 11 - stale source pin rejects before compiler and allocation
  ---
  duration_ms: 8.27236
  type: 'test'
  ...
# Subtest: different output rejects before compiler and allocation
ok 12 - different output rejects before compiler and allocation
  ---
  duration_ms: 11.582224
  type: 'test'
  ...
# Subtest: existing output is preserved and rejects
ok 13 - existing output is preserved and rejects
  ---
  duration_ms: 9.372557
  type: 'test'
  ...
# Subtest: symlink ancestor rejects before compiler
ok 14 - symlink ancestor rejects before compiler
  ---
  duration_ms: 3.799244
  type: 'test'
  ...
# Subtest: compiler failure preserves charged attempt, partial outputs and diagnostic receipt; no retry
ok 15 - compiler failure preserves charged attempt, partial outputs and diagnostic receipt; no retry
  ---
  duration_ms: 19.143231
  type: 'test'
  ...
# Subtest: missing proving key rejects despite compiler success
ok 16 - missing proving key rejects despite compiler success
  ---
  duration_ms: 12.851047
  type: 'test'
  ...
# Subtest: wrong metadata version rejects despite compiler success
ok 17 - wrong metadata version rejects despite compiler success
  ---
  duration_ms: 19.738006
  type: 'test'
  ...
# Subtest: generated output symlink is rejected, never hashed through
ok 18 - generated output symlink is rejected, never hashed through
  ---
  duration_ms: 15.382729
  type: 'test'
  ...
# Subtest: consumed on-disk attempt refuses reset counters on later invocation
ok 19 - consumed on-disk attempt refuses reset counters on later invocation
  ---
  duration_ms: 25.685576
  type: 'test'
  ...
# Subtest: review digest and resource bytes must match immutable admission bindings
ok 20 - review digest and resource bytes must match immutable admission bindings
  ---
  duration_ms: 3.038502
  type: 'test'
  ...
# Subtest: source commitment ignores object insertion order, retaining the exact ordered source list
ok 21 - source commitment ignores object insertion order, retaining the exact ordered source list
  ---
  duration_ms: 1.489985
  type: 'test'
  ...
# Subtest: attempt path equal to output rejects before consuming the allowance
ok 22 - attempt path equal to output rejects before consuming the allowance
  ---
  duration_ms: 9.696291
  type: 'test'
  ...
# Subtest: post-charge output creation failure retains a diagnostic outside output
ok 23 - post-charge output creation failure retains a diagnostic outside output
  ---
  duration_ms: 19.170332
  type: 'test'
  ...
# Subtest: receipt write failure preserves the original compiler failure and outside diagnostic
ok 24 - receipt write failure preserves the original compiler failure and outside diagnostic
  ---
  duration_ms: 8.515752
  type: 'test'
  ...
# Subtest: actual initialize bytes bind complete history input identities and corrected minted origin
ok 25 - actual initialize bytes bind complete history input identities and corrected minted origin
  ---
  duration_ms: 95.711503
  type: 'test'
  ...
# Subtest: altered native bytes and the previous deployment fail closed
ok 26 - altered native bytes and the previous deployment fail closed
  ---
  duration_ms: 1.328528
  type: 'test'
  ...
# Subtest: actual initialized state matches exactly; authority, balances and extra operations reject
ok 27 - actual initialized state matches exactly; authority, balances and extra operations reject
  ---
  duration_ms: 57.985356
  type: 'test'
  ...
# Subtest: existing private state verification only scopes and sequentially reads, returns no secrets or authority token
ok 28 - existing private state verification only scopes and sequentially reads, returns no secrets or authority token
  ---
  duration_ms: 27.387233
  type: 'test'
  ...
# Subtest: missing or nonempty private state rejects without key read or writes
ok 29 - missing or nonempty private state rejects without key read or writes
  ---
  duration_ms: 16.74575
  type: 'test'
  ...
# Subtest: missing or nonempty private state rejects without key read or writes
ok 30 - missing or nonempty private state rejects without key read or writes
  ---
  duration_ms: 18.777295
  type: 'test'
  ...
# Subtest: missing or nonempty private state rejects without key read or writes
ok 31 - missing or nonempty private state rejects without key read or writes
  ---
  duration_ms: 8.993364
  type: 'test'
  ...
# Subtest: missing or nonempty private state rejects without key read or writes
ok 32 - missing or nonempty private state rejects without key read or writes
  ---
  duration_ms: 9.844404
  type: 'test'
  ...
# Subtest: missing or nonempty private state rejects without key read or writes
ok 33 - missing or nonempty private state rejects without key read or writes
  ---
  duration_ms: 9.27681
  type: 'test'
  ...
# Subtest: private state accessor or hidden value is rejected without getter execution
ok 34 - private state accessor or hidden value is rejected without getter execution
  ---
  duration_ms: 21.073111
  type: 'test'
  ...
# Subtest: stored signing-key mismatch and read failure stop with closed errors
ok 35 - stored signing-key mismatch and read failure stop with closed errors
  ---
  duration_ms: 17.222086
  type: 'test'
  ...
# Subtest: wrong real signing identity or wrong state prevents any provider access
ok 36 - wrong real signing identity or wrong state prevents any provider access
  ---
  duration_ms: 14.979846
  type: 'test'
  ...
# Subtest: minted continuation gate requires exactly one full available output and none pending
ok 37 - minted continuation gate requires exactly one full available output and none pending
  ---
  duration_ms: 26.682954
  type: 'test'
  ...
# Subtest: actual wallet sync decoder keeps indexed Bech32m owner and the continuation gate matches its native identity
ok 38 - actual wallet sync decoder keeps indexed Bech32m owner and the continuation gate matches its native identity
  ---
  duration_ms: 810.121391
  type: 'test'
  ...
# Subtest: actual retained swap history descriptors preserve exact identities, fallible mint and spent bindings
ok 39 - actual retained swap history descriptors preserve exact identities, fallible mint and spent bindings
  ---
  duration_ms: 132.767178
  type: 'test'
  ...
# Subtest: actual initialized state accepts both native and SDK compact state producers via serialized bytes
ok 40 - actual initialized state accepts both native and SDK compact state producers via serialized bytes
  ---
  duration_ms: 68.223824
  type: 'test'
  ...
# Subtest: altered native identities and swapped history reject
ok 41 - altered native identities and swapped history reject
  ---
  duration_ms: 0.783091
  type: 'test'
  ...
# Subtest: whole initialized state rejects balances, authority and old deploy state
ok 42 - whole initialized state rejects balances, authority and old deploy state
  ---
  duration_ms: 28.056561
  type: 'test'
  ...
# Subtest: private readback scopes swap and performs only sequential reads without secret or dispatch token
ok 43 - private readback scopes swap and performs only sequential reads without secret or dispatch token
  ---
  duration_ms: 20.457224
  type: 'test'
  ...
# Subtest: nonempty/missing private state prevents signing-key read
ok 44 - nonempty/missing private state prevents signing-key read
  ---
  duration_ms: 17.6897
  type: 'test'
  ...
# Subtest: nonempty/missing private state prevents signing-key read
ok 45 - nonempty/missing private state prevents signing-key read
  ---
  duration_ms: 18.169046
  type: 'test'
  ...
# Subtest: nonempty/missing private state prevents signing-key read
ok 46 - nonempty/missing private state prevents signing-key read
  ---
  duration_ms: 7.996484
  type: 'test'
  ...
# Subtest: nonempty/missing private state prevents signing-key read
ok 47 - nonempty/missing private state prevents signing-key read
  ---
  duration_ms: 11.746308
  type: 'test'
  ...
# Subtest: nonempty/missing private state prevents signing-key read
ok 48 - nonempty/missing private state prevents signing-key read
  ---
  duration_ms: 8.460912
  type: 'test'
  ...
# Subtest: nonempty/missing private state prevents signing-key read
ok 49 - nonempty/missing private state prevents signing-key read
  ---
  duration_ms: 7.467281
  type: 'test'
  ...
# Subtest: private getter, read errors and key mismatch reject without private error disclosure
ok 50 - private getter, read errors and key mismatch reject without private error disclosure
  ---
  duration_ms: 25.95311
  type: 'test'
  ...
# Subtest: wrong signing identity and changed state stop before provider access
ok 51 - wrong signing identity and changed state stop before provider access
  ---
  duration_ms: 22.229077
  type: 'test'
  ...
# Subtest: retained fallible mint reuses ordinary wallet gate through actual SDK wire decoder
ok 52 - retained fallible mint reuses ordinary wallet gate through actual SDK wire decoder
  ---
  duration_ms: 729.3466
  type: 'test'
  ...
# Subtest: closed initialized plan selects the original nonempty store without accessing its files
ok 53 - closed initialized plan selects the original nonempty store without accessing its files
  ---
  duration_ms: 2.190522
  type: 'test'
  ...
# Subtest: initialized plan rejects alternate states, identities, modes, stores and limits
ok 54 - initialized plan rejects alternate states, identities, modes, stores and limits
  ---
  duration_ms: 2.36332
  type: 'test'
  ...
# Subtest: initialized plan rejects overlapping snapshot/output and historical directories
ok 55 - initialized plan rejects overlapping snapshot/output and historical directories
  ---
  duration_ms: 2.16156
  type: 'test'
  ...
# Subtest: descriptor accessors and symbol fields are rejected without invoking getters
ok 56 - descriptor accessors and symbol fields are rejected without invoking getters
  ---
  duration_ms: 0.289711
  type: 'test'
  ...
# Subtest: public reader verifies both actual native transactions and both original results
ok 57 - public reader verifies both actual native transactions and both original results
  ---
  duration_ms: 121.835479
  type: 'test'
  ...
# Subtest: actual retained swap deployment has empty native contract balances
ok 58 - actual retained swap deployment has empty native contract balances
  ---
  duration_ms: 24.73669
  type: 'test'
  ...
# Subtest: actual retained initialized swap native state contains both exact pool reserves
ok 59 - actual retained initialized swap native state contains both exact pool reserves
  ---
  duration_ms: 10.639755
  type: 'test'
  ...
# Subtest: actual retained initialized loan native state has no contract custody balance
ok 60 - actual retained initialized loan native state has no contract custody balance
  ---
  duration_ms: 3.308078
  type: 'test'
  ...
# Subtest: native balance extraction rejects plain state
ok 61 - native balance extraction rejects plain state
  ---
  duration_ms: 0.652335
  type: 'test'
  ...
# Subtest: native balance extraction rejects missing state
ok 62 - native balance extraction rejects missing state
  ---
  duration_ms: 0.281212
  type: 'test'
  ...
# Subtest: native balance extraction rejects wrong native class
ok 63 - native balance extraction rejects wrong native class
  ---
  duration_ms: 0.118416
  type: 'test'
  ...
# Subtest: native balance extraction rejects not a Map
ok 64 - native balance extraction rejects not a Map
  ---
  duration_ms: 0.302108
  type: 'test'
  ...
# Subtest: native balance extraction rejects negative value
ok 65 - native balance extraction rejects negative value
  ---
  duration_ms: 0.176431
  type: 'test'
  ...
# Subtest: native balance extraction rejects overflow value
ok 66 - native balance extraction rejects overflow value
  ---
  duration_ms: 0.319527
  type: 'test'
  ...
# Subtest: native balance extraction rejects number value
ok 67 - native balance extraction rejects number value
  ---
  duration_ms: 0.292989
  type: 'test'
  ...
# Subtest: native balance extraction rejects string value
ok 68 - native balance extraction rejects string value
  ---
  duration_ms: 0.603559
  type: 'test'
  ...
# Subtest: native balance extraction rejects plain string token
ok 69 - native balance extraction rejects plain string token
  ---
  duration_ms: 0.115985
  type: 'test'
  ...
# Subtest: native balance extraction rejects dust token
ok 70 - native balance extraction rejects dust token
  ---
  duration_ms: 0.091194
  type: 'test'
  ...
# Subtest: native balance extraction rejects shielded token
ok 71 - native balance extraction rejects shielded token
  ---
  duration_ms: 0.242435
  type: 'test'
  ...
# Subtest: native balance extraction rejects short token
ok 72 - native balance extraction rejects short token
  ---
  duration_ms: 0.086345
  type: 'test'
  ...
# Subtest: native balance extraction rejects uppercase token
ok 73 - native balance extraction rejects uppercase token
  ---
  duration_ms: 0.908847
  type: 'test'
  ...
# Subtest: native balance extraction rejects extra field
ok 74 - native balance extraction rejects extra field
  ---
  duration_ms: 0.279683
  type: 'test'
  ...
# Subtest: native balance extraction rejects duplicate token identity
ok 75 - native balance extraction rejects duplicate token identity
  ---
  duration_ms: 3.259188
  type: 'test'
  ...
# Subtest: native balance extraction rejects oversized map
ok 76 - native balance extraction rejects oversized map
  ---
  duration_ms: 2.306348
  type: 'test'
  ...
# Subtest: closed token fields reject getters, hidden fields, symbols and inherited shapes without getter access
ok 77 - closed token fields reject getters, hidden fields, symbols and inherited shapes without getter access
  ---
  duration_ms: 0.270081
  type: 'test'
  ...
# Subtest: zero and maximum u128 are retained exactly in detached frozen decimal map
ok 78 - zero and maximum u128 are retained exactly in detached frozen decimal map
  ---
  duration_ms: 0.124395
  type: 'test'
  ...
# Subtest: actual transaction-runtime ContractState cannot replace the SDK provider state class
ok 79 - actual transaction-runtime ContractState cannot replace the SDK provider state class
  ---
  duration_ms: 31.50862
  type: 'test'
  ...
# Subtest: raw close classification gives signals precedence and preserves unknown
ok 80 - raw close classification gives signals precedence and preserves unknown
  ---
  duration_ms: 4.441342
  type: 'test'
  ...
# Subtest: actual argv protocol is handed to exactly one detached piped child without mutation
ok 81 - actual argv protocol is handed to exactly one detached piped child without mutation
  ---
  duration_ms: 2.419906
  type: 'test'
  ...
# Subtest: explicit child environment is passed verbatim without parent-environment merging
ok 82 - explicit child environment is passed verbatim without parent-environment merging
  ---
  duration_ms: 0.488505
  type: 'test'
  ...
# Subtest: child zero and success-looking stdout never replace missing durable evidence
ok 83 - child zero and success-looking stdout never replace missing durable evidence
  ---
  duration_ms: 0.629477
  type: 'test'
  ...
# Subtest: durable completion without independently observed containment remains unknown
ok 84 - durable completion without independently observed containment remains unknown
  ---
  duration_ms: 0.487631
  type: 'test'
  ...
# Subtest: schema-invalid or exit-inconsistent durable results cannot establish containment
ok 85 - schema-invalid or exit-inconsistent durable results cannot establish containment
  ---
  duration_ms: 0.604427
  type: 'test'
  ...
# Subtest: retained nonzero and signal exits remain failed even when durable result reading fails
ok 86 - retained nonzero and signal exits remain failed even when durable result reading fails
  ---
  duration_ms: 0.657788
  type: 'test'
  ...
# Subtest: unknown close observation is never promoted by a valid-looking durable result
ok 87 - unknown close observation is never promoted by a valid-looking durable result
  ---
  duration_ms: 0.308263
  type: 'test'
  ...
# Subtest: combined diagnostics stop at exactly 1048576 bytes without changing disposition
ok 88 - combined diagnostics stop at exactly 1048576 bytes without changing disposition
  ---
  duration_ms: 4.226448
  type: 'test'
  ...
# Subtest: outer timeout retains its close signal but classifies the caller kill as unknown
ok 89 - outer timeout retains its close signal but classifies the caller kill as unknown
  ---
  duration_ms: 36.679697
  type: 'test'
  ...
# Subtest: a child that never closes after a failed deadline kill settles at the abandonment bound
ok 90 - a child that never closes after a failed deadline kill settles at the abandonment bound
  ---
  duration_ms: 13.204129
  type: 'test'
  ...
# Subtest: a failed kill request does not hide a later retained natural main failure
ok 91 - a failed kill request does not hide a later retained natural main failure
  ---
  duration_ms: 11.351041
  type: 'test'
  ...
# Subtest: child error rejects with the original spawn error
ok 92 - child error rejects with the original spawn error
  ---
  duration_ms: 0.674304
  type: 'test'
  ...
# Subtest: malformed close payload rejects instead of escaping the promise
ok 93 - malformed close payload rejects instead of escaping the promise
  ---
  duration_ms: 0.172402
  type: 'test'
  ...
# Subtest: closed invalid options refuse before monotonic sampling or spawn
ok 94 - closed invalid options refuse before monotonic sampling or spawn
  ---
  duration_ms: 0.581915
  type: 'test'
  ...
# Subtest: argv accessors and hidden array fields reject without invoking attacker code
ok 95 - argv accessors and hidden array fields reject without invoking attacker code
  ---
  duration_ms: 0.509407
  type: 'test'
  ...
# Subtest: prover control bytes are durably written before spawn and bounds use the one outer start
ok 96 - prover control bytes are durably written before spawn and bounds use the one outer start
  ---
  duration_ms: 1.018427
  type: 'test'
  ...
# Subtest: post-start durable-result loss cannot recompute or widen the established prover bounds
ok 97 - post-start durable-result loss cannot recompute or widen the established prover bounds
  ---
  duration_ms: 0.380359
  type: 'test'
  ...
# Subtest: required control persistence failure prevents every child spawn
ok 98 - required control persistence failure prevents every child spawn
  ---
  duration_ms: 0.207136
  type: 'test'
  ...
# Subtest: legacy optional-control flag cannot permit spawn without a writer
ok 99 - legacy optional-control flag cannot permit spawn without a writer
  ---
  duration_ms: 0.141224
  type: 'test'
  ...
# Subtest: legacy optional-control flag cannot swallow a failed control write or spawn
ok 100 - legacy optional-control flag cannot swallow a failed control write or spawn
  ---
  duration_ms: 0.180686
  type: 'test'
  ...
# Subtest: entry at the inclusive latest-start boundary refuses after control persistence and before spawn
ok 101 - entry at the inclusive latest-start boundary refuses after control persistence and before spawn
  ---
  duration_ms: 0.183374
  type: 'test'
  ...
# Subtest: configured handoff passes exactly its two-entry environment and appends before answering
ok 102 - configured handoff passes exactly its two-entry environment and appends before answering
  ---
  duration_ms: 39.032003
  type: 'test'
  ...
# Subtest: immediate child connection survives a slow invocation append and the executor returns
ok 103 - immediate child connection survives a slow invocation append and the executor returns
  ---
  duration_ms: 70.833858
  type: 'test'
  ...
# Subtest: handoff server close has a bounded fallback when close never calls back
ok 104 - handoff server close has a bounded fallback when close never calls back
  ---
  duration_ms: 281.511982
  type: 'test'
  ...
# Subtest: failed invocation append yields existing evidence-write failure and attaches no handshake listener
ok 105 - failed invocation append yields existing evidence-write failure and attaches no handshake listener
  ---
  duration_ms: 0.896485
  type: 'test'
  ...
# Subtest: explicit environment conflicts with handoff before monotonic sampling or spawn
ok 106 - explicit environment conflicts with handoff before monotonic sampling or spawn
  ---
  duration_ms: 0.194463
  type: 'test'
  ...
# Subtest: H1 reproducer: a never-resolving invocation append returns within the configured outer plus abandonment bound
ok 107 - H1 reproducer: a never-resolving invocation append returns within the configured outer plus abandonment bound
  ---
  duration_ms: 100.746892
  type: 'test'
  ...
# Subtest: H1 prover path: a never-resolving invocation append returns within the same bound with the established prover bounds retained
ok 108 - H1 prover path: a never-resolving invocation append returns within the same bound with the established prover bounds retained
  ---
  duration_ms: 110.697396
  type: 'test'
  ...
# Subtest: H1a: a wall-clock rollback during setup does not extend the monotonic schedule
ok 109 - H1a: a wall-clock rollback during setup does not extend the monotonic schedule
  ---
  duration_ms: 61.7549
  type: 'test'
  ...
# Subtest: H1b: a stalled durable read and a stalled remover share the one final bound and are reported unresolved
ok 110 - H1b: a stalled durable read and a stalled remover share the one final bound and are reported unresolved
  ---
  duration_ms: 81.137867
  type: 'test'
  ...
# Subtest: H1b: a slow durable read that outlives its budget is unresolved but leaves the reserved cleanup margin intact
ok 111 - H1b: a slow durable read that outlives its budget is unresolved but leaves the reserved cleanup margin intact
  ---
  duration_ms: 60.164879
  type: 'test'
  ...
# Subtest: H1c: a slow boot-id read that crosses the outer deadline rejects without any spawn
ok 112 - H1c: a slow boot-id read that crosses the outer deadline rejects without any spawn
  ---
  duration_ms: 103.690172
  type: 'test'
  ...
# Subtest: H1c: the outer deadline is rechecked immediately before spawn after a blocking final phase
ok 113 - H1c: the outer deadline is rechecked immediately before spawn after a blocking final phase
  ---
  duration_ms: 47.744377
  type: 'test'
  ...
# Subtest: L1: the prover latest-start check runs after the awaited boot-id, immediately before spawn
ok 114 - L1: the prover latest-start check runs after the awaited boot-id, immediately before spawn
  ---
  duration_ms: 0.641048
  type: 'test'
  ...
# Subtest: a child that exits while the invocation append is still stalled returns within the bound without inventing persisted evidence
ok 115 - a child that exits while the invocation append is still stalled returns within the bound without inventing persisted evidence
  ---
  duration_ms: 61.921209
  type: 'test'
  ...
# Subtest: stalled current-state confirmation returns STARTUP_INVALID within the bound and never answers the closed socket
ok 116 - stalled current-state confirmation returns STARTUP_INVALID within the bound and never answers the closed socket
  ---
  duration_ms: 101.54017
  type: 'test'
  ...
# Subtest: stalled denial append after a reservation mismatch returns STARTUP_INVALID within the bound and never answers the closed socket
ok 117 - stalled denial append after a reservation mismatch returns STARTUP_INVALID within the bound and never answers the closed socket
  ---
  duration_ms: 101.085494
  type: 'test'
  ...
# Subtest: H1d: a child error after handshake activation disposes the protocol so no later denial record starts
ok 118 - H1d: a child error after handshake activation disposes the protocol so no later denial record starts
  ---
  duration_ms: 136.851677
  type: 'test'
  ...
# Subtest: stalled pre-spawn runtime-directory rejects at the outer bound without a spawn and removes any owned runtime
ok 119 - stalled pre-spawn runtime-directory rejects at the outer bound without a spawn and removes any owned runtime
  ---
  duration_ms: 39.05194
  type: 'test'
  ...
# Subtest: stalled pre-spawn invocation-socket rejects at the outer bound without a spawn and removes any owned runtime
ok 120 - stalled pre-spawn invocation-socket rejects at the outer bound without a spawn and removes any owned runtime
  ---
  duration_ms: 42.975987
  type: 'test'
  ...
# Subtest: stalled pre-spawn boot-id rejects at the outer bound without a spawn and removes any owned runtime
ok 121 - stalled pre-spawn boot-id rejects at the outer bound without a spawn and removes any owned runtime
  ---
  duration_ms: 38.856085
  type: 'test'
  ...
# Subtest: stalled prover control write rejects at the outer bound before any spawn
ok 122 - stalled prover control write rejects at the outer bound before any spawn
  ---
  duration_ms: 38.829605
  type: 'test'
  ...
# Subtest: H3b: a runtime directory created after the outer bound is owned and removed without advancing setup
ok 123 - H3b: a runtime directory created after the outer bound is owned and removed without advancing setup
  ---
  duration_ms: 80.732394
  type: 'test'
  ...
# Subtest: H3b: a socket created after the outer bound is closed and unlinked without advancing setup
ok 124 - H3b: a socket created after the outer bound is closed and unlinked without advancing setup
  ---
  duration_ms: 83.261982
  type: 'test'
  ...
# Subtest: H3a: a nonce failure after a real socket is acquired closes the server and removes the owned paths
ok 125 - H3a: a nonce failure after a real socket is acquired closes the server and removes the owned paths
  ---
  duration_ms: 1.717676
  type: 'test'
  ...
# Subtest: H3: spawn failure and child error after runtime allocation preserve the original error and remove the owned runtime
ok 126 - H3: spawn failure and child error after runtime allocation preserve the original error and remove the owned runtime
  ---
  duration_ms: 0.649467
  type: 'test'
  ...
# Subtest: H3: a failed runtime removal is reported in the result instead of being swallowed
ok 127 - H3: a failed runtime removal is reported in the result instead of being swallowed
  ---
  duration_ms: 7.280255
  type: 'test'
  ...
# Subtest: H3: a spawn failure whose runtime removal also fails keeps the original error and reports the cleanup failure
ok 128 - H3: a spawn failure whose runtime removal also fails keeps the original error and reports the cleanup failure
  ---
  duration_ms: 0.495032
  type: 'test'
  ...
# Subtest: R2: a replay denial record still in flight after a successful handshake is reported outstanding at return and never written after release
ok 129 - R2: a replay denial record still in flight after a successful handshake is reported outstanding at return and never written after release
  ---
  duration_ms: 52.438952
  type: 'test'
  ...
# Subtest: R2: a child error while a denial record is in flight reports that record outstanding on the rejection and writes nothing after release
ok 130 - R2: a child error while a denial record is in flight reports that record outstanding on the rejection and writes nothing after release
  ---
  duration_ms: 46.142635
  type: 'test'
  ...
# Subtest: R2: a completed handshake with no in-flight protocol work reports zero pending work
ok 131 - R2: a completed handshake with no in-flight protocol work reports zero pending work
  ---
  duration_ms: 9.39828
  type: 'test'
  ...
# Subtest: row: complete zero terminal evidence and containment succeeds
ok 132 - row: complete zero terminal evidence and containment succeeds
  ---
  duration_ms: 1.44264
  type: 'test'
  ...
# Subtest: row: malformed startup is unknown
ok 133 - row: malformed startup is unknown
  ---
  duration_ms: 0.18866
  type: 'test'
  ...
# Subtest: row: unpersisted startup reports the specific write failure
ok 134 - row: unpersisted startup reports the specific write failure
  ---
  duration_ms: 0.121923
  type: 'test'
  ...
# Subtest: row: invocation identity mismatch precedes an apparent main failure
ok 135 - row: invocation identity mismatch precedes an apparent main failure
  ---
  duration_ms: 0.142577
  type: 'test'
  ...
# Subtest: row: preexisting evidence is unknown and not reused
ok 136 - row: preexisting evidence is unknown and not reused
  ---
  duration_ms: 0.403261
  type: 'test'
  ...
# Subtest: row: retained nonzero main exit is failed
ok 137 - row: retained nonzero main exit is failed
  ---
  duration_ms: 0.142009
  type: 'test'
  ...
# Subtest: row: retained main signal is failed
ok 138 - row: retained main signal is failed
  ---
  duration_ms: 0.120669
  type: 'test'
  ...
# Subtest: row: unavailable main exit is unknown before evidence gates
ok 139 - row: unavailable main exit is unknown before evidence gates
  ---
  duration_ms: 0.138519
  type: 'test'
  ...
# Subtest: row: absent raw main-exit observation is unknown even when every other fact says success
ok 140 - row: absent raw main-exit observation is unknown even when every other fact says success
  ---
  duration_ms: 0.168466
  type: 'test'
  ...
# Subtest: row: only a retained exact zero exit reaches success
ok 141 - row: only a retained exact zero exit reaches success
  ---
  duration_ms: 0.331992
  type: 'test'
  ...
# Subtest: row: absent raw observation keeps refusal, startup and evidence precedence
ok 142 - row: absent raw observation keeps refusal, startup and evidence precedence
  ---
  duration_ms: 3.121221
  type: 'test'
  ...
# Subtest: row: known main failure stays failed despite every later cleanup limitation
ok 143 - row: known main failure stays failed despite every later cleanup limitation
  ---
  duration_ms: 0.194755
  type: 'test'
  ...
# Subtest: row: terminal evidence write or fsync failure is unknown
ok 144 - row: terminal evidence write or fsync failure is unknown
  ---
  duration_ms: 0.101716
  type: 'test'
  ...
# Subtest: row: stop nonzero is unknown
ok 145 - row: stop nonzero is unknown
  ---
  duration_ms: 0.06272
  type: 'test'
  ...
# Subtest: row: stop exception or timeout is unknown
ok 146 - row: stop exception or timeout is unknown
  ---
  duration_ms: 0.057086
  type: 'test'
  ...
# Subtest: row: successful stop with missing receipt is unknown
ok 147 - row: successful stop with missing receipt is unknown
  ---
  duration_ms: 0.054575
  type: 'test'
  ...
# Subtest: row: deadline crossing is unknown
ok 148 - row: deadline crossing is unknown
  ---
  duration_ms: 0.04664
  type: 'test'
  ...
# Subtest: row: parent loss is unknown
ok 149 - row: parent loss is unknown
  ---
  duration_ms: 0.06539
  type: 'test'
  ...
# Subtest: row: incomplete containment is unknown
ok 150 - row: incomplete containment is unknown
  ---
  duration_ms: 0.066027
  type: 'test'
  ...
# Subtest: row: timer cancellation nonzero is unknown
ok 151 - row: timer cancellation nonzero is unknown
  ---
  duration_ms: 0.04757
  type: 'test'
  ...
# Subtest: row: missing timer cancellation receipt is unknown
ok 152 - row: missing timer cancellation receipt is unknown
  ---
  duration_ms: 0.042801
  type: 'test'
  ...
# Subtest: row: final result write or fsync failure is unknown
ok 153 - row: final result write or fsync failure is unknown
  ---
  duration_ms: 0.041794
  type: 'test'
  ...
# Subtest: row: pre-start refusal preserves the validator code
ok 154 - row: pre-start refusal preserves the validator code
  ---
  duration_ms: 0.050339
  type: 'test'
  ...
# Subtest: precedence follows the closed table from top to bottom
ok 155 - precedence follows the closed table from top to bottom
  ---
  duration_ms: 0.091672
  type: 'test'
  ...
# Subtest: malformed or open inputs are rejected instead of defaulted
ok 156 - malformed or open inputs are rejected instead of defaulted
  ---
  duration_ms: 0.475647
  type: 'test'
  ...
# Subtest: safety cleanup is outside the pure classifier and cannot manufacture success evidence
ok 157 - safety cleanup is outside the pure classifier and cannot manufacture success evidence
  ---
  duration_ms: 0.372493
  type: 'test'
  ...
# Subtest: complete loan and swap comparison preserves gross spending and residual duties
ok 158 - complete loan and swap comparison preserves gross spending and residual duties
  ---
  duration_ms: 23.903594
  type: 'test'
  ...
# Subtest: rejects missing financial field
ok 159 - rejects missing financial field
  ---
  duration_ms: 2.634442
  type: 'test'
  ...
# Subtest: rejects extra financial field
ok 160 - rejects extra financial field
  ---
  duration_ms: 5.930048
  type: 'test'
  ...
# Subtest: rejects remaining debt erased
ok 161 - rejects remaining debt erased
  ---
  duration_ms: 9.048882
  type: 'test'
  ...
# Subtest: rejects string-valued decoded amount
ok 162 - rejects string-valued decoded amount
  ---
  duration_ms: 1.781016
  type: 'test'
  ...
# Subtest: rejects prior result overwritten
ok 163 - rejects prior result overwritten
  ---
  duration_ms: 3.419483
  type: 'test'
  ...
# Subtest: rejects effect recipient corrupted
ok 164 - rejects effect recipient corrupted
  ---
  duration_ms: 4.364339
  type: 'test'
  ...
# Subtest: rejects extra result member
ok 165 - rejects extra result member
  ---
  duration_ms: 4.291936
  type: 'test'
  ...
# Subtest: rejects initialization flag wrong
ok 166 - rejects initialization flag wrong
  ---
  duration_ms: 2.854869
  type: 'test'
  ...
# Subtest: rejects capability changed
ok 167 - rejects capability changed
  ---
  duration_ms: 6.171894
  type: 'test'
  ...
# Subtest: rejects payout address changed
ok 168 - rejects payout address changed
  ---
  duration_ms: 1.347174
  type: 'test'
  ...
# Subtest: rejects domain changed
ok 169 - rejects domain changed
  ---
  duration_ms: 3.947227
  type: 'test'
  ...
# Subtest: rejects color changed
ok 170 - rejects color changed
  ---
  duration_ms: 3.225954
  type: 'test'
  ...
# Subtest: rejects network changed
ok 171 - rejects network changed
  ---
  duration_ms: 2.643991
  type: 'test'
  ...
# Subtest: rejects program changed
ok 172 - rejects program changed
  ---
  duration_ms: 2.780963
  type: 'test'
  ...
# Subtest: rejects native payout changed
ok 173 - rejects native payout changed
  ---
  duration_ms: 2.103564
  type: 'test'
  ...
# Subtest: rejects native conversion amount changed
ok 174 - rejects native conversion amount changed
  ---
  duration_ms: 2.211883
  type: 'test'
  ...
# Subtest: rejects hidden native effect
ok 175 - rejects hidden native effect
  ---
  duration_ms: 1.303731
  type: 'test'
  ...
# Subtest: rejects missing native transcript
ok 176 - rejects missing native transcript
  ---
  duration_ms: 2.142076
  type: 'test'
  ...
# Subtest: rejects actual lender output short
ok 177 - rejects actual lender output short
  ---
  duration_ms: 2.666285
  type: 'test'
  ...
# Subtest: rejects third-party payer
ok 178 - rejects third-party payer
  ---
  duration_ms: 7.133221
  type: 'test'
  ...
# Subtest: rejects gross debit replaced with net
ok 179 - rejects gross debit replaced with net
  ---
  duration_ms: 1.817925
  type: 'test'
  ...
# Subtest: rejects native fee mismatch
ok 180 - rejects native fee mismatch
  ---
  duration_ms: 2.800292
  type: 'test'
  ...
# Subtest: rejects unresolved fee treated resolved
ok 181 - rejects unresolved fee treated resolved
  ---
  duration_ms: 2.059715
  type: 'test'
  ...
# Subtest: rejects contract address changed
ok 182 - rejects contract address changed
  ---
  duration_ms: 1.840528
  type: 'test'
  ...
# Subtest: rejects duplicate tx id
ok 183 - rejects duplicate tx id
  ---
  duration_ms: 1.47459
  type: 'test'
  ...
# Subtest: rejects block order reversed
ok 184 - rejects block order reversed
  ---
  duration_ms: 2.582858
  type: 'test'
  ...
# Subtest: rejects unfinalized height
ok 185 - rejects unfinalized height
  ---
  duration_ms: 2.762166
  type: 'test'
  ...
# Subtest: rejects unsupported protocol
ok 186 - rejects unsupported protocol
  ---
  duration_ms: 1.671525
  type: 'test'
  ...
# Subtest: rejects false native proof claim
ok 187 - rejects false native proof claim
  ---
  duration_ms: 2.454465
  type: 'test'
  ...
# Subtest: swap must observe contract reserves and mint-to-self claims
ok 188 - swap must observe contract reserves and mint-to-self claims
  ---
  duration_ms: 3.097831
  type: 'test'
  ...
# Subtest: rejects skipped stages and remains stopped after a failure
ok 189 - rejects skipped stages and remains stopped after a failure
  ---
  duration_ms: 4.768166
  type: 'test'
  ...
# Subtest: rejects duplicate participants and never exposes role secrets
ok 190 - rejects duplicate participants and never exposes role secrets
  ---
  duration_ms: 3.792685
  type: 'test'
  ...
# Subtest: requires explicit ledger protocol, distinct from package version
ok 191 - requires explicit ledger protocol, distinct from package version
  ---
  duration_ms: 0.190143
  type: 'test'
  ...
# Subtest: rejects indexer identifier omissions, extras and duplicates
ok 192 - rejects indexer identifier omissions, extras and duplicates
  ---
  duration_ms: 5.095687
  type: 'test'
  ...
# Subtest: rejects zero-valued hidden payout claims
ok 193 - rejects zero-valued hidden payout claims
  ---
  duration_ms: 2.530486
  type: 'test'
  ...
# Subtest: summary preserves every observed public field and native aggregate without mutable aliases
ok 194 - summary preserves every observed public field and native aggregate without mutable aliases
  ---
  duration_ms: 17.497207
  type: 'test'
  ...
# Subtest: unknown top-level public state cannot leak into a summary
ok 195 - unknown top-level public state cannot leak into a summary
  ---
  duration_ms: 2.022371
  type: 'test'
  ...
# Subtest: mint-to-self input counts once as contract funding and never as participant spending
ok 196 - mint-to-self input counts once as contract funding and never as participant spending
  ---
  duration_ms: 4.326139
  type: 'test'
  ...
# Subtest: standalone runtime pin inspection rejects unchanged-version package or entry mutation without importing adapters
ok 197 - standalone runtime pin inspection rejects unchanged-version package or entry mutation without importing adapters
  ---
  duration_ms: 0.353623
  type: 'test'
  ...
# Subtest: matched native fees exceeding the admitted cumulative SPECK cap reject
ok 198 - matched native fees exceeding the admitted cumulative SPECK cap reject
  ---
  duration_ms: 3.181073
  type: 'test'
  ...
# Subtest: exact cap and within cap pass for both complete financial traces
ok 199 - exact cap and within cap pass for both complete financial traces
  ---
  duration_ms: 12.509606
  type: 'test'
  ...
# Subtest: self-consistent first fee above cap rejects despite unresolved lower indexer units
ok 200 - self-consistent first fee above cap rejects despite unresolved lower indexer units
  ---
  duration_ms: 3.602051
  type: 'test'
  ...
# Subtest: a finite native SPECK cap is mandatory, with no unlimited source-fixture default
ok 201 - a finite native SPECK cap is mandatory, with no unlimited source-fixture default
  ---
  duration_ms: 0.267406
  type: 'test'
  ...
# Subtest: historical surplus cannot subsidize current fees; historical groups also accumulate
ok 202 - historical surplus cannot subsidize current fees; historical groups also accumulate
  ---
  duration_ms: 7.659079
  type: 'test'
  ...
# Subtest: historical stages must be a finite nonoverlapping contiguous prefix
ok 203 - historical stages must be a finite nonoverlapping contiguous prefix
  ---
  duration_ms: 1.280878
  type: 'test'
  ...
# Subtest: initialized swap compares both histories before exactly swap and close
ok 204 - initialized swap compares both histories before exactly swap and close
  ---
  duration_ms: 2.402135
  type: 'test'
  ...
# Subtest: initialized swap failed deploy comparison prevents new submissions
ok 205 - initialized swap failed deploy comparison prevents new submissions
  ---
  duration_ms: 0.641735
  type: 'test'
  ...
# Subtest: initialized swap failed initialize comparison prevents new submissions
ok 206 - initialized swap failed initialize comparison prevents new submissions
  ---
  duration_ms: 0.343466
  type: 'test'
  ...
# Subtest: initialized swap rejects altered, mixed and accessor identities without calling SDK
ok 207 - initialized swap rejects altered, mixed and accessor identities without calling SDK
  ---
  duration_ms: 1.176639
  type: 'test'
  ...
# Subtest: initialized composition replays history once before store access and only submits swap and close
ok 208 - initialized composition replays history once before store access and only submits swap and close
  ---
  duration_ms: 23.947306
  type: 'test'
  ...
# Subtest: initialized publicCheck failure stops calls and cleans owned resources
ok 209 - initialized publicCheck failure stops calls and cleans owned resources
  ---
  duration_ms: 3.280818
  type: 'test'
  ...
# Subtest: initialized checkWallet failure stops calls and cleans owned resources
ok 210 - initialized checkWallet failure stops calls and cleans owned resources
  ---
  duration_ms: 6.676843
  type: 'test'
  ...
# Subtest: initialized preserveStore failure stops calls and cleans owned resources
ok 211 - initialized preserveStore failure stops calls and cleans owned resources
  ---
  duration_ms: 1.772932
  type: 'test'
  ...
# Subtest: initialized checkPrivate failure stops calls and cleans owned resources
ok 212 - initialized checkPrivate failure stops calls and cleans owned resources
  ---
  duration_ms: 5.665064
  type: 'test'
  ...
# Subtest: failed initialized historical deploy comparison prevents snapshot and providers
ok 213 - failed initialized historical deploy comparison prevents snapshot and providers
  ---
  duration_ms: 2.643644
  type: 'test'
  ...
# Subtest: failed initialized historical initialize comparison prevents snapshot and providers
ok 214 - failed initialized historical initialize comparison prevents snapshot and providers
  ---
  duration_ms: 6.156175
  type: 'test'
  ...
# Subtest: initialized actual store mismatch stops before setup
ok 215 - initialized actual store mismatch stops before setup
  ---
  duration_ms: 7.409116
  type: 'test'
  ...
# Subtest: initialized actual limits mismatch stops before setup
ok 216 - initialized actual limits mismatch stops before setup
  ---
  duration_ms: 0.785487
  type: 'test'
  ...
# Subtest: initialized actual role mismatch stops before setup
ok 217 - initialized actual role mismatch stops before setup
  ---
  duration_ms: 1.183909
  type: 'test'
  ...
# Subtest: initialized actual build mismatch stops before setup
ok 218 - initialized actual build mismatch stops before setup
  ---
  duration_ms: 1.485291
  type: 'test'
  ...
# Subtest: production rejects continuation adapters; source fixture requires every gate
ok 219 - production rejects continuation adapters; source fixture requires every gate
  ---
  duration_ms: 5.45228
  type: 'test'
  ...
# Subtest: initialized publicCheck requires its closed success result
ok 220 - initialized publicCheck requires its closed success result
  ---
  duration_ms: 1.450915
  type: 'test'
  ...
# Subtest: initialized preserveStore requires its closed success result
ok 221 - initialized preserveStore requires its closed success result
  ---
  duration_ms: 1.330988
  type: 'test'
  ...
# Subtest: initialized checkPrivate requires its closed success result
ok 222 - initialized checkPrivate requires its closed success result
  ---
  duration_ms: 1.582893
  type: 'test'
  ...
# Subtest: closed swap plan reads both actual public histories from same source result
ok 223 - closed swap plan reads both actual public histories from same source result
  ---
  duration_ms: 62.776474
  type: 'test'
  ...
# Subtest: closed swap plan rejects consumed allocation and altered/exclusive descriptor
ok 224 - closed swap plan rejects consumed allocation and altered/exclusive descriptor
  ---
  duration_ms: 0.453573
  type: 'test'
  ...
# Subtest: closed swap plan rejects consumed allocation and altered/exclusive descriptor
ok 225 - closed swap plan rejects consumed allocation and altered/exclusive descriptor
  ---
  duration_ms: 0.175518
  type: 'test'
  ...
# Subtest: closed swap plan rejects consumed allocation and altered/exclusive descriptor
ok 226 - closed swap plan rejects consumed allocation and altered/exclusive descriptor
  ---
  duration_ms: 0.173154
  type: 'test'
  ...
# Subtest: closed swap plan rejects consumed allocation and altered/exclusive descriptor
ok 227 - closed swap plan rejects consumed allocation and altered/exclusive descriptor
  ---
  duration_ms: 0.081397
  type: 'test'
  ...
# Subtest: closed swap plan rejects consumed allocation and altered/exclusive descriptor
ok 228 - closed swap plan rejects consumed allocation and altered/exclusive descriptor
  ---
  duration_ms: 0.065522
  type: 'test'
  ...
# Subtest: composed swap plan getters rejected without invocation before setup
ok 229 - composed swap plan getters rejected without invocation before setup
  ---
  duration_ms: 0.664075
  type: 'test'
  ...
# Subtest: missing initialized mint stops before preservation and new dispatch
ok 230 - missing initialized mint stops before preservation and new dispatch
  ---
  duration_ms: 3.542692
  type: 'test'
  ...
# Subtest: retains closed swap diagnostic SWAP_CONTINUATION_DEPLOY_STATE
ok 231 - retains closed swap diagnostic SWAP_CONTINUATION_DEPLOY_STATE
  ---
  duration_ms: 0.812078
  type: 'test'
  ...
# Subtest: retains closed swap diagnostic SWAP_CONTINUATION_PRIVATE_READ
ok 232 - retains closed swap diagnostic SWAP_CONTINUATION_PRIVATE_READ
  ---
  duration_ms: 1.23867
  type: 'test'
  ...
# Subtest: retains closed swap diagnostic SWAP_CONTINUATION_WALLET_HISTORY
ok 233 - retains closed swap diagnostic SWAP_CONTINUATION_WALLET_HISTORY
  ---
  duration_ms: 0.793429
  type: 'test'
  ...
# Subtest: historical fee allocations are bound separately from the new allowance
ok 234 - historical fee allocations are bound separately from the new allowance
  ---
  duration_ms: 1.097688
  type: 'test'
  ...
# Subtest: initialized swap native/full state gate watches both histories once
ok 235 - initialized swap native/full state gate watches both histories once
  ---
  duration_ms: 262.673042
  type: 'test'
  ...
# Subtest: initialized swap rejects bytes
ok 236 - initialized swap rejects bytes
  ---
  duration_ms: 58.139296
  type: 'test'
  ...
# Subtest: initialized swap rejects id
ok 237 - initialized swap rejects id
  ---
  duration_ms: 109.225816
  type: 'test'
  ...
# Subtest: initialized swap rejects status
ok 238 - initialized swap rejects status
  ---
  duration_ms: 94.532209
  type: 'test'
  ...
# Subtest: initialized swap rejects origin
ok 239 - initialized swap rejects origin
  ---
  duration_ms: 120.105733
  type: 'test'
  ...
# Subtest: initialized swap rejects time
ok 240 - initialized swap rejects time
  ---
  duration_ms: 76.156525
  type: 'test'
  ...
# Subtest: initialized swap rejects canonical
ok 241 - initialized swap rejects canonical
  ---
  duration_ms: 107.820013
  type: 'test'
  ...
# Subtest: initialized swap rejects altered deploy full state
ok 242 - initialized swap rejects altered deploy full state
  ---
  duration_ms: 113.411147
  type: 'test'
  ...
# Subtest: initialized swap rejects altered initialize full state
ok 243 - initialized swap rejects altered initialize full state
  ---
  duration_ms: 104.103384
  type: 'test'
  ...
# Subtest: initialized swap rejects altered latest full state
ok 244 - initialized swap rejects altered latest full state
  ---
  duration_ms: 108.295085
  type: 'test'
  ...
# Subtest: initialized swap arbitrary snapshot error is never retried
ok 245 - initialized swap arbitrary snapshot error is never retried
  ---
  duration_ms: 94.737863
  type: 'test'
  ...
# Subtest: initialized swap nonfinalized initialize times out before current state
ok 246 - initialized swap nonfinalized initialize times out before current state
  ---
  duration_ms: 140.25403
  type: 'test'
  ...
# Subtest: initialized swap samples forward finalized movement without repeated transaction watches
ok 247 - initialized swap samples forward finalized movement without repeated transaction watches
  ---
  duration_ms: 1143.940878
  type: 'test'
  ...
# Subtest: initialized swap rejects same-height current reorg
ok 248 - initialized swap rejects same-height current reorg
  ---
  duration_ms: 130.248333
  type: 'test'
  ...
# Subtest: swap history wallet guard detects both histories old DUST and wrapped spent inputs
ok 249 - swap history wallet guard detects both histories old DUST and wrapped spent inputs
  ---
  duration_ms: 122.843071
  type: 'test'
  ...
# Subtest: initialized store accepts actual SDK v2 namespace through separate inspection, preserving original and raw snapshot
ok 250 - initialized store accepts actual SDK v2 namespace through separate inspection, preserving original and raw snapshot
  ---
  duration_ms: 665.734899
  type: 'test'
  ...
# Subtest: initialized inspection rejects missing, extra, plaintext, v1, mismatched-salt and malformed metadata without modifying source or snapshot
ok 251 - initialized inspection rejects missing, extra, plaintext, v1, mismatched-salt and malformed metadata without modifying source or snapshot
  ---
  duration_ms: 1292.025172
  type: 'test'
  ...
# Subtest: initialized copies reject reuse, overlaps, symlinks and loose permissions
ok 252 - initialized copies reject reuse, overlaps, symlinks and loose permissions
  ---
  duration_ms: 174.098037
  type: 'test'
  ...
# Subtest: source and raw snapshot mutations during inspection are detected and retained
ok 253 - source and raw snapshot mutations during inspection are detected and retained
  ---
  duration_ms: 329.684331
  type: 'test'
  ...
# Subtest: full composition prepares address then binds colors once and records every stage before next call
ok 254 - full composition prepares address then binds colors once and records every stage before next call
  ---
  duration_ms: 11.602031
  type: 'test'
  ...
# Subtest: wrong network rejects before preparation and bounded-cleans supplied wallet
ok 255 - wrong network rejects before preparation and bounded-cleans supplied wallet
  ---
  duration_ms: 1.059882
  type: 'test'
  ...
# Subtest: wrong SDK network rejects before preparation and bounded-cleans supplied wallet
ok 256 - wrong SDK network rejects before preparation and bounded-cleans supplied wallet
  ---
  duration_ms: 0.54462
  type: 'test'
  ...
# Subtest: wrong payer rejects before preparation and bounded-cleans supplied wallet
ok 257 - wrong payer rejects before preparation and bounded-cleans supplied wallet
  ---
  duration_ms: 0.410999
  type: 'test'
  ...
# Subtest: public endpoint rejects before preparation and bounded-cleans supplied wallet
ok 258 - public endpoint rejects before preparation and bounded-cleans supplied wallet
  ---
  duration_ms: 0.28202
  type: 'test'
  ...
# Subtest: missing protocol rejects before preparation and bounded-cleans supplied wallet
ok 259 - missing protocol rejects before preparation and bounded-cleans supplied wallet
  ---
  duration_ms: 0.201305
  type: 'test'
  ...
# Subtest: unknown logical asset rejects before preparation and bounded-cleans supplied wallet
ok 260 - unknown logical asset rejects before preparation and bounded-cleans supplied wallet
  ---
  duration_ms: 0.220477
  type: 'test'
  ...
# Subtest: provider construction failure preserves failure and cleans wallet/assets
ok 261 - provider construction failure preserves failure and cleans wallet/assets
  ---
  duration_ms: 1.838498
  type: 'test'
  ...
# Subtest: driver failure before its cleanup ownership guard falls back to wallet cleanup
ok 262 - driver failure before its cleanup ownership guard falls back to wallet cleanup
  ---
  duration_ms: 2.055384
  type: 'test'
  ...
# Subtest: driver throw without cleanup receipt falls back to owned providers exactly once
ok 263 - driver throw without cleanup receipt falls back to owned providers exactly once
  ---
  duration_ms: 0.862665
  type: 'test'
  ...
# Subtest: onStage failed retention stops before another transaction
ok 264 - onStage failed retention stops before another transaction
  ---
  duration_ms: 2.146063
  type: 'test'
  ...
# Subtest: source adapters cannot silently switch into production mode
ok 265 - source adapters cannot silently switch into production mode
  ---
  duration_ms: 0.373499
  type: 'test'
  ...
# Subtest: local RPC uses one bounded nonredirecting request and validates its response identity
ok 266 - local RPC uses one bounded nonredirecting request and validates its response identity
  ---
  duration_ms: 17.606738
  type: 'test'
  ...
# Subtest: local RPC aborts an unresponsive inert request by absolute deadline
ok 267 - local RPC aborts an unresponsive inert request by absolute deadline
  ---
  duration_ms: 30.52302
  type: 'test'
  ...
# Subtest: swap waits for exact wallet mint after durable initialize comparison and before actual driver swap
ok 268 - swap waits for exact wallet mint after durable initialize comparison and before actual driver swap
  ---
  duration_ms: 4.488367
  type: 'test'
  ...
# Subtest: missing initialized wallet mint stops actual driver before swap and close
ok 269 - missing initialized wallet mint stops actual driver before swap and close
  ---
  duration_ms: 1.378969
  type: 'test'
  ...
# Subtest: wallet sync that crosses the admission deadline prevents swap
ok 270 - wallet sync that crosses the admission deadline prevents swap
  ---
  duration_ms: 0.953375
  type: 'test'
  ...
# Subtest: asset mutation after a recorded stage stops before the next SDK stage
ok 271 - asset mutation after a recorded stage stops before the next SDK stage
  ---
  duration_ms: 2.180509
  type: 'test'
  ...
# Subtest: inert contained success is explicitly source-only and never financial acceptance
ok 272 - inert contained success is explicitly source-only and never financial acceptance
  ---
  duration_ms: 1.798463
  type: 'test'
  ...
# Subtest: RPC rejects mismatched IDs and oversized bodies without a retry
ok 273 - RPC rejects mismatched IDs and oversized bodies without a retry
  ---
  duration_ms: 1.491672
  type: 'test'
  ...
# Subtest: protocol and reviewed callbacks remain captured after asynchronous preparation starts
ok 274 - protocol and reviewed callbacks remain captured after asynchronous preparation starts
  ---
  duration_ms: 1.532284
  type: 'test'
  ...
# Subtest: recovery composition restores before real driver, observes historical deploy once and submits only three calls
ok 275 - recovery composition restores before real driver, observes historical deploy once and submits only three calls
  ---
  duration_ms: 2.65215
  type: 'test'
  ...
# Subtest: recovery publicCheck failure stops before driver and cleans owned resources
ok 276 - recovery publicCheck failure stops before driver and cleans owned resources
  ---
  duration_ms: 0.741584
  type: 'test'
  ...
# Subtest: recovery checkWallet failure stops before driver and cleans owned resources
ok 277 - recovery checkWallet failure stops before driver and cleans owned resources
  ---
  duration_ms: 0.932193
  type: 'test'
  ...
# Subtest: recovery reconstruct failure stops before driver and cleans owned resources
ok 278 - recovery reconstruct failure stops before driver and cleans owned resources
  ---
  duration_ms: 0.6663
  type: 'test'
  ...
# Subtest: recovery inspectStore failure stops before driver and cleans owned resources
ok 279 - recovery inspectStore failure stops before driver and cleans owned resources
  ---
  duration_ms: 0.775634
  type: 'test'
  ...
# Subtest: recovery restore failure stops before driver and cleans owned resources
ok 280 - recovery restore failure stops before driver and cleans owned resources
  ---
  duration_ms: 0.738706
  type: 'test'
  ...
# Subtest: recovery wallet synchronization rejection prevents constructor, store and driver
ok 281 - recovery wallet synchronization rejection prevents constructor, store and driver
  ---
  duration_ms: 0.747548
  type: 'test'
  ...
# Subtest: recovery rejects actual allocation differing from closed plan before recovery work
ok 282 - recovery rejects actual allocation differing from closed plan before recovery work
  ---
  duration_ms: 0.407068
  type: 'test'
  ...
# Subtest: recovery rejects actual submissions differing from closed plan before recovery work
ok 283 - recovery rejects actual submissions differing from closed plan before recovery work
  ---
  duration_ms: 0.380741
  type: 'test'
  ...
# Subtest: recovery rejects actual dust differing from closed plan before recovery work
ok 284 - recovery rejects actual dust differing from closed plan before recovery work
  ---
  duration_ms: 0.324603
  type: 'test'
  ...
# Subtest: recovery rejects actual gross cap differing from closed plan before recovery work
ok 285 - recovery rejects actual gross cap differing from closed plan before recovery work
  ---
  duration_ms: 0.301935
  type: 'test'
  ...
# Subtest: recovery rejects actual deadline differing from closed plan before recovery work
ok 286 - recovery rejects actual deadline differing from closed plan before recovery work
  ---
  duration_ms: 0.271579
  type: 'test'
  ...
# Subtest: recovery rejects actual journal differing from closed plan before recovery work
ok 287 - recovery rejects actual journal differing from closed plan before recovery work
  ---
  duration_ms: 0.352802
  type: 'test'
  ...
# Subtest: recovery rejects actual store directory differing from closed plan before recovery work
ok 288 - recovery rejects actual store directory differing from closed plan before recovery work
  ---
  duration_ms: 0.267868
  type: 'test'
  ...
# Subtest: recovery rejects actual store namespace differing from closed plan before recovery work
ok 289 - recovery rejects actual store namespace differing from closed plan before recovery work
  ---
  duration_ms: 2.628918
  type: 'test'
  ...
# Subtest: recovery rejects actual role differing from closed plan before recovery work
ok 290 - recovery rejects actual role differing from closed plan before recovery work
  ---
  duration_ms: 0.673889
  type: 'test'
  ...
# Subtest: recovery rejects actual wallet differing from closed plan before recovery work
ok 291 - recovery rejects actual wallet differing from closed plan before recovery work
  ---
  duration_ms: 0.765421
  type: 'test'
  ...
# Subtest: recovery rejects actual network tag differing from closed plan before recovery work
ok 292 - recovery rejects actual network tag differing from closed plan before recovery work
  ---
  duration_ms: 0.527989
  type: 'test'
  ...
# Subtest: recovery rejects actual build differing from closed plan before recovery work
ok 293 - recovery rejects actual build differing from closed plan before recovery work
  ---
  duration_ms: 0.408406
  type: 'test'
  ...
# Subtest: recovery plan rejects changed deployment identity and unchecked identity shortcut
ok 294 - recovery plan rejects changed deployment identity and unchecked identity shortcut
  ---
  duration_ms: 0.705703
  type: 'test'
  ...
# Subtest: production integration rejects recovery adapters before loading runtime or touching private state
ok 295 - production integration rejects recovery adapters before loading runtime or touching private state
  ---
  duration_ms: 0.223861
  type: 'test'
  ...
# Subtest: source recovery requires all recovery adapters
ok 296 - source recovery requires all recovery adapters
  ---
  duration_ms: 1.266562
  type: 'test'
  ...
# Subtest: nonempty recovery destination stops before provider creation and driver
ok 297 - nonempty recovery destination stops before provider creation and driver
  ---
  duration_ms: 1.509573
  type: 'test'
  ...
# Subtest: recovery rejects deployment identity getter before cloning or executing it
ok 298 - recovery rejects deployment identity getter before cloning or executing it
  ---
  duration_ms: 0.358382
  type: 'test'
  ...
# Subtest: initialized composition replays history once before store access and only submits accrue and settle
ok 299 - initialized composition replays history once before store access and only submits accrue and settle
  ---
  duration_ms: 3.718868
  type: 'test'
  ...
# Subtest: initialized publicCheck failure stops calls and cleans owned resources
ok 300 - initialized publicCheck failure stops calls and cleans owned resources
  ---
  duration_ms: 1.180151
  type: 'test'
  ...
# Subtest: initialized checkWallet failure stops calls and cleans owned resources
ok 301 - initialized checkWallet failure stops calls and cleans owned resources
  ---
  duration_ms: 0.912373
  type: 'test'
  ...
# Subtest: initialized preserveStore failure stops calls and cleans owned resources
ok 302 - initialized preserveStore failure stops calls and cleans owned resources
  ---
  duration_ms: 0.777702
  type: 'test'
  ...
# Subtest: initialized checkPrivate failure stops calls and cleans owned resources
ok 303 - initialized checkPrivate failure stops calls and cleans owned resources
  ---
  duration_ms: 1.02443
  type: 'test'
  ...
# Subtest: failed initialized historical deploy comparison prevents snapshot and providers
ok 304 - failed initialized historical deploy comparison prevents snapshot and providers
  ---
  duration_ms: 1.428849
  type: 'test'
  ...
# Subtest: failed initialized historical initialize comparison prevents snapshot and providers
ok 305 - failed initialized historical initialize comparison prevents snapshot and providers
  ---
  duration_ms: 0.932727
  type: 'test'
  ...
# Subtest: initialized actual store mismatch stops before setup
ok 306 - initialized actual store mismatch stops before setup
  ---
  duration_ms: 0.509032
  type: 'test'
  ...
# Subtest: initialized actual limits mismatch stops before setup
ok 307 - initialized actual limits mismatch stops before setup
  ---
  duration_ms: 3.011137
  type: 'test'
  ...
# Subtest: initialized actual role mismatch stops before setup
ok 308 - initialized actual role mismatch stops before setup
  ---
  duration_ms: 0.878072
  type: 'test'
  ...
# Subtest: initialized actual build mismatch stops before setup
ok 309 - initialized actual build mismatch stops before setup
  ---
  duration_ms: 0.483329
  type: 'test'
  ...
# Subtest: production rejects continuation adapters; source fixture requires every gate
ok 310 - production rejects continuation adapters; source fixture requires every gate
  ---
  duration_ms: 2.989213
  type: 'test'
  ...
# Subtest: initialized publicCheck requires its closed success result
ok 311 - initialized publicCheck requires its closed success result
  ---
  duration_ms: 1.48134
  type: 'test'
  ...
# Subtest: initialized preserveStore requires its closed success result
ok 312 - initialized preserveStore requires its closed success result
  ---
  duration_ms: 1.333785
  type: 'test'
  ...
# Subtest: initialized checkPrivate requires its closed success result
ok 313 - initialized checkPrivate requires its closed success result
  ---
  duration_ms: 1.918677
  type: 'test'
  ...
# Subtest: integration failure emits only a closed code and excludes unknown SDK text
ok 314 - integration failure emits only a closed code and excludes unknown SDK text
  ---
  duration_ms: 0.398974
  type: 'test'
  ...
# Subtest: actual production preflight failure survives durable launcher retention with its closed code
ok 315 - actual production preflight failure survives durable launcher retention with its closed code
  ---
  duration_ms: 0.922931
  type: 'test'
  ...
# Subtest: current and historical comparator allowances remain separate in each loan mode
ok 316 - current and historical comparator allowances remain separate in each loan mode
  ---
  duration_ms: 2.408329
  type: 'test'
  ...
# Subtest: control composes actual driver, observer/native decoder and comparator with source-only durable retention
ok 317 - control composes actual driver, observer/native decoder and comparator with source-only durable retention
  ---
  duration_ms: 148.505111
  type: 'test'
  ...
# Subtest: composed negative: wrong payer binding after durable deploy stops and preserves charged public failure evidence
ok 318 - composed negative: wrong payer binding after durable deploy stops and preserves charged public failure evidence
  ---
  duration_ms: 17.306318
  type: 'test'
  ...
# Subtest: composed negative: wrong indexed recipient in initialize stops and preserves charged public failure evidence
ok 319 - composed negative: wrong indexed recipient in initialize stops and preserves charged public failure evidence
  ---
  duration_ms: 31.730665
  type: 'test'
  ...
# Subtest: composed negative: deleted wire fee fields stops and preserves charged public failure evidence
ok 320 - composed negative: deleted wire fee fields stops and preserves charged public failure evidence
  ---
  duration_ms: 15.83412
  type: 'test'
  ...
# Subtest: composed negative: deleted observed fee fields stops and preserves charged public failure evidence
ok 321 - composed negative: deleted observed fee fields stops and preserves charged public failure evidence
  ---
  duration_ms: 16.920857
  type: 'test'
  ...
# Subtest: composed negative: understated native debit after actual observer stops and preserves charged public failure evidence
ok 322 - composed negative: understated native debit after actual observer stops and preserves charged public failure evidence
  ---
  duration_ms: 18.916238
  type: 'test'
  ...
# Subtest: composed negative: wrong native payer in settle observation stops and preserves charged public failure evidence
ok 323 - composed negative: wrong native payer in settle observation stops and preserves charged public failure evidence
  ---
  duration_ms: 66.583114
  type: 'test'
  ...
# Subtest: local actual observer/comparator composition enforces its admitted cumulative cap
ok 324 - local actual observer/comparator composition enforces its admitted cumulative cap
  ---
  duration_ms: 128.605229
  type: 'test'
  ...
# Subtest: literal handoff protocol constants and fixed event field order
ok 325 - literal handoff protocol constants and fixed event field order
  ---
  duration_ms: 1.650511
  type: 'test'
  ...
# Subtest: real nonce generation returns distinct 256-bit Buffers
ok 326 - real nonce generation returns distinct 256-bit Buffers
  ---
  duration_ms: 0.908369
  type: 'test'
  ...
# Subtest: raw nonce hex and its SHA-256 digest are distinct lowercase hex
ok 327 - raw nonce hex and its SHA-256 digest are distinct lowercase hex
  ---
  duration_ms: 0.66588
  type: 'test'
  ...
# Subtest: constant-time comparison handles fixed and mismatched lengths and rejects types
ok 328 - constant-time comparison handles fixed and mismatched lengths and rejects types
  ---
  duration_ms: 4.108914
  type: 'test'
  ...
# Subtest: closed handoff environment contains only the two authority-neutral transport values
ok 329 - closed handoff environment contains only the two authority-neutral transport values
  ---
  duration_ms: 1.236653
  type: 'test'
  ...
# Subtest: real runtime directory is forced to mode 0700 under a permissive umask
ok 330 - real runtime directory is forced to mode 0700 under a permissive umask
  ---
  duration_ms: 10.382153
  type: 'test'
  ...
# Subtest: real invocation socket is mode 0600 and exchanges bytes over AF_UNIX
ok 331 - real invocation socket is mode 0600 and exchanges bytes over AF_UNIX
  ---
  duration_ms: 10.862811
  type: 'test'
  ...
# Subtest: real proc stat parser reports this process parent and positive start ticks
ok 332 - real proc stat parser reports this process parent and positive start ticks
  ---
  duration_ms: 0.62528
  type: 'test'
  ...
# Subtest: bounded ancestry accepts descendants and rejects PID reuse, siblings, excess depth and vanished PIDs
ok 333 - bounded ancestry accepts descendants and rejects PID reuse, siblings, excess depth and vanished PIDs
  ---
  duration_ms: 0.479203
  type: 'test'
  ...
# Subtest: peer UID and boot ID comparisons validate types and compare exactly
ok 334 - peer UID and boot ID comparisons validate types and compare exactly
  ---
  duration_ms: 0.659999
  type: 'test'
  ...
# Subtest: missing Node SO_PEERCRED boundary fails loudly
ok 335 - missing Node SO_PEERCRED boundary fails loudly
  ---
  duration_ms: 0.37034
  type: 'test'
  ...
# Subtest: EOF classifiers return exact frozen outcomes without overwriting retained failure
ok 336 - EOF classifiers return exact frozen outcomes without overwriting retained failure
  ---
  duration_ms: 0.192245
  type: 'test'
  ...
# Subtest: invocation payload is closed, frozen, canonical and sensitive to every field
ok 337 - invocation payload is closed, frozen, canonical and sensitive to every field
  ---
  duration_ms: 2.990222
  type: 'test'
  ...
# Subtest: boot mismatch child check rejects a different real UUID and accepts the payload UUID
ok 338 - boot mismatch child check rejects a different real UUID and accepts the payload UUID
  ---
  duration_ms: 0.108497
  type: 'test'
  ...
# Subtest: denial force-closes a server socket that does not close after its final write
ok 339 - denial force-closes a server socket that does not close after its final write
  ---
  duration_ms: 251.627268
  type: 'test'
  ...
# Subtest: handoff happy path returns real peer observations and exact response
ok 340 - handoff happy path returns real peer observations and exact response
  ---
  duration_ms: 3.084058
  type: 'test'
  ...
# Subtest: handoff denies forged nonce in order
ok 341 - handoff denies forged nonce in order
  ---
  duration_ms: 1.518034
  type: 'test'
  ...
# Subtest: handoff denies wrong authority in order
ok 342 - handoff denies wrong authority in order
  ---
  duration_ms: 1.217414
  type: 'test'
  ...
# Subtest: handoff denies wrong reservation in order
ok 343 - handoff denies wrong reservation in order
  ---
  duration_ms: 3.25736
  type: 'test'
  ...
# Subtest: handoff denies stale store event in order
ok 344 - handoff denies stale store event in order
  ---
  duration_ms: 3.503282
  type: 'test'
  ...
# Subtest: different launcher PID ancestry denial precedes state confirmation and response
ok 345 - different launcher PID ancestry denial precedes state confirmation and response
  ---
  duration_ms: 1.029846
  type: 'test'
  ...
# Subtest: peer UID mismatch stops before PID ancestry and state checks
ok 346 - peer UID mismatch stops before PID ancestry and state checks
  ---
  duration_ms: 1.155237
  type: 'test'
  ...
# Subtest: boot mismatch records and returns its distinct denial before state confirmation
ok 347 - boot mismatch records and returns its distinct denial before state confirmation
  ---
  duration_ms: 2.422198
  type: 'test'
  ...
# Subtest: successful handshake is one-shot and a replay never answers before its denial record completes
ok 348 - successful handshake is one-shot and a replay never answers before its denial record completes
  ---
  duration_ms: 28.196497
  type: 'test'
  ...
# Subtest: EOF before setup refuses startup
ok 349 - EOF before setup refuses startup
  ---
  duration_ms: 3.034176
  type: 'test'
  ...
# Subtest: setup timeout without a connection resolves denial
ok 350 - setup timeout without a connection resolves denial
  ---
  duration_ms: 16.647746
  type: 'test'
  ...
# Subtest: malformed handshake JSON and missing fields deny without state work
ok 351 - malformed handshake JSON and missing fields deny without state work
  ---
  duration_ms: 3.531324
  type: 'test'
  ...
# Subtest: parent disappearance after startup classifies real channel EOF for retained and unknown outcomes
ok 352 - parent disappearance after startup classifies real channel EOF for retained and unknown outcomes
  ---
  duration_ms: 1.384043
  type: 'test'
  ...
# Subtest: server options are closed and require explicit peer credential retrieval
ok 353 - server options are closed and require explicit peer credential retrieval
  ---
  duration_ms: 0.557548
  type: 'test'
  ...
# Subtest: abort before any connection settles as HANDSHAKE_ABORTED, clears the setup timer and detaches the connection listener without a denial record
ok 354 - abort before any connection settles as HANDSHAKE_ABORTED, clears the setup timer and detaches the connection listener without a denial record
  ---
  duration_ms: 60.019769
  type: 'test'
  ...
# Subtest: abort during a pending replay clears the replay timer and records no late denial
ok 355 - abort during a pending replay clears the replay timer and records no late denial
  ---
  duration_ms: 89.384185
  type: 'test'
  ...
# Subtest: abort while state confirmation is outstanding starts no denial record and never answers
ok 356 - abort while state confirmation is outstanding starts no denial record and never answers
  ---
  duration_ms: 20.269492
  type: 'test'
  ...
# Subtest: an already-aborted signal settles immediately and a malformed signal is rejected
ok 357 - an already-aborted signal settles immediately and a malformed signal is rejected
  ---
  duration_ms: 0.658518
  type: 'test'
  ...
# Subtest: abort during an asynchronous response build returns HANDSHAKE_ABORTED and the late response is never written
ok 358 - abort during an asynchronous response build returns HANDSHAKE_ABORTED and the late response is never written
  ---
  duration_ms: 11.885893
  type: 'test'
  ...
# Subtest: setup timeout during an asynchronous response build denies and the late response is never written
ok 359 - setup timeout during an asynchronous response build denies and the late response is never written
  ---
  duration_ms: 33.061865
  type: 'test'
  ...
# Subtest: persistence bookkeeping counts a successful response write and a replay denial through record and write
ok 360 - persistence bookkeeping counts a successful response write and a replay denial through record and write
  ---
  duration_ms: 27.075503
  type: 'test'
  ...
# Subtest: abort with a replay denial record in flight leaves that record outstanding, then settles it without a denial write
ok 361 - abort with a replay denial record in flight leaves that record outstanding, then settles it without a denial write
  ---
  duration_ms: 12.659663
  type: 'test'
  ...
# Subtest: malformed persistence bookkeeping is rejected
ok 362 - malformed persistence bookkeeping is rejected
  ---
  duration_ms: 0.425568
  type: 'test'
  ...
# Subtest: closed local plan validates without opening secret paths
ok 363 - closed local plan validates without opening secret paths
  ---
  duration_ms: 1.145316
  type: 'test'
  ...
# Subtest: rejects remote endpoints, Preview, embedded secrets, unknown fields and unbounded limits
ok 364 - rejects remote endpoints, Preview, embedded secrets, unknown fields and unbounded limits
  ---
  duration_ms: 0.838479
  type: 'test'
  ...
# Subtest: private input reader rejects permissive files and symlinks without leaking contents
ok 365 - private input reader rejects permissive files and symlinks without leaking contents
  ---
  duration_ms: 0.829032
  type: 'test'
  ...
# Subtest: private input reader and CLI reject a FIFO without waiting for a writer
ok 366 - private input reader and CLI reject a FIFO without waiting for a writer
  ---
  duration_ms: 305.274827
  type: 'test'
  ...
# Subtest: event projection drops private fields and rejects unexpected event kinds
ok 367 - event projection drops private fields and rejects unexpected event kinds
  ---
  duration_ms: 0.866799
  type: 'test'
  ...
# Subtest: actual pinned launch SDK files satisfy source inspection without wallet construction
ok 368 - actual pinned launch SDK files satisfy source inspection without wallet construction
  ---
  duration_ms: 11.10502
  type: 'test'
  ...
# Subtest: CLI requires an explicit run, plan path and exact digest without echoing arguments
ok 369 - CLI requires an explicit run, plan path and exact digest without echoing arguments
  ---
  duration_ms: 40.477265
  type: 'test'
  ...
# Subtest: strict saved-state envelope rejects absent, null and incompatible restore data
ok 370 - strict saved-state envelope rejects absent, null and incompatible restore data
  ---
  duration_ms: 0.319856
  type: 'test'
  ...
# Subtest: real pinned API exports compose without constructing a wallet or key
ok 371 - real pinned API exports compose without constructing a wallet or key
  ---
  duration_ms: 1827.883142
  type: 'test'
  ...
# Subtest: public submission capture persists actual historical native bytes before inert submission and retains failure evidence
ok 372 - public submission capture persists actual historical native bytes before inert submission and retains failure evidence
  ---
  duration_ms: 47.824982
  type: 'test'
  ...
# Subtest: submission evidence storage failure prevents calling even an inert submitter
ok 373 - submission evidence storage failure prevents calling even an inert submitter
  ---
  duration_ms: 13.227274
  type: 'test'
  ...
# Subtest: complete reviewed public integration result preserves failed driver receipts, cleanup and finished comparison
ok 374 - complete reviewed public integration result preserves failed driver receipts, cleanup and finished comparison
  ---
  duration_ms: 2.050926
  type: 'test'
  ...
# Subtest: storage password preflight applies actual SDK policy before wallet work and emits only a closed error
ok 375 - storage password preflight applies actual SDK policy before wallet work and emits only a closed error
  ---
  duration_ms: 3.327749
  type: 'test'
  ...
# Subtest: closed recovery launch keeps original wallet and roles and permits exactly three submissions
ok 376 - closed recovery launch keeps original wallet and roles and permits exactly three submissions
  ---
  duration_ms: 1.865935
  type: 'test'
  ...
# Subtest: launcher rejects malformed diagnostic fields and accessors before durable retention
ok 377 - launcher rejects malformed diagnostic fields and accessors before durable retention
  ---
  duration_ms: 0.800482
  type: 'test'
  ...
# Subtest: initialized launch admits exactly two calls against the fixed existing store without private access
ok 378 - initialized launch admits exactly two calls against the fixed existing store without private access
  ---
  duration_ms: 0.628663
  type: 'test'
  ...
# Subtest: initialized launch rejects combined modes, replacement private state, identity and history changes
ok 379 - initialized launch rejects combined modes, replacement private state, identity and history changes
  ---
  duration_ms: 0.79044
  type: 'test'
  ...
# Subtest: public integration failure code is retained only as an allowlisted own data field on failure
ok 380 - public integration failure code is retained only as an allowlisted own data field on failure
  ---
  duration_ms: 0.500006
  type: 'test'
  ...
# Subtest: the observed 39-hour-old tip cannot reach wallet balancing
ok 381 - the observed 39-hour-old tip cannot reach wallet balancing
  ---
  duration_ms: 62.807827
  type: 'test'
  ...
# Subtest: fresh indexed block is checked against finalized node chain before each balance
ok 382 - fresh indexed block is checked against finalized node chain before each balance
  ---
  duration_ms: 1007.31512
  type: 'test'
  ...
# Subtest: future, mismatched, far-behind and invalid block observations fail closed
ok 383 - future, mismatched, far-behind and invalid block observations fail closed
  ---
  duration_ms: 183.05973
  type: 'test'
  ...
# Subtest: readiness retries only reads until the indexed tip becomes fresh
ok 384 - readiness retries only reads until the indexed tip becomes fresh
  ---
  duration_ms: 1005.104015
  type: 'test'
  ...
# Subtest: hung and oversized indexer responses stop within the shared deadline
ok 385 - hung and oversized indexer responses stop within the shared deadline
  ---
  duration_ms: 83.335706
  type: 'test'
  ...
# Subtest: local readiness rejects remote endpoints before fetching
ok 386 - local readiness rejects remote endpoints before fetching
  ---
  duration_ms: 0.623781
  type: 'test'
  ...
# Subtest: SDK second-query regression is rejected before returning a recipe for signing
ok 387 - SDK second-query regression is rejected before returning a recipe for signing
  ---
  duration_ms: 1.18251
  type: 'test'
  ...
# Subtest: actual rejected native transaction cannot reach another submission
ok 388 - actual rejected native transaction cannot reach another submission
  ---
  duration_ms: 75.954226
  type: 'test'
  ...
# Subtest: epoch millisecond timestamps use SDK units without accepting second-scale values
ok 389 - epoch millisecond timestamps use SDK units without accepting second-scale values
  ---
  duration_ms: 41.978646
  type: 'test'
  ...
# Subtest: slow proof and future native DUST time stop submission; recent native time passes
ok 390 - slow proof and future native DUST time stop submission; recent native time passes
  ---
  duration_ms: 3.716461
  type: 'test'
  ...
# Subtest: readiness retention crossing the deadline cannot start wallet balancing
ok 391 - readiness retention crossing the deadline cannot start wallet balancing
  ---
  duration_ms: 1.561514
  type: 'test'
  ...
# Subtest: recovery exact-finality readiness waits for matching head while ordinary readiness permits nearby blocks
ok 392 - recovery exact-finality readiness waits for matching head while ordinary readiness permits nearby blocks
  ---
  duration_ms: 37.703989
  type: 'test'
  ...
# Subtest: actual public preflight rejects wrong genesis after retained native and build checks without private access
ok 393 - actual public preflight rejects wrong genesis after retained native and build checks without private access
  ---
  duration_ms: 989.759882
  type: 'test'
  ...
# Subtest: preparation fixes the contract address before funding and submits the same transaction once
ok 394 - preparation fixes the contract address before funding and submits the same transaction once
  ---
  duration_ms: 29.606189
  type: 'test'
  ...
# Subtest: prepared deployment rejects changed constructor or private state before submission
ok 395 - prepared deployment rejects changed constructor or private state before submission
  ---
  duration_ms: 9.866549
  type: 'test'
  ...
# Subtest: submission failure is single-use and stores no successful deployment state
ok 396 - submission failure is single-use and stores no successful deployment state
  ---
  duration_ms: 3.167966
  type: 'test'
  ...
# Subtest: preparation verifies native deployment identity and retains an immutable byte snapshot
ok 397 - preparation verifies native deployment identity and retains an immutable byte snapshot
  ---
  duration_ms: 7.340017
  type: 'test'
  ...
# Subtest: loan synthetic layout and inert constructor composition remain nonexecutable
ok 398 - loan synthetic layout and inert constructor composition remain nonexecutable
  ---
  duration_ms: 270.197009
  type: 'test'
  ...
# Subtest: swap synthetic layout and inert constructor composition remain nonexecutable
ok 399 - swap synthetic layout and inert constructor composition remain nonexecutable
  ---
  duration_ms: 20.470304
  type: 'test'
  ...
# Subtest: synthetic receipts cannot use executable loader adapters or flipped proven flags
ok 400 - synthetic receipts cannot use executable loader adapters or flipped proven flags
  ---
  duration_ms: 5.376813
  type: 'test'
  ...
# Subtest: receipt binding rejects before module adapter
ok 401 - receipt binding rejects before module adapter
  ---
  duration_ms: 1.829527
  type: 'test'
  ...
# Subtest: stale sources rejects before module adapter
ok 402 - stale sources rejects before module adapter
  ---
  duration_ms: 6.108645
  type: 'test'
  ...
# Subtest: wrong case rejects before module adapter
ok 403 - wrong case rejects before module adapter
  ---
  duration_ms: 1.240358
  type: 'test'
  ...
# Subtest: skip-zk command rejects before module adapter
ok 404 - skip-zk command rejects before module adapter
  ---
  duration_ms: 12.601044
  type: 'test'
  ...
# Subtest: missing key rejects before module adapter
ok 405 - missing key rejects before module adapter
  ---
  duration_ms: 4.626633
  type: 'test'
  ...
# Subtest: wrong metadata rejects before module adapter
ok 406 - wrong metadata rejects before module adapter
  ---
  duration_ms: 4.003768
  type: 'test'
  ...
# Subtest: missing circuit rejects before module adapter
ok 407 - missing circuit rejects before module adapter
  ---
  duration_ms: 4.988882
  type: 'test'
  ...
# Subtest: unlisted asset rejects before module adapter
ok 408 - unlisted asset rejects before module adapter
  ---
  duration_ms: 3.555039
  type: 'test'
  ...
# Subtest: mutated asset rejects before module adapter
ok 409 - mutated asset rejects before module adapter
  ---
  duration_ms: 2.579529
  type: 'test'
  ...
# Subtest: unsafe path rejects before module adapter
ok 410 - unsafe path rejects before module adapter
  ---
  duration_ms: 1.346522
  type: 'test'
  ...
# Subtest: symlink asset rejects before module adapter
ok 411 - symlink asset rejects before module adapter
  ---
  duration_ms: 1.603224
  type: 'test'
  ...
# Subtest: new package import rejects before module adapter
ok 412 - new package import rejects before module adapter
  ---
  duration_ms: 13.594811
  type: 'test'
  ...
# Subtest: lazy import rejects before module adapter
ok 413 - lazy import rejects before module adapter
  ---
  duration_ms: 31.039798
  type: 'test'
  ...
# Subtest: source adapter exercises actual pinned protocol CompiledContract constructors without executable result
ok 414 - source adapter exercises actual pinned protocol CompiledContract constructors without executable result
  ---
  duration_ms: 472.290032
  type: 'test'
  ...
# Subtest: module adapter mutation is caught by complete post-composition reinspection
ok 415 - module adapter mutation is caught by complete post-composition reinspection
  ---
  duration_ms: 15.239878
  type: 'test'
  ...
# Subtest: literal prover lifetime constants and BigInt bounds remain anchored to outer start
ok 416 - literal prover lifetime constants and BigInt bounds remain anchored to outer start
  ---
  duration_ms: 1.355131
  type: 'test'
  ...
# Subtest: wrapper entry accepts only times strictly before the absolute latest start
ok 417 - wrapper entry accepts only times strictly before the absolute latest start
  ---
  duration_ms: 0.165743
  type: 'test'
  ...
# Subtest: wrapper deadline is the earlier of entry plus 1500 seconds and the control deadline
ok 418 - wrapper deadline is the earlier of entry plus 1500 seconds and the control deadline
  ---
  duration_ms: 0.550942
  type: 'test'
  ...
# Subtest: control record encoding is the exact six-line ASCII format and round trips canonically
ok 419 - control record encoding is the exact six-line ASCII format and round trips canonically
  ---
  duration_ms: 1.117732
  type: 'test'
  ...
# Subtest: control record encoder rejects every malformed field and unknown fields
ok 420 - control record encoder rejects every malformed field and unknown fields
  ---
  duration_ms: 0.704627
  type: 'test'
  ...
# Subtest: control record decoder rejects size, CR, framing, schema and malformed fields distinctly
ok 421 - control record decoder rejects size, CR, framing, schema and malformed fields distinctly
  ---
  duration_ms: 0.921083
  type: 'test'
  ...
# Subtest: clock identity compares boot ID and normalized namespace inode without I/O
ok 422 - clock identity compares boot ID and normalized namespace inode without I/O
  ---
  duration_ms: 0.252939
  type: 'test'
  ...
# Subtest: actual SDK queryContractState producer passes native balance extraction with its compact-runtime class
ok 423 - actual SDK queryContractState producer passes native balance extraction with its compact-runtime class
  ---
  duration_ms: 559.167129
  type: 'test'
  ...
# Subtest: constructs the actual SDK provider interfaces with account-scoped storage and proven asset path
ok 424 - constructs the actual SDK provider interfaces with account-scoped storage and proven asset path
  ---
  duration_ms: 4.294728
  type: 'test'
  ...
# Subtest: real pinned SDK constructors accept production options without storage or network operations
ok 425 - real pinned SDK constructors accept production options without storage or network operations
  ---
  duration_ms: 705.389496
  type: 'test'
  ...
# Subtest: production balance/sign/finalize/submit retains per-asset gross without subtracting refunds
ok 426 - production balance/sign/finalize/submit retains per-asset gross without subtracting refunds
  ---
  duration_ms: 96.165498
  type: 'test'
  ...
# Subtest: rejects malformed counters before wallet balance or signing
ok 427 - rejects malformed counters before wallet balance or signing
  ---
  duration_ms: 0.783966
  type: 'test'
  ...
# Subtest: unknown recipes and diagnostic transaction maps stop before signing or finalizing
ok 428 - unknown recipes and diagnostic transaction maps stop before signing or finalizing
  ---
  duration_ms: 18.714162
  type: 'test'
  ...
# Subtest: DUST registration is excluded before signing regardless of signature presence or fee authorization
ok 429 - DUST registration is excluded before signing regardless of signature presence or fee authorization
  ---
  duration_ms: 8.86013
  type: 'test'
  ...
# Subtest: wrong signatures reject before finalize; presence is insufficient
ok 430 - wrong signatures reject before finalize; presence is insufficient
  ---
  duration_ms: 17.332191
  type: 'test'
  ...
# Subtest: changed fallible output and extra finalized intent stop submission and retain reservation
ok 431 - changed fallible output and extra finalized intent stop submission and retain reservation
  ---
  duration_ms: 37.743568
  type: 'test'
  ...
# Subtest: submission only accepts issued unchanged transaction once
ok 432 - submission only accepts issued unchanged transaction once
  ---
  duration_ms: 18.368686
  type: 'test'
  ...
# Subtest: deadline during finalization stops all later effects and reports uncontained operation
ok 433 - deadline during finalization stops all later effects and reports uncontained operation
  ---
  duration_ms: 83.586416
  type: 'test'
  ...
# Subtest: inert ambiguous submit failure permanently stops provider and retains IDs
ok 434 - inert ambiguous submit failure permanently stops provider and retains IDs
  ---
  duration_ms: 29.141945
  type: 'test'
  ...
# Subtest: extra unshielded balancing transaction rejects despite admitted assets
ok 435 - extra unshielded balancing transaction rejects despite admitted assets
  ---
  duration_ms: 15.689932
  type: 'test'
  ...
# Subtest: unknown asset and exhausted submission cap reject before further wallet operations
ok 436 - unknown asset and exhausted submission cap reject before further wallet operations
  ---
  duration_ms: 38.043797
  type: 'test'
  ...
# Subtest: query deadline and explicit cleanup share the wallet stop latch
ok 437 - query deadline and explicit cleanup share the wallet stop latch
  ---
  duration_ms: 0.979971
  type: 'test'
  ...
# Subtest: actual wallet balance flags exclude shielded funding; pre-proof callers reject before balance
ok 438 - actual wallet balance flags exclude shielded funding; pre-proof callers reject before balance
  ---
  duration_ms: 35.187397
  type: 'test'
  ...
# Subtest: balancing recipe with unadmitted gross rejects before sign
ok 439 - balancing recipe with unadmitted gross rejects before sign
  ---
  duration_ms: 14.469823
  type: 'test'
  ...
# Subtest: durable allocation refuses absent/corrupt/reset state and mismatched limits
ok 440 - durable allocation refuses absent/corrupt/reset state and mismatched limits
  ---
  duration_ms: 1.077174
  type: 'test'
  ...
# Subtest: successful reconstruction preserves charges; failed finalization persists a stop and charges
ok 441 - successful reconstruction preserves charges; failed finalization persists a stop and charges
  ---
  duration_ms: 74.762637
  type: 'test'
  ...
# Subtest: shared file serializes allocation ownership and crash lock is never reset
ok 442 - shared file serializes allocation ownership and crash lock is never reset
  ---
  duration_ms: 20.534483
  type: 'test'
  ...
# Subtest: original snapshot rejects in-place changed recipient/value/action and added base intent before signing
ok 443 - original snapshot rejects in-place changed recipient/value/action and added base intent before signing
  ---
  duration_ms: 29.188622
  type: 'test'
  ...
# Subtest: permitted appended payer funding/change preserves original outputs and durably reserves before finalize
ok 444 - permitted appended payer funding/change preserves original outputs and durably reserves before finalize
  ---
  duration_ms: 30.53348
  type: 'test'
  ...
# Subtest: already constructed second provider reloads durable allowance before wallet effects
ok 445 - already constructed second provider reloads durable allowance before wallet effects
  ---
  duration_ms: 24.453413
  type: 'test'
  ...
# Subtest: execution binding captures wallet-derived payer and immutable endpoints but reads current SDK network
ok 446 - execution binding captures wallet-derived payer and immutable endpoints but reads current SDK network
  ---
  duration_ms: 0.668745
  type: 'test'
  ...
# Subtest: allocation binding rejects changed payer, network and allocation identity before wallet effects
ok 447 - allocation binding rejects changed payer, network and allocation identity before wallet effects
  ---
  duration_ms: 3.854044
  type: 'test'
  ...
# Subtest: observer reads actual initialized reserves from its exact-block native state, not empty separate index
ok 448 - observer reads actual initialized reserves from its exact-block native state, not empty separate index
  ---
  duration_ms: 189.281302
  type: 'test'
  ...
# Subtest: an unavailable separate balance projection cannot suppress complete native balances
ok 449 - an unavailable separate balance projection cannot suppress complete native balances
  ---
  duration_ms: 68.618794
  type: 'test'
  ...
# Subtest: observer rejects a plain object in place of native exact-block contract state
ok 450 - observer rejects a plain object in place of native exact-block contract state
  ---
  duration_ms: 57.265479
  type: 'test'
  ...
# Subtest: native byte decoder exposes signed owners and complete gross inputs and outputs
ok 451 - native byte decoder exposes signed owners and complete gross inputs and outputs
  ---
  duration_ms: 41.179422
  type: 'test'
  ...
# Subtest: native byte decoder rejects noncanonical bytes and missing input signatures
ok 452 - native byte decoder rejects noncanonical bytes and missing input signatures
  ---
  duration_ms: 18.660498
  type: 'test'
  ...
# Subtest: finality observer checks canonical block and queries state at the same block hash
ok 453 - finality observer checks canonical block and queries state at the same block hash
  ---
  duration_ms: 11.516958
  type: 'test'
  ...
# Subtest: observer traverses native deployment bytes with inert RPC and rejects financial observation corruption
ok 454 - observer traverses native deployment bytes with inert RPC and rejects financial observation corruption
  ---
  duration_ms: 38.028522
  type: 'test'
  ...
# Subtest: contract effect projection retains mints, contract IO and precise public payouts
ok 455 - contract effect projection retains mints, contract IO and precise public payouts
  ---
  duration_ms: 0.684907
  type: 'test'
  ...
# Subtest: historical DUST replay preserves unequal fee fields and exact indexed identifiers
ok 456 - historical DUST replay preserves unequal fee fields and exact indexed identifiers
  ---
  duration_ms: 68.710699
  type: 'test'
  ...
# Subtest: native decoder verifies signatures by exact input index and count
ok 457 - native decoder verifies signatures by exact input index and count
  ---
  duration_ms: 67.11696
  type: 'test'
  ...
# Subtest: actual guaranteed output origin matches the stopped indexer for a nonzero physical segment
ok 458 - actual guaranteed output origin matches the stopped indexer for a nonzero physical segment
  ---
  duration_ms: 45.885926
  type: 'test'
  ...
# Subtest: indexed initialization waits for later finality after one indexed watch
ok 459 - indexed initialization waits for later finality after one indexed watch
  ---
  duration_ms: 1022.930367
  type: 'test'
  ...
# Subtest: finality regression stops before state observation
ok 460 - finality regression stops before state observation
  ---
  duration_ms: 1019.008793
  type: 'test'
  ...
# Subtest: caller deadline stops pending finality without observing state or watching again
ok 461 - caller deadline stops pending finality without observing state or watching again
  ---
  duration_ms: 106.500764
  type: 'test'
  ...
# Subtest: fallible output origin retains its nonzero physical segment namespace
ok 462 - fallible output origin retains its nonzero physical segment namespace
  ---
  duration_ms: 6.500197
  type: 'test'
  ...
# Subtest: actual initialize owner crosses the Bech32m indexer boundary without changing native identity
ok 463 - actual initialize owner crosses the Bech32m indexer boundary without changing native identity
  ---
  duration_ms: 17.667694
  type: 'test'
  ...
# Subtest: indexed owner rejects noncanonical, malformed and cross-network address encodings
ok 464 - indexed owner rejects noncanonical, malformed and cross-network address encodings
  ---
  duration_ms: 107.923704
  type: 'test'
  ...
# Subtest: a canonical but unequal indexed owner fails full native output comparison
ok 465 - a canonical but unequal indexed owner fails full native output comparison
  ---
  duration_ms: 14.542979
  type: 'test'
  ...
# Subtest: explicit Preview receipt selection decodes both spent and created SDK owners
ok 466 - explicit Preview receipt selection decodes both spent and created SDK owners
  ---
  duration_ms: 19.588973
  type: 'test'
  ...
# Subtest: unsupported receipt owner network fails before any observation even with no indexed rows
ok 467 - unsupported receipt owner network fails before any observation even with no indexed rows
  ---
  duration_ms: 0.55878
  type: 'test'
  ...
# Subtest: recovery binds actual retained loan bytes, every identifier and original state without constructing a deployment
ok 468 - recovery binds actual retained loan bytes, every identifier and original state without constructing a deployment
  ---
  duration_ms: 82.046875
  type: 'test'
  ...
# Subtest: complete native state comparison rejects authority, operation-set and balance changes
ok 469 - complete native state comparison rejects authority, operation-set and balance changes
  ---
  duration_ms: 81.926824
  type: 'test'
  ...
# Subtest: recovery wallet gate requires strict sync, no pending or spent dust, and the full remaining cap
ok 470 - recovery wallet gate requires strict sync, no pending or spent dust, and the full remaining cap
  ---
  duration_ms: 48.54033
  type: 'test'
  ...
# Subtest: metadata gate checks entire real Level namespace and rejects additional state without leaking values
ok 471 - metadata gate checks entire real Level namespace and rejects additional state without leaking values
  ---
  duration_ms: 426.252331
  type: 'test'
  ...
# Subtest: public recovery gate verifies native receipt, canonical finality and whole current state through read-only interfaces
ok 472 - public recovery gate verifies native receipt, canonical finality and whole current state through read-only interfaces
  ---
  duration_ms: 70.901734
  type: 'test'
  ...
# Subtest: public recovery gate stops on nonfinality, changed current state, receipt mismatch or stale tip
ok 473 - public recovery gate stops on nonfinality, changed current state, receipt mismatch or stale tip
  ---
  duration_ms: 40123.131337
  type: 'test'
  ...
# Subtest: closed known recovery plan returns an independent identity and reads only retained public inputs
ok 474 - closed known recovery plan returns an independent identity and reads only retained public inputs
  ---
  duration_ms: 12.260336
  type: 'test'
  ...
# Subtest: closed recovery plan rejects unknown field
ok 475 - closed recovery plan rejects unknown field
  ---
  duration_ms: 0.220501
  type: 'test'
  ...
# Subtest: closed recovery plan rejects symbol field
ok 476 - closed recovery plan rejects symbol field
  ---
  duration_ms: 0.126951
  type: 'test'
  ...
# Subtest: closed recovery plan rejects hidden field
ok 477 - closed recovery plan rejects hidden field
  ---
  duration_ms: 0.191769
  type: 'test'
  ...
# Subtest: closed recovery plan rejects prototype
ok 478 - closed recovery plan rejects prototype
  ---
  duration_ms: 0.101137
  type: 'test'
  ...
# Subtest: closed recovery plan rejects getter
ok 479 - closed recovery plan rejects getter
  ---
  duration_ms: 0.097136
  type: 'test'
  ...
# Subtest: closed recovery plan rejects swap
ok 480 - closed recovery plan rejects swap
  ---
  duration_ms: 0.069706
  type: 'test'
  ...
# Subtest: closed recovery plan rejects four submissions
ok 481 - closed recovery plan rejects four submissions
  ---
  duration_ms: 0.079093
  type: 'test'
  ...
# Subtest: closed recovery plan rejects source allocation
ok 482 - closed recovery plan rejects source allocation
  ---
  duration_ms: 0.070317
  type: 'test'
  ...
# Subtest: closed recovery plan rejects reused allocation
ok 483 - closed recovery plan rejects reused allocation
  ---
  duration_ms: 0.109448
  type: 'test'
  ...
# Subtest: closed recovery plan rejects source digest
ok 484 - closed recovery plan rejects source digest
  ---
  duration_ms: 0.08512
  type: 'test'
  ...
# Subtest: closed recovery plan rejects address
ok 485 - closed recovery plan rejects address
  ---
  duration_ms: 0.067542
  type: 'test'
  ...
# Subtest: closed recovery plan rejects identifier order
ok 486 - closed recovery plan rejects identifier order
  ---
  duration_ms: 0.05447
  type: 'test'
  ...
# Subtest: closed recovery plan rejects hash instead of identifier
ok 487 - closed recovery plan rejects hash instead of identifier
  ---
  duration_ms: 0.051385
  type: 'test'
  ...
# Subtest: closed recovery plan rejects build
ok 488 - closed recovery plan rejects build
  ---
  duration_ms: 0.052492
  type: 'test'
  ...
# Subtest: closed recovery plan rejects network
ok 489 - closed recovery plan rejects network
  ---
  duration_ms: 0.076279
  type: 'test'
  ...
# Subtest: closed recovery plan rejects protocol
ok 490 - closed recovery plan rejects protocol
  ---
  duration_ms: 0.097064
  type: 'test'
  ...
# Subtest: closed recovery plan rejects relative path
ok 491 - closed recovery plan rejects relative path
  ---
  duration_ms: 0.075713
  type: 'test'
  ...
# Subtest: closed recovery plan rejects parent path
ok 492 - closed recovery plan rejects parent path
  ---
  duration_ms: 0.058914
  type: 'test'
  ...
# Subtest: closed recovery plan rejects wrong source store
ok 493 - closed recovery plan rejects wrong source store
  ---
  duration_ms: 0.06028
  type: 'test'
  ...
# Subtest: closed recovery plan rejects wrong roles
ok 494 - closed recovery plan rejects wrong roles
  ---
  duration_ms: 0.057472
  type: 'test'
  ...
# Subtest: closed recovery plan rejects wrong destination
ok 495 - closed recovery plan rejects wrong destination
  ---
  duration_ms: 0.068637
  type: 'test'
  ...
# Subtest: closed recovery plan rejects same inspection
ok 496 - closed recovery plan rejects same inspection
  ---
  duration_ms: 0.108768
  type: 'test'
  ...
# Subtest: closed recovery plan rejects nested inspection
ok 497 - closed recovery plan rejects nested inspection
  ---
  duration_ms: 0.076005
  type: 'test'
  ...
# Subtest: closed recovery plan rejects parent inspection
ok 498 - closed recovery plan rejects parent inspection
  ---
  duration_ms: 0.059214
  type: 'test'
  ...
# Subtest: closed recovery plan rejects old password
ok 499 - closed recovery plan rejects old password
  ---
  duration_ms: 0.081479
  type: 'test'
  ...
# Subtest: closed recovery plan rejects old output
ok 500 - closed recovery plan rejects old output
  ---
  duration_ms: 0.059618
  type: 'test'
  ...
# Subtest: public input reads reject tampered bytes, source result and symlink paths
ok 501 - public input reads reject tampered bytes, source result and symlink paths
  ---
  duration_ms: 81.57522
  type: 'test'
  ...
# Subtest: unminted private restore results fail before any provider access
ok 502 - unminted private restore results fail before any provider access
  ---
  duration_ms: 0.405326
  type: 'test'
  ...
# Subtest: recovery detects later finalized state transition after prefetched tip
ok 503 - recovery detects later finalized state transition after prefetched tip
  ---
  duration_ms: 41.973246
  type: 'test'
  ...
# Subtest: later finalized head with unchanged constructor state passes after final head recheck
ok 504 - later finalized head with unchanged constructor state passes after final head recheck
  ---
  duration_ms: 45.729734
  type: 'test'
  ...
# Subtest: recovery rejects finalized head movement across current state query
ok 505 - recovery rejects finalized head movement across current state query
  ---
  duration_ms: 1051.352832
  type: 'test'
  ...
# Subtest: earlier one-block indexed lag must catch up before latest-state observation
ok 506 - earlier one-block indexed lag must catch up before latest-state observation
  ---
  duration_ms: 43.103565
  type: 'test'
  ...
# Subtest: indexed tip ahead of fresh finalized head is rejected
ok 507 - indexed tip ahead of fresh finalized head is rejected
  ---
  duration_ms: 27.357689
  type: 'test'
  ...
# Subtest: indexed tip outside two-block bound or not canonical is rejected
ok 508 - indexed tip outside two-block bound or not canonical is rejected
  ---
  duration_ms: 43.833377
  type: 'test'
  ...
# Subtest: recovery reads latest state when the finalized head has no contract action
ok 509 - recovery reads latest state when the finalized head has no contract action
  ---
  duration_ms: 44.765777
  type: 'test'
  ...
# Subtest: latest state is rejected when indexed coverage is behind current finality
ok 510 - latest state is rejected when indexed coverage is behind current finality
  ---
  duration_ms: 28.030245
  type: 'test'
  ...
# Subtest: latest state is rejected when indexer coverage changes during observation
ok 511 - latest state is rejected when indexer coverage changes during observation
  ---
  duration_ms: 1046.787229
  type: 'test'
  ...
# Subtest: one forward head advance between indexed sample and node read is sampled again before private recovery
ok 512 - one forward head advance between indexed sample and node read is sampled again before private recovery
  ---
  duration_ms: 1045.83882
  type: 'test'
  ...
# Subtest: persistent forward movement is rejected within the existing initial-tip bound
ok 513 - persistent forward movement is rejected within the existing initial-tip bound
  ---
  duration_ms: 1029.865271
  type: 'test'
  ...
# Subtest: same-height conflicting coverage is fatal without sampling again
ok 514 - same-height conflicting coverage is fatal without sampling again
  ---
  duration_ms: 27.801765
  type: 'test'
  ...
# Subtest: sampling passes its bounded deadline into the reader and does not retry provider failure
ok 515 - sampling passes its bounded deadline into the reader and does not retry provider failure
  ---
  duration_ms: 29.233709
  type: 'test'
  ...
# Subtest: a finalized snapshot regressing after an observed advance is fatal
ok 516 - a finalized snapshot regressing after an observed advance is fatal
  ---
  duration_ms: 1028.064726
  type: 'test'
  ...
# Subtest: actual SDK decoded coin wrappers reject a retained spent input in available or pending coins
ok 517 - actual SDK decoded coin wrappers reject a retained spent input in available or pending coins
  ---
  duration_ms: 231.922216
  type: 'test'
  ...
# Subtest: wallet coin identity rejects flattened and malformed wrappers
ok 518 - wallet coin identity rejects flattened and malformed wrappers
  ---
  duration_ms: 11.265144
  type: 'test'
  ...
# Subtest: initialized public gate observes each historical transaction once and verifies complete initialized snapshot
ok 519 - initialized public gate observes each historical transaction once and verifies complete initialized snapshot
  ---
  duration_ms: 98.857707
  type: 'test'
  ...
# Subtest: initialized public gate rejects changed initialize bytes
ok 520 - initialized public gate rejects changed initialize bytes
  ---
  duration_ms: 20.719587
  type: 'test'
  ...
# Subtest: initialized public gate rejects wrong initialize identifier
ok 521 - initialized public gate rejects wrong initialize identifier
  ---
  duration_ms: 50.99869
  type: 'test'
  ...
# Subtest: initialized public gate rejects wrong initialize hash
ok 522 - initialized public gate rejects wrong initialize hash
  ---
  duration_ms: 50.93338
  type: 'test'
  ...
# Subtest: initialized public gate rejects wrong origin
ok 523 - initialized public gate rejects wrong origin
  ---
  duration_ms: 50.982683
  type: 'test'
  ...
# Subtest: initialized public gate rejects failed initialize status
ok 524 - initialized public gate rejects failed initialize status
  ---
  duration_ms: 44.413181
  type: 'test'
  ...
# Subtest: initialized public gate rejects failed initialize segment
ok 525 - initialized public gate rejects failed initialize segment
  ---
  duration_ms: 52.38647
  type: 'test'
  ...
# Subtest: initialized public gate rejects wrong initialize block identity
ok 526 - initialized public gate rejects wrong initialize block identity
  ---
  duration_ms: 52.146497
  type: 'test'
  ...
# Subtest: initialized public gate rejects wrong protocol
ok 527 - initialized public gate rejects wrong protocol
  ---
  duration_ms: 33.452058
  type: 'test'
  ...
# Subtest: initialized public gate rejects stale prefetched time
ok 528 - initialized public gate rejects stale prefetched time
  ---
  duration_ms: 33.021265
  type: 'test'
  ...
# Subtest: initialized public gate rejects not canonical deployment
ok 529 - initialized public gate rejects not canonical deployment
  ---
  duration_ms: 38.439425
  type: 'test'
  ...
# Subtest: initialized public gate rejects not canonical initialize
ok 530 - initialized public gate rejects not canonical initialize
  ---
  duration_ms: 51.566317
  type: 'test'
  ...
# Subtest: initialized public gate rejects wrong complete deploy state
ok 531 - initialized public gate rejects wrong complete deploy state
  ---
  duration_ms: 63.507905
  type: 'test'
  ...
# Subtest: initialized public gate rejects wrong complete initialize state
ok 532 - initialized public gate rejects wrong complete initialize state
  ---
  duration_ms: 67.213365
  type: 'test'
  ...
# Subtest: initialized public gate rejects wrong complete latest state
ok 533 - initialized public gate rejects wrong complete latest state
  ---
  duration_ms: 68.085935
  type: 'test'
  ...
# Subtest: initialized public gate samples forward movement without repeating history watches
ok 534 - initialized public gate samples forward movement without repeating history watches
  ---
  duration_ms: 1072.582638
  type: 'test'
  ...
# Subtest: initialized public gate stops on current snapshot provider error or same-height reorg
ok 535 - initialized public gate stops on current snapshot provider error or same-height reorg
  ---
  duration_ms: 103.157054
  type: 'test'
  ...
# Subtest: initialized public gate times out rather than treating indexed inclusion as finality
ok 536 - initialized public gate times out rather than treating indexed inclusion as finality
  ---
  duration_ms: 188.907179
  type: 'test'
  ...
# Subtest: metadata-only copied namespace passes with original bytes preserved and closed public result
ok 537 - metadata-only copied namespace passes with original bytes preserved and closed public result
  ---
  duration_ms: 117.554018
  type: 'test'
  ...
# Subtest: unknown root entry rejects and retains copied evidence without changing original
ok 538 - unknown root entry rejects and retains copied evidence without changing original
  ---
  duration_ms: 3.630843
  type: 'test'
  ...
# Subtest: same path and nested paths reject before modification
ok 539 - same path and nested paths reject before modification
  ---
  duration_ms: 2.50309
  type: 'test'
  ...
# Subtest: existing destination is never reused
ok 540 - existing destination is never reused
  ---
  duration_ms: 2.689855
  type: 'test'
  ...
# Subtest: symlink source, ancestor and file reject
ok 541 - symlink source, ancestor and file reject
  ---
  duration_ms: 2.11104
  type: 'test'
  ...
# Subtest: nonprivate directory and file reject
ok 542 - nonprivate directory and file reject
  ---
  duration_ms: 1.437789
  type: 'test'
  ...
# Subtest: wrong account rejects and preserves copy
ok 543 - wrong account rejects and preserves copy
  ---
  duration_ms: 2.599686
  type: 'test'
  ...
# Subtest: oversized file rejects before copy
ok 544 - oversized file rejects before copy
  ---
  duration_ms: 10.588567
  type: 'test'
  ...
# Subtest: unreadable Level copy is retained
ok 545 - unreadable Level copy is retained
  ---
  duration_ms: 5.916034
  type: 'test'
  ...
# Subtest: file count bound rejects before allocating inspection copy
ok 546 - file count bound rejects before allocating inspection copy
  ---
  duration_ms: 2.07967
  type: 'test'
  ...
# Subtest: metadata evidence filename collision retains exclusive copy on failure
ok 547 - metadata evidence filename collision retains exclusive copy on failure
  ---
  duration_ms: 5.061404
  type: 'test'
  ...
# Subtest: private-state and signing-key entries reject
ok 548 - private-state and signing-key entries reject
  ---
  duration_ms: 9.816918
  type: 'test'
  ...
# Subtest: metadata with unexpected shape rejects without disclosing contents
ok 549 - metadata with unexpected shape rejects without disclosing contents
  ---
  duration_ms: 3.912354
  type: 'test'
  ...
# Subtest: empty private recovery destination returns true without creating files
ok 550 - empty private recovery destination returns true without creating files
  ---
  duration_ms: 1.196624
  type: 'test'
  ...
# Subtest: nonempty recovery destination rejects and preserves records
ok 551 - nonempty recovery destination rejects and preserves records
  ---
  duration_ms: 1.603917
  type: 'test'
  ...
# Subtest: empty destination rejects symlink and symlink ancestor
ok 552 - empty destination rejects symlink and symlink ancestor
  ---
  duration_ms: 1.152776
  type: 'test'
  ...
# Subtest: empty destination rejects loose permissions and relative paths
ok 553 - empty destination rejects loose permissions and relative paths
  ---
  duration_ms: 0.952378
  type: 'test'
  ...
# Subtest: initialized store accepts actual SDK v2 namespace through separate inspection, preserving original and raw snapshot
ok 554 - initialized store accepts actual SDK v2 namespace through separate inspection, preserving original and raw snapshot
  ---
  duration_ms: 488.296098
  type: 'test'
  ...
# Subtest: initialized inspection rejects missing, extra, plaintext, v1, mismatched-salt and malformed metadata without modifying source or snapshot
ok 555 - initialized inspection rejects missing, extra, plaintext, v1, mismatched-salt and malformed metadata without modifying source or snapshot
  ---
  duration_ms: 1215.263302
  type: 'test'
  ...
# Subtest: initialized copies reject reuse, overlaps, symlinks and loose permissions
ok 556 - initialized copies reject reuse, overlaps, symlinks and loose permissions
  ---
  duration_ms: 150.200807
  type: 'test'
  ...
# Subtest: source and raw snapshot mutations during inspection are detected and retained
ok 557 - source and raw snapshot mutations during inspection are detected and retained
  ---
  duration_ms: 304.2203
  type: 'test'
  ...
# Subtest: loan exact custody arguments and hints pass every comparison before next call
ok 558 - loan exact custody arguments and hints pass every comparison before next call
  ---
  duration_ms: 4.305624
  type: 'test'
  ...
# Subtest: swap exact custody arguments and hints pass every comparison before next call
ok 559 - swap exact custody arguments and hints pass every comparison before next call
  ---
  duration_ms: 1.260035
  type: 'test'
  ...
# Subtest: returned comparator failure false stops before next SDK call
ok 560 - returned comparator failure false stops before next SDK call
  ---
  duration_ms: 1.320244
  type: 'test'
  ...
# Subtest: returned comparator failure undefined stops before next SDK call
ok 561 - returned comparator failure undefined stops before next SDK call
  ---
  duration_ms: 0.336565
  type: 'test'
  ...
# Subtest: returned comparator failure {"status":"Rejected"} stops before next SDK call
ok 562 - returned comparator failure {"status":"Rejected"} stops before next SDK call
  ---
  duration_ms: 0.230797
  type: 'test'
  ...
# Subtest: returned comparator failure {"status":"FAIL"} stops before next SDK call
ok 563 - returned comparator failure {"status":"FAIL"} stops before next SDK call
  ---
  duration_ms: 0.180674
  type: 'test'
  ...
# Subtest: thrown comparator error retains observed ID and cleans up
ok 564 - thrown comparator error retains observed ID and cleans up
  ---
  duration_ms: 0.288854
  type: 'test'
  ...
# Subtest: preflight mismatch prevents deployment but cleans up owned provider
ok 565 - preflight mismatch prevents deployment but cleans up owned provider
  ---
  duration_ms: 0.3133
  type: 'test'
  ...
# Subtest: preflight mismatch prevents deployment but cleans up owned provider
ok 566 - preflight mismatch prevents deployment but cleans up owned provider
  ---
  duration_ms: 0.234691
  type: 'test'
  ...
# Subtest: preflight mismatch prevents deployment but cleans up owned provider
ok 567 - preflight mismatch prevents deployment but cleans up owned provider
  ---
  duration_ms: 0.263737
  type: 'test'
  ...
# Subtest: preflight mismatch prevents deployment but cleans up owned provider
ok 568 - preflight mismatch prevents deployment but cleans up owned provider
  ---
  duration_ms: 0.181363
  type: 'test'
  ...
# Subtest: preflight mismatch prevents deployment but cleans up owned provider
ok 569 - preflight mismatch prevents deployment but cleans up owned provider
  ---
  duration_ms: 0.151463
  type: 'test'
  ...
# Subtest: preflight mismatch prevents deployment but cleans up owned provider
ok 570 - preflight mismatch prevents deployment but cleans up owned provider
  ---
  duration_ms: 0.107006
  type: 'test'
  ...
# Subtest: network identity changed after deploy blocks the next SDK stage
ok 571 - network identity changed after deploy blocks the next SDK stage
  ---
  duration_ms: 0.525194
  type: 'test'
  ...
# Subtest: incomplete cleanup cannot yield driver PASS
ok 572 - incomplete cleanup cannot yield driver PASS
  ---
  duration_ms: 0.654941
  type: 'test'
  ...
# Subtest: incomplete cleanup cannot yield driver PASS
ok 573 - incomplete cleanup cannot yield driver PASS
  ---
  duration_ms: 0.214747
  type: 'test'
  ...
# Subtest: cleanup rejection preserves the primary failure and provider-known identifiers
ok 574 - cleanup rejection preserves the primary failure and provider-known identifiers
  ---
  duration_ms: 0.290713
  type: 'test'
  ...
# Subtest: observation failure keeps SDK ID and never invokes comparator or next call
ok 575 - observation failure keeps SDK ID and never invokes comparator or next call
  ---
  duration_ms: 0.604027
  type: 'test'
  ...
# Subtest: recovered loan observes historical deployment once then submits exactly three calls
ok 576 - recovered loan observes historical deployment once then submits exactly three calls
  ---
  duration_ms: 1.474412
  type: 'test'
  ...
# Subtest: malformed recovery identity fails before observations or SDK calls
ok 577 - malformed recovery identity fails before observations or SDK calls
  ---
  duration_ms: 0.29554
  type: 'test'
  ...
# Subtest: malformed recovery identity fails before observations or SDK calls
ok 578 - malformed recovery identity fails before observations or SDK calls
  ---
  duration_ms: 0.130705
  type: 'test'
  ...
# Subtest: malformed recovery identity fails before observations or SDK calls
ok 579 - malformed recovery identity fails before observations or SDK calls
  ---
  duration_ms: 0.108593
  type: 'test'
  ...
# Subtest: malformed recovery identity fails before observations or SDK calls
ok 580 - malformed recovery identity fails before observations or SDK calls
  ---
  duration_ms: 0.091926
  type: 'test'
  ...
# Subtest: malformed recovery identity fails before observations or SDK calls
ok 581 - malformed recovery identity fails before observations or SDK calls
  ---
  duration_ms: 0.097578
  type: 'test'
  ...
# Subtest: malformed recovery identity fails before observations or SDK calls
ok 582 - malformed recovery identity fails before observations or SDK calls
  ---
  duration_ms: 0.171114
  type: 'test'
  ...
# Subtest: malformed recovery identity fails before observations or SDK calls
ok 583 - malformed recovery identity fails before observations or SDK calls
  ---
  duration_ms: 0.130008
  type: 'test'
  ...
# Subtest: malformed recovery identity fails before observations or SDK calls
ok 584 - malformed recovery identity fails before observations or SDK calls
  ---
  duration_ms: 0.205029
  type: 'test'
  ...
# Subtest: malformed recovery identity fails before observations or SDK calls
ok 585 - malformed recovery identity fails before observations or SDK calls
  ---
  duration_ms: 0.296761
  type: 'test'
  ...
# Subtest: malformed recovery identity fails before observations or SDK calls
ok 586 - malformed recovery identity fails before observations or SDK calls
  ---
  duration_ms: 0.14792
  type: 'test'
  ...
# Subtest: malformed recovery identity fails before observations or SDK calls
ok 587 - malformed recovery identity fails before observations or SDK calls
  ---
  duration_ms: 0.15428
  type: 'test'
  ...
# Subtest: malformed recovery identity fails before observations or SDK calls
ok 588 - malformed recovery identity fails before observations or SDK calls
  ---
  duration_ms: 0.110867
  type: 'test'
  ...
# Subtest: malformed recovery identity fails before observations or SDK calls
ok 589 - malformed recovery identity fails before observations or SDK calls
  ---
  duration_ms: 0.116208
  type: 'test'
  ...
# Subtest: malformed recovery identity fails before observations or SDK calls
ok 590 - malformed recovery identity fails before observations or SDK calls
  ---
  duration_ms: 0.105227
  type: 'test'
  ...
# Subtest: recovery rejects accessors without invoking them
ok 591 - recovery rejects accessors without invoking them
  ---
  duration_ms: 0.23896
  type: 'test'
  ...
# Subtest: swap recovery is rejected before deployment or observation
ok 592 - swap recovery is rejected before deployment or observation
  ---
  duration_ms: 0.163028
  type: 'test'
  ...
# Subtest: historical recovery FAIL stops all calls and retains public identity
ok 593 - historical recovery FAIL stops all calls and retains public identity
  ---
  duration_ms: 0.345868
  type: 'test'
  ...
# Subtest: historical recovery throw stops all calls and retains public identity
ok 594 - historical recovery throw stops all calls and retains public identity
  ---
  duration_ms: 0.346769
  type: 'test'
  ...
# Subtest: historical recovery observe stops all calls and retains public identity
ok 595 - historical recovery observe stops all calls and retains public identity
  ---
  duration_ms: 0.211169
  type: 'test'
  ...
# Subtest: recovery identity is captured before asynchronous binding checks
ok 596 - recovery identity is captured before asynchronous binding checks
  ---
  duration_ms: 0.335385
  type: 'test'
  ...
# Subtest: recovered loan cannot pass with incomplete containment
ok 597 - recovered loan cannot pass with incomplete containment
  ---
  duration_ms: 0.542217
  type: 'test'
  ...
# Subtest: public failure retains a known observer code and closed phase without SDK details
ok 598 - public failure retains a known observer code and closed phase without SDK details
  ---
  duration_ms: 0.353163
  type: 'test'
  ...
# Subtest: public failure never copies an unknown SDK message or object
ok 599 - public failure never copies an unknown SDK message or object
  ---
  duration_ms: 3.125699
  type: 'test'
  ...
# Subtest: launcher durably retains actual driver failure: NOT_FINALIZED
ok 600 - launcher durably retains actual driver failure: NOT_FINALIZED
  ---
  duration_ms: 4.940004
  type: 'test'
  ...
# Subtest: launcher durably retains actual driver failure: PRIVATE_SDK_FAILURE
ok 601 - launcher durably retains actual driver failure: PRIVATE_SDK_FAILURE
  ---
  duration_ms: 3.37445
  type: 'test'
  ...
# Subtest: fixed initialized loan compares both histories once then calls only accrue and settle
ok 602 - fixed initialized loan compares both histories once then calls only accrue and settle
  ---
  duration_ms: 1.188367
  type: 'test'
  ...
# Subtest: failed historical deploy comparison prevents continuation calls
ok 603 - failed historical deploy comparison prevents continuation calls
  ---
  duration_ms: 0.364502
  type: 'test'
  ...
# Subtest: failed historical initialize comparison prevents continuation calls
ok 604 - failed historical initialize comparison prevents continuation calls
  ---
  duration_ms: 0.225312
  type: 'test'
  ...
# Subtest: initialized driver rejects combined modes and altered fixed history before SDK calls
ok 605 - initialized driver rejects combined modes and altered fixed history before SDK calls
  ---
  duration_ms: 0.653213
  type: 'test'
  ...
# Subtest: fresh local four-stage completion does not require external containment
ok 606 - fresh local four-stage completion does not require external containment
  ---
  duration_ms: 0.291583
  type: 'test'
  ...
# Subtest: fixed swap mint matches an actual SDK decoded available coin, without authority claims
ok 607 - fixed swap mint matches an actual SDK decoded available coin, without authority claims
  ---
  duration_ms: 5.637937
  type: 'test'
  ...
# Subtest: swap mint gate rejects missing receipt
ok 608 - swap mint gate rejects missing receipt
  ---
  duration_ms: 0.944267
  type: 'test'
  ...
# Subtest: swap mint gate rejects wrong stage
ok 609 - swap mint gate rejects wrong stage
  ---
  duration_ms: 0.402115
  type: 'test'
  ...
# Subtest: swap mint gate rejects wrong tx hash
ok 610 - swap mint gate rejects wrong tx hash
  ---
  duration_ms: 0.47938
  type: 'test'
  ...
# Subtest: swap mint gate rejects missing id
ok 611 - swap mint gate rejects missing id
  ---
  duration_ms: 0.361222
  type: 'test'
  ...
# Subtest: swap mint gate rejects unfinalized metadata
ok 612 - swap mint gate rejects unfinalized metadata
  ---
  duration_ms: 0.341727
  type: 'test'
  ...
# Subtest: swap mint gate rejects wrong protocol
ok 613 - swap mint gate rejects wrong protocol
  ---
  duration_ms: 0.364348
  type: 'test'
  ...
# Subtest: swap mint gate rejects missing mint
ok 614 - swap mint gate rejects missing mint
  ---
  duration_ms: 0.339233
  type: 'test'
  ...
# Subtest: swap mint gate rejects extra mint
ok 615 - swap mint gate rejects extra mint
  ---
  duration_ms: 0.294287
  type: 'test'
  ...
# Subtest: swap mint gate rejects native input
ok 616 - swap mint gate rejects native input
  ---
  duration_ms: 0.358447
  type: 'test'
  ...
# Subtest: swap mint gate rejects wrong action
ok 617 - swap mint gate rejects wrong action
  ---
  duration_ms: 0.250151
  type: 'test'
  ...
# Subtest: swap mint gate rejects wrong contract
ok 618 - swap mint gate rejects wrong contract
  ---
  duration_ms: 0.272803
  type: 'test'
  ...
# Subtest: swap mint gate rejects wrong physical segment
ok 619 - swap mint gate rejects wrong physical segment
  ---
  duration_ms: 0.198133
  type: 'test'
  ...
# Subtest: swap mint gate rejects wrong native section
ok 620 - swap mint gate rejects wrong native section
  ---
  duration_ms: 0.18015
  type: 'test'
  ...
# Subtest: swap mint gate rejects wrong native index
ok 621 - swap mint gate rejects wrong native index
  ---
  duration_ms: 0.153664
  type: 'test'
  ...
# Subtest: swap mint gate rejects wrong native owner
ok 622 - swap mint gate rejects wrong native owner
  ---
  duration_ms: 0.160687
  type: 'test'
  ...
# Subtest: swap mint gate rejects wrong native type
ok 623 - swap mint gate rejects wrong native type
  ---
  duration_ms: 0.166323
  type: 'test'
  ...
# Subtest: swap mint gate rejects wrong native value
ok 624 - swap mint gate rejects wrong native value
  ---
  duration_ms: 0.15415
  type: 'test'
  ...
# Subtest: swap mint gate rejects malformed native origin
ok 625 - swap mint gate rejects malformed native origin
  ---
  duration_ms: 0.160609
  type: 'test'
  ...
# Subtest: swap mint gate rejects same roles
ok 626 - swap mint gate rejects same roles
  ---
  duration_ms: 0.226356
  type: 'test'
  ...
# Subtest: swap mint gate rejects same assets
ok 627 - swap mint gate rejects same assets
  ---
  duration_ms: 0.153751
  type: 'test'
  ...
# Subtest: swap mint gate rejects disconnected shielded
ok 628 - swap mint gate rejects disconnected shielded
  ---
  duration_ms: 0.161088
  type: 'test'
  ...
# Subtest: swap mint gate rejects incomplete unshielded
ok 629 - swap mint gate rejects incomplete unshielded
  ---
  duration_ms: 0.172567
  type: 'test'
  ...
# Subtest: swap mint gate rejects missing dust progress
ok 630 - swap mint gate rejects missing dust progress
  ---
  duration_ms: 0.13916
  type: 'test'
  ...
# Subtest: swap mint gate rejects pending dust
ok 631 - swap mint gate rejects pending dust
  ---
  duration_ms: 0.150416
  type: 'test'
  ...
# Subtest: swap mint gate rejects pending coin
ok 632 - swap mint gate rejects pending coin
  ---
  duration_ms: 0.219374
  type: 'test'
  ...
# Subtest: swap mint gate rejects missing available coin
ok 633 - swap mint gate rejects missing available coin
  ---
  duration_ms: 0.19172
  type: 'test'
  ...
# Subtest: swap mint gate rejects duplicate available coin
ok 634 - swap mint gate rejects duplicate available coin
  ---
  duration_ms: 0.207841
  type: 'test'
  ...
# Subtest: swap mint gate rejects rawhex wallet owner
ok 635 - swap mint gate rejects rawhex wallet owner
  ---
  duration_ms: 0.253051
  type: 'test'
  ...
# Subtest: swap mint gate rejects wrong wallet owner
ok 636 - swap mint gate rejects wrong wallet owner
  ---
  duration_ms: 0.290362
  type: 'test'
  ...
# Subtest: swap mint gate rejects wrong wallet network
ok 637 - swap mint gate rejects wrong wallet network
  ---
  duration_ms: 0.238712
  type: 'test'
  ...
# Subtest: swap mint gate rejects wrong wallet type
ok 638 - swap mint gate rejects wrong wallet type
  ---
  duration_ms: 0.199913
  type: 'test'
  ...
# Subtest: swap mint gate rejects wrong wallet amount
ok 639 - swap mint gate rejects wrong wallet amount
  ---
  duration_ms: 0.220398
  type: 'test'
  ...
# Subtest: swap mint gate rejects string wallet amount
ok 640 - swap mint gate rejects string wallet amount
  ---
  duration_ms: 0.804885
  type: 'test'
  ...
# Subtest: swap mint gate rejects wrong wallet origin
ok 641 - swap mint gate rejects wrong wallet origin
  ---
  duration_ms: 0.283963
  type: 'test'
  ...
# Subtest: swap mint gate rejects wrong wallet index
ok 642 - swap mint gate rejects wrong wallet index
  ---
  duration_ms: 0.180098
  type: 'test'
  ...
# Subtest: swap mint gate rejects flattened coin
ok 643 - swap mint gate rejects flattened coin
  ---
  duration_ms: 0.182296
  type: 'test'
  ...
# Subtest: unrelated correctly shaped coins do not hide exact mint duplicates or fund the predicate
ok 644 - unrelated correctly shaped coins do not hide exact mint duplicates or fund the predicate
  ---
  duration_ms: 0.412186
  type: 'test'
  ...
# Subtest: actual compiled swap fallible mint matches its exact SDK-decoded available coin
ok 645 - actual compiled swap fallible mint matches its exact SDK-decoded available coin
  ---
  duration_ms: 48.218035
  type: 'test'
  ...
# Subtest: fallible mint cannot use the guaranteed origin namespace
ok 646 - fallible mint cannot use the guaranteed origin namespace
  ---
  duration_ms: 28.817582
  type: 'test'
  ...
# Subtest: Preview swap available coin uses explicit SDK owner network while default stays local
ok 647 - Preview swap available coin uses explicit SDK owner network while default stays local
  ---
  duration_ms: 16.266551
  type: 'test'
  ...
1..647
# tests 647
# suites 0
# pass 647
# fail 0
# cancelled 0
# skipped 0
# todo 0
# duration_ms 53657.714905

> test:compiled
> node --test --test-reporter=tap ledger/compiled-comparison.test.mjs

TAP version 13
# Subtest: loan retained generated state and transcript effects match independent comparator (synthetic transport only)
ok 1 - loan retained generated state and transcript effects match independent comparator (synthetic transport only)
  ---
  duration_ms: 174.265138
  type: 'test'
  ...
# Subtest: swap retained generated state and transcript effects match independent comparator (synthetic transport only)
ok 2 - swap retained generated state and transcript effects match independent comparator (synthetic transport only)
  ---
  duration_ms: 191.013274
  type: 'test'
  ...
# Subtest: actual generated financial state and actual transcript payout mutations are rejected
ok 3 - actual generated financial state and actual transcript payout mutations are rejected
  ---
  duration_ms: 226.835647
  type: 'test'
  ...
1..3
# tests 3
# suites 0
# pass 3
# fail 0
# cancelled 0
# skipped 0
# todo 0
# duration_ms 723.905957

> test:compiled-rejection
> node --experimental-test-module-mocks --test --test-reporter=tap ledger/compiled-rejection.test.mjs

TAP version 13
# {"status":"REJECTED_BEFORE_TRANSACTION","boundary":"createUnprovenCallTxFromInitialStates","code":"REVISION_MISMATCH","stateSha256":"5a1dcdb726f25a724f89d0185af0fb8bb863b37e094fce8fc7dc1e75caf2b92c","buildReceiptSha256":"3789da217a36cecd5f7603cbbaead32671418da36ecc5c2d20b1709b9577f362","stateUnchanged":true,"privateStateUnchanged":true,"zkConfigCalls":0,"loaderClosed":true,"currentLedgerStateChecked":false}
# {"status":"REJECTED_BEFORE_TRANSACTION","boundary":"createUnprovenCallTxFromInitialStates","code":"PROGRAM_MISMATCH","stateSha256":"5a1dcdb726f25a724f89d0185af0fb8bb863b37e094fce8fc7dc1e75caf2b92c","buildReceiptSha256":"3789da217a36cecd5f7603cbbaead32671418da36ecc5c2d20b1709b9577f362","stateUnchanged":true,"privateStateUnchanged":true,"zkConfigCalls":0,"loaderClosed":true,"currentLedgerStateChecked":false}
# {"status":"REJECTED_BEFORE_TRANSACTION","boundary":"createUnprovenCallTxFromInitialStates","code":"NETWORK_MISMATCH","stateSha256":"5a1dcdb726f25a724f89d0185af0fb8bb863b37e094fce8fc7dc1e75caf2b92c","buildReceiptSha256":"3789da217a36cecd5f7603cbbaead32671418da36ecc5c2d20b1709b9577f362","stateUnchanged":true,"privateStateUnchanged":true,"zkConfigCalls":0,"loaderClosed":true,"currentLedgerStateChecked":false}
# (node:2081) ExperimentalWarning: Module mocking is an experimental feature and might change at any time
# (Use `node --trace-warnings ...` to show where the warning was created)
# (node:2081) DeprecationWarning: mock.module(): options.namedExports is deprecated. Use options.exports instead.
# Subtest: actual generated close rejects revision without changing serialized inputs
ok 1 - actual generated close rejects revision without changing serialized inputs
  ---
  duration_ms: 573.211213
  type: 'test'
  ...
# Subtest: actual generated close rejects program without changing serialized inputs
ok 2 - actual generated close rejects program without changing serialized inputs
  ---
  duration_ms: 78.031116
  type: 'test'
  ...
# Subtest: actual generated close rejects network without changing serialized inputs
ok 3 - actual generated close rejects network without changing serialized inputs
  ---
  duration_ms: 49.258508
  type: 'test'
  ...
# Subtest: unexpected success fails closed and cleans the connected loader
ok 4 - unexpected success fails closed and cleans the connected loader
  ---
  duration_ms: 5.833198
  type: 'test'
  ...
# Subtest: unrelated error fails closed and cleans the connected loader
ok 5 - unrelated error fails closed and cleans the connected loader
  ---
  duration_ms: 4.872469
  type: 'test'
  ...
# Subtest: matching text without runtime cause fails closed and cleans the connected loader
ok 6 - matching text without runtime cause fails closed and cleans the connected loader
  ---
  duration_ms: 4.148712
  type: 'test'
  ...
# Subtest: public input mutation fails closed and cleans the connected loader
ok 7 - public input mutation fails closed and cleans the connected loader
  ---
  duration_ms: 4.396977
  type: 'test'
  ...
# Subtest: private input mutation fails closed and cleans the connected loader
ok 8 - private input mutation fails closed and cleans the connected loader
  ---
  duration_ms: 4.046028
  type: 'test'
  ...
# Subtest: connected ZK lookup fails closed and cleans the connected loader
ok 9 - connected ZK lookup fails closed and cleans the connected loader
  ---
  duration_ms: 4.256201
  type: 'test'
  ...
# Subtest: cleanup failure cannot produce an accepted rejection result
ok 10 - cleanup failure cannot produce an accepted rejection result
  ---
  duration_ms: 4.409686
  type: 'test'
  ...
# Subtest: unknown fields and SDK overrides reject before loading
ok 11 - unknown fields and SDK overrides reject before loading
  ---
  duration_ms: 0.222442
  type: 'test'
  ...
1..11
# tests 11
# suites 0
# pass 11
# fail 0
# cancelled 0
# skipped 0
# todo 0
# duration_ms 800.21645

> test:finalized-state
> node --test --test-reporter=tap ledger/finalized-financial-state.test.mjs ledger/finalized-state-rpc.test.mjs

TAP version 13
# Subtest: actual full native state and generated decoder captured at explicit canonical finalized anchor
ok 1 - actual full native state and generated decoder captured at explicit canonical finalized anchor
  ---
  duration_ms: 384.25622
  type: 'test'
  ...
# Subtest: malformed finalized head rejects connected RPC evidence
ok 2 - malformed finalized head rejects connected RPC evidence
  ---
  duration_ms: 0.503618
  type: 'test'
  ...
# Subtest: malformed header rejects connected RPC evidence
ok 3 - malformed header rejects connected RPC evidence
  ---
  duration_ms: 0.184352
  type: 'test'
  ...
# Subtest: unsafe height rejects connected RPC evidence
ok 4 - unsafe height rejects connected RPC evidence
  ---
  duration_ms: 0.212395
  type: 'test'
  ...
# Subtest: canonical mismatch rejects connected RPC evidence
ok 5 - canonical mismatch rejects connected RPC evidence
  ---
  duration_ms: 0.170367
  type: 'test'
  ...
# Subtest: canonical changes during state query rejects connected RPC evidence
ok 6 - canonical changes during state query rejects connected RPC evidence
  ---
  duration_ms: 38.160025
  type: 'test'
  ...
# Subtest: absent contract rejects connected RPC evidence
ok 7 - absent contract rejects connected RPC evidence
  ---
  duration_ms: 0.612997
  type: 'test'
  ...
# Subtest: unknown RPC envelope rejects connected RPC evidence
ok 8 - unknown RPC envelope rejects connected RPC evidence
  ---
  duration_ms: 0.273719
  type: 'test'
  ...
# Subtest: non-native bytes rejects connected RPC evidence
ok 9 - non-native bytes rejects connected RPC evidence
  ---
  duration_ms: 0.565299
  type: 'test'
  ...
# Subtest: noncanonical trailing bytes rejects connected RPC evidence
ok 10 - noncanonical trailing bytes rejects connected RPC evidence
  ---
  duration_ms: 2.895424
  type: 'test'
  ...
# Subtest: oversized response rejects connected RPC evidence
ok 11 - oversized response rejects connected RPC evidence
  ---
  duration_ms: 0.21405
  type: 'test'
  ...
# Subtest: wrong address and expired deadline stop before RPC
ok 12 - wrong address and expired deadline stop before RPC
  ---
  duration_ms: 0.17708
  type: 'test'
  ...
# Subtest: unsupported node method propagates without latest or indexer fallback
ok 13 - unsupported node method propagates without latest or indexer fallback
  ---
  duration_ms: 0.236932
  type: 'test'
  ...
# Subtest: hanging RPC is unknown under the shared deadline
ok 14 - hanging RPC is unknown under the shared deadline
  ---
  duration_ms: 40.713396
  type: 'test'
  ...
# Subtest: invalid full decoded state is rejected
ok 15 - invalid full decoded state is rejected
  ---
  duration_ms: 3.811418
  type: 'test'
  ...
# Subtest: native unsupported shielded contract balance is rejected
ok 16 - native unsupported shielded contract balance is rejected
  ---
  duration_ms: 6.324356
  type: 'test'
  ...
# Subtest: later best/finalized head does not change the explicit as-of anchor
ok 17 - later best/finalized head does not change the explicit as-of anchor
  ---
  duration_ms: 30.415838
  type: 'test'
  ...
# Subtest: nonfinite and coerced original deadlines reject before any RPC
ok 18 - nonfinite and coerced original deadlines reject before any RPC
  ---
  duration_ms: 0.25156
  type: 'test'
  ...
# Subtest: late RPC 1 rejects elapsed capped deadline and preserves cleanup
ok 19 - late RPC 1 rejects elapsed capped deadline and preserves cleanup
  ---
  duration_ms: 0.416131
  type: 'test'
  ...
# Subtest: late RPC 5 rejects elapsed capped deadline and preserves cleanup
ok 20 - late RPC 5 rejects elapsed capped deadline and preserves cleanup
  ---
  duration_ms: 27.301164
  type: 'test'
  ...
# Subtest: deadline elapsed during native cleanup cannot return a snapshot
ok 21 - deadline elapsed during native cleanup cannot return a snapshot
  ---
  duration_ms: 27.5037
  type: 'test'
  ...
# (node:2107) TimeoutNegativeWarning: -1 is a negative number.
# Timeout duration was set to 1.
# (Use `node --trace-warnings ...` to show where the warning was created)
# Subtest: local state RPC sends exact contract and explicit block in one read request
ok 22 - local state RPC sends exact contract and explicit block in one read request
  ---
  duration_ms: 18.101235
  type: 'test'
  ...
# Subtest: local state RPC rejects absent block, malformed identity and extra arguments before fetch
ok 23 - local state RPC rejects absent block, malformed identity and extra arguments before fetch
  ---
  duration_ms: 0.621653
  type: 'test'
  ...
# Subtest: state query capability does not admit transaction writes
ok 24 - state query capability does not admit transaction writes
  ---
  duration_ms: 0.135549
  type: 'test'
  ...
# Subtest: state query retains the response size limit and performs no retry
ok 25 - state query retains the response size limit and performs no retry
  ---
  duration_ms: 0.561102
  type: 'test'
  ...
# Subtest: unsupported state method error propagates without an unpinned fallback
ok 26 - unsupported state method error propagates without an unpinned fallback
  ---
  duration_ms: 1.112029
  type: 'test'
  ...
# Subtest: RPC rejects a valid response completed after its absolute deadline before its timer fires
ok 27 - RPC rejects a valid response completed after its absolute deadline before its timer fires
  ---
  duration_ms: 0.810081
  type: 'test'
  ...
1..27
# tests 27
# suites 0
# pass 27
# fail 0
# cancelled 0
# skipped 0
# todo 0
# duration_ms 885.880455

> test:preview
> node --experimental-test-module-mocks --test --test-reporter=tap ledger/indexed-owner.test.mjs ledger/preview-rpc.test.mjs ledger/run-preview.test.mjs ledger/preview-integration.test.mjs ledger/preview-launch.test.mjs ledger/preview-launch-integration.test.mjs ledger/preview-bootstrap.test.mjs ledger/preview-swap-composition.test.mjs ledger/preview-exit.test.mjs

TAP version 13
# Subtest: actual pinned SDK owner roundtrip is explicitly local or Preview
ok 1 - actual pinned SDK owner roundtrip is explicitly local or Preview
  ---
  duration_ms: 2.844231
  type: 'test'
  ...
# Subtest: Preview rejects wrong type, network, length, prefix and noncanonical SDK encodings
ok 2 - Preview rejects wrong type, network, length, prefix and noncanonical SDK encodings
  ---
  duration_ms: 1.696578
  type: 'test'
  ...
# (node:2140) ExperimentalWarning: Module mocking is an experimental feature and might change at any time
# (Use `node --trace-warnings ...` to show where the warning was created)
# (node:2140) DeprecationWarning: mock.module(): options.namedExports is deprecated. Use options.exports instead.
# Subtest: Preview bootstrap exposes an explicit existing-wallet launch and public preflight
ok 3 - Preview bootstrap exposes an explicit existing-wallet launch and public preflight
  ---
  duration_ms: 1.172109
  type: 'test'
  ...
# Subtest: existing Preview children restore before guarded integration and durable result
ok 4 - existing Preview children restore before guarded integration and durable result
  ---
  duration_ms: 19.595703
  type: 'test'
  ...
# Subtest: missing persisted shielded stops before any SDK child restore
ok 5 - missing persisted shielded stops before any SDK child restore
  ---
  duration_ms: 5.936421
  type: 'test'
  ...
# Subtest: missing persisted unshielded stops before any SDK child restore
ok 6 - missing persisted unshielded stops before any SDK child restore
  ---
  duration_ms: 11.681209
  type: 'test'
  ...
# Subtest: missing persisted dust stops before any SDK child restore
ok 7 - missing persisted dust stops before any SDK child restore
  ---
  duration_ms: 11.706111
  type: 'test'
  ...
# Subtest: reused output and wrong genesis stop before private material is read
ok 8 - reused output and wrong genesis stop before private material is read
  ---
  duration_ms: 5.288144
  type: 'test'
  ...
# Subtest: wrong genesis stops before output or private preparation
ok 9 - wrong genesis stops before output or private preparation
  ---
  duration_ms: 4.941751
  type: 'test'
  ...
# Subtest: wrong restored network stops wallet before start or integration
ok 10 - wrong restored network stops wallet before start or integration
  ---
  duration_ms: 8.439321
  type: 'test'
  ...
# Subtest: invalid persisted shielded does not fall back to child creation
ok 11 - invalid persisted shielded does not fall back to child creation
  ---
  duration_ms: 7.482606
  type: 'test'
  ...
# Subtest: invalid persisted unshielded does not fall back to child creation
ok 12 - invalid persisted unshielded does not fall back to child creation
  ---
  duration_ms: 4.16263
  type: 'test'
  ...
# Subtest: invalid persisted dust does not fall back to child creation
ok 13 - invalid persisted dust does not fall back to child creation
  ---
  duration_ms: 4.514336
  type: 'test'
  ...
# Subtest: wallet persistence preserves previous snapshots and replaces only a complete serialized set
ok 14 - wallet persistence preserves previous snapshots and replaces only a complete serialized set
  ---
  duration_ms: 1.963059
  type: 'test'
  ...
# Subtest: failed child serialization leaves all original snapshots untouched
ok 15 - failed child serialization leaves all original snapshots untouched
  ---
  duration_ms: 0.932201
  type: 'test'
  ...
# Subtest: interrupted multi-child replacement retains backups and blocks further bootstrap restoration
ok 16 - interrupted multi-child replacement retains backups and blocks further bootstrap restoration
  ---
  duration_ms: 2.846252
  type: 'test'
  ...
# Subtest: a pending persistence marker stops launch before any private material or SDK restore
ok 17 - a pending persistence marker stops launch before any private material or SDK restore
  ---
  duration_ms: 4.027392
  type: 'test'
  ...
# Subtest: final persistence fsync crossing deadline rejects without undoing a coherent saved set
ok 18 - final persistence fsync crossing deadline rejects without undoing a coherent saved set
  ---
  duration_ms: 1.685458
  type: 'test'
  ...
# Subtest: bootstrap refuses success without its own completed persistence and wallet stop
ok 19 - bootstrap refuses success without its own completed persistence and wallet stop
  ---
  duration_ms: 5.113373
  type: 'test'
  ...
# Subtest: bootstrap refuses success without its own completed persistence and wallet stop
ok 20 - bootstrap refuses success without its own completed persistence and wallet stop
  ---
  duration_ms: 10.42071
  type: 'test'
  ...
# Subtest: bootstrap refuses success without its own completed persistence and wallet stop
ok 21 - bootstrap refuses success without its own completed persistence and wallet stop
  ---
  duration_ms: 5.324049
  type: 'test'
  ...
# (node:2146) ExperimentalWarning: Module mocking is an experimental feature and might change at any time
# (Use `node --trace-warnings ...` to show where the warning was created)
# (node:2146) DeprecationWarning: mock.module(): options.namedExports is deprecated. Use options.exports instead.
# Subtest: controlled production driver/integration/writer reaches CLI zero selector with external containment still false
ok 22 - controlled production driver/integration/writer reaches CLI zero selector with external containment still false
  ---
  duration_ms: 262.781682
  type: 'test'
  ...
# Subtest: failed/pending production path never receives CLI zero
ok 23 - failed/pending production path never receives CLI zero
  ---
  duration_ms: 124.882837
  type: 'test'
  ...
# Subtest: failed/pending production path never receives CLI zero
ok 24 - failed/pending production path never receives CLI zero
  ---
  duration_ms: 119.954825
  type: 'test'
  ...
# Subtest: failed/pending production path never receives CLI zero
ok 25 - failed/pending production path never receives CLI zero
  ---
  duration_ms: 31.879335
  type: 'test'
  ...
# Subtest: failed/pending production path never receives CLI zero
ok 26 - failed/pending production path never receives CLI zero
  ---
  duration_ms: 54.02826
  type: 'test'
  ...
# Subtest: completed result validator rejects stale status, missing stages/IDs, unknown work and false containment claims
ok 27 - completed result validator rejects stale status, missing stages/IDs, unknown work and false containment claims
  ---
  duration_ms: 96.746732
  type: 'test'
  ...
# Subtest: admitted cumulative excess fee prevents financial completion and CLI zero
ok 28 - admitted cumulative excess fee prevents financial completion and CLI zero
  ---
  duration_ms: 74.636023
  type: 'test'
  ...
# Subtest: successful contained result retains PASS; source-only results never become command success
ok 29 - successful contained result retains PASS; source-only results never become command success
  ---
  duration_ms: 66.346694
  type: 'test'
  ...
# Subtest: failed durable result retention prevents the CLI exit selector from running
ok 30 - failed durable result retention prevents the CLI exit selector from running
  ---
  duration_ms: 60.921033
  type: 'test'
  ...
# Subtest: final durable result directory fsync crossing the absolute deadline cannot yield CLI zero
ok 31 - final durable result directory fsync crossing the absolute deadline cannot yield CLI zero
  ---
  duration_ms: 61.964874
  type: 'test'
  ...
# Subtest: Preview composition connects actual stage driver, native observer and independent comparator
ok 32 - Preview composition connects actual stage driver, native observer and independent comparator
  ---
  duration_ms: 211.45658
  type: 'test'
  ...
# Subtest: Preview composition stops wrong target and owns cleanup
ok 33 - Preview composition stops wrong target and owns cleanup
  ---
  duration_ms: 0.781919
  type: 'test'
  ...
# Subtest: Preview composition stops wrong genesis and owns cleanup
ok 34 - Preview composition stops wrong genesis and owns cleanup
  ---
  duration_ms: 0.71406
  type: 'test'
  ...
# Subtest: Preview composition stops wrong original wallet and owns cleanup
ok 35 - Preview composition stops wrong original wallet and owns cleanup
  ---
  duration_ms: 0.743158
  type: 'test'
  ...
# Subtest: Preview composition stops injected production dependency and owns cleanup
ok 36 - Preview composition stops injected production dependency and owns cleanup
  ---
  duration_ms: 0.193953
  type: 'test'
  ...
# Subtest: Preview composition stops retention failed and owns cleanup
ok 37 - Preview composition stops retention failed and owns cleanup
  ---
  duration_ms: 19.888964
  type: 'test'
  ...
# Subtest: actual Preview owner decoding rejects a wrong initialize recipient before next call
ok 38 - actual Preview owner decoding rejects a wrong initialize recipient before next call
  ---
  duration_ms: 39.967792
  type: 'test'
  ...
# Subtest: actual independent comparator rejects understated observed native fee
ok 39 - actual independent comparator rejects understated observed native fee
  ---
  duration_ms: 15.426484
  type: 'test'
  ...
# Subtest: Preview composition uses real exclusive reservations and guarded provider lifecycle without invoking wallet transaction APIs
ok 40 - Preview composition uses real exclusive reservations and guarded provider lifecycle without invoking wallet transaction APIs
  ---
  duration_ms: 89.83734
  type: 'test'
  ...
# Subtest: Preview setup deadline rejects a late public response before build/provider construction
ok 41 - Preview setup deadline rejects a late public response before build/provider construction
  ---
  duration_ms: 1.152335
  type: 'test'
  ...
# Subtest: Preview integration cannot report completion after loader cleanup exceeds deadline
ok 42 - Preview integration cannot report completion after loader cleanup exceeds deadline
  ---
  duration_ms: 69.846627
  type: 'test'
  ...
# Subtest: Preview actual observer/comparator composition rejects cumulative fees above its admitted cap
ok 43 - Preview actual observer/comparator composition rejects cumulative fees above its admitted cap
  ---
  duration_ms: 147.174516
  type: 'test'
  ...
# Subtest: actual Preview integration producer durably retains all four native/comparison stages and66hex IDs
ok 44 - actual Preview integration producer durably retains all four native/comparison stages and66hex IDs
  ---
  duration_ms: 238.306056
  type: 'test'
  ...
# Subtest: actual Preview preflight failure is retainable without relabeling or inventing absent fields
ok 45 - actual Preview preflight failure is retainable without relabeling or inventing absent fields
  ---
  duration_ms: 1.749699
  type: 'test'
  ...
# Subtest: actual Preview comparison failure retains prior stage and driver IDs without private error message
ok 46 - actual Preview comparison failure retains prior stage and driver IDs without private error message
  ---
  duration_ms: 52.065776
  type: 'test'
  ...
# Subtest: durable stage collision through actual integration stops before another SDK call
ok 47 - durable stage collision through actual integration stops before another SDK call
  ---
  duration_ms: 20.198404
  type: 'test'
  ...
# Subtest: closed Preview plan validates existing public wallet identity without private reads
ok 48 - closed Preview plan validates existing public wallet identity without private reads
  ---
  duration_ms: 6.836364
  type: 'test'
  ...
# Subtest: Preview plan rejects wrong target, original identity changes, recovery fields, hidden values and unsafe overlap
ok 49 - Preview plan rejects wrong target, original identity changes, recovery fields, hidden values and unsafe overlap
  ---
  duration_ms: 23.782872
  type: 'test'
  ...
# Subtest: actual retained full observations and66-hex SDK identifiers survive durable Preview result writer
ok 50 - actual retained full observations and66-hex SDK identifiers survive durable Preview result writer
  ---
  duration_ms: 29.817511
  type: 'test'
  ...
# Subtest: failed preflight result preserves undefined optional fields without private SDK data
ok 51 - failed preflight result preserves undefined optional fields without private SDK data
  ---
  duration_ms: 3.490622
  type: 'test'
  ...
# Subtest: private nested fields, accessors, symbols, arbitrary errors and wrong identifier/hash lengths never write
ok 52 - private nested fields, accessors, symbols, arbitrary errors and wrong identifier/hash lengths never write
  ---
  duration_ms: 9.900981
  type: 'test'
  ...
# Subtest: stage/event retain actual identifiers and reject symlink destinations
ok 53 - stage/event retain actual identifiers and reject symlink destinations
  ---
  duration_ms: 8.583475
  type: 'test'
  ...
# Subtest: array accessors never run while projecting public evidence or events
ok 54 - array accessors never run while projecting public evidence or events
  ---
  duration_ms: 4.574075
  type: 'test'
  ...
# Subtest: actual stopped provider event operation text is omitted from public projection
ok 55 - actual stopped provider event operation text is omitted from public projection
  ---
  duration_ms: 1.307316
  type: 'test'
  ...
# Subtest: nested acceptance claims cannot be promoted by public writer
ok 56 - nested acceptance claims cannot be promoted by public writer
  ---
  duration_ms: 5.366939
  type: 'test'
  ...
# Subtest: nested acceptance fields require literal false independent of value type
ok 57 - nested acceptance fields require literal false independent of value type
  ---
  duration_ms: 24.153906
  type: 'test'
  ...
# Subtest: native identity and schema fields reject non-string types before primitive copying
ok 58 - native identity and schema fields reject non-string types before primitive copying
  ---
  duration_ms: 7.054664
  type: 'test'
  ...
# (node:2184) TimeoutNegativeWarning: -1 is a negative number.
# Timeout duration was set to 1.
# (Use `node --trace-warnings ...` to show where the warning was created)
# Subtest: Preview RPC sends exact pinned HTTPS endpoint and explicit read parameters
ok 59 - Preview RPC sends exact pinned HTTPS endpoint and explicit read parameters
  ---
  duration_ms: 67.13087
  type: 'test'
  ...
# Subtest: Preview RPC rejects every unapproved target before transport access
ok 60 - Preview RPC rejects every unapproved target before transport access
  ---
  duration_ms: 2.915406
  type: 'test'
  ...
# Subtest: Preview RPC rejects writes and malformed anchored state parameters before fetch
ok 61 - Preview RPC rejects writes and malformed anchored state parameters before fetch
  ---
  duration_ms: 3.333038
  type: 'test'
  ...
# Subtest: Preview RPC rejects invalid deadlines without dispatch
ok 62 - Preview RPC rejects invalid deadlines without dispatch
  ---
  duration_ms: 0.616816
  type: 'test'
  ...
# Subtest: Preview RPC preserves unknown JSON-RPC failure and never retries or falls back
ok 63 - Preview RPC preserves unknown JSON-RPC failure and never retries or falls back
  ---
  duration_ms: 3.350095
  type: 'test'
  ...
# Subtest: Preview RPC rejects malformed envelopes, HTTP errors and malformed JSON
ok 64 - Preview RPC rejects malformed envelopes, HTTP errors and malformed JSON
  ---
  duration_ms: 3.255326
  type: 'test'
  ...
# Subtest: Preview RPC rejects oversized response body and aborts
ok 65 - Preview RPC rejects oversized response body and aborts
  ---
  duration_ms: 1.768718
  type: 'test'
  ...
# Subtest: Preview RPC rejects late fetch completion even when the timer cannot run
ok 66 - Preview RPC rejects late fetch completion even when the timer cannot run
  ---
  duration_ms: 7.076697
  type: 'test'
  ...
# Subtest: Preview RPC rejects late body completion and aborts
ok 67 - Preview RPC rejects late body completion and aborts
  ---
  duration_ms: 0.519986
  type: 'test'
  ...
# Subtest: Preview RPC deadline bounds a transport that never completes
ok 68 - Preview RPC deadline bounds a transport that never completes
  ---
  duration_ms: 30.632931
  type: 'test'
  ...
# Subtest: full Preview swap composition traverses native receipts, independent comparator and minted wallet gate
ok 69 - full Preview swap composition traverses native receipts, independent comparator and minted wallet gate
  ---
  duration_ms: 165.937148
  type: 'test'
  ...
# Subtest: Preview swap bad close recipient stops actual financial comparator
ok 70 - Preview swap bad close recipient stops actual financial comparator
  ---
  duration_ms: 82.940748
  type: 'test'
  ...
# Subtest: Preview swap pending minted wallet coin stops before swap submission callback
ok 71 - Preview swap pending minted wallet coin stops before swap submission callback
  ---
  duration_ms: 44.798655
  type: 'test'
  ...
# Subtest: Preview loan reuses exact local custody arguments and guarded compare-before-next-call order
ok 72 - Preview loan reuses exact local custody arguments and guarded compare-before-next-call order
  ---
  duration_ms: 3.180095
  type: 'test'
  ...
# Subtest: Preview swap reuses exact local custody arguments and guarded compare-before-next-call order
ok 73 - Preview swap reuses exact local custody arguments and guarded compare-before-next-call order
  ---
  duration_ms: 1.661486
  type: 'test'
  ...
# Subtest: Preview rejects wrong entry network before any SDK operation and cleans up
ok 74 - Preview rejects wrong entry network before any SDK operation and cleans up
  ---
  duration_ms: 0.6053
  type: 'test'
  ...
# Subtest: Preview rejects wrong SDK network before any SDK operation and cleans up
ok 75 - Preview rejects wrong SDK network before any SDK operation and cleans up
  ---
  duration_ms: 0.342598
  type: 'test'
  ...
# Subtest: Preview rejects wrong payer before any SDK operation and cleans up
ok 76 - Preview rejects wrong payer before any SDK operation and cleans up
  ---
  duration_ms: 0.172455
  type: 'test'
  ...
# Subtest: Preview rejects wrong node before any SDK operation and cleans up
ok 77 - Preview rejects wrong node before any SDK operation and cleans up
  ---
  duration_ms: 0.319787
  type: 'test'
  ...
# Subtest: Preview rejects wrong indexer before any SDK operation and cleans up
ok 78 - Preview rejects wrong indexer before any SDK operation and cleans up
  ---
  duration_ms: 0.239823
  type: 'test'
  ...
# Subtest: Preview rejects wrong WS before any SDK operation and cleans up
ok 79 - Preview rejects wrong WS before any SDK operation and cleans up
  ---
  duration_ms: 0.155406
  type: 'test'
  ...
# Subtest: Preview rejects remote prover before any SDK operation and cleans up
ok 80 - Preview rejects remote prover before any SDK operation and cleans up
  ---
  duration_ms: 0.365183
  type: 'test'
  ...
# Subtest: Preview rejects existingDeployment before any SDK operation and cleans up
ok 81 - Preview rejects existingDeployment before any SDK operation and cleans up
  ---
  duration_ms: 0.328865
  type: 'test'
  ...
# Subtest: Preview rejects initializedLoan before any SDK operation and cleans up
ok 82 - Preview rejects initializedLoan before any SDK operation and cleans up
  ---
  duration_ms: 0.670966
  type: 'test'
  ...
# Subtest: Preview rejects initializedSwap before any SDK operation and cleans up
ok 83 - Preview rejects initializedSwap before any SDK operation and cleans up
  ---
  duration_ms: 0.160995
  type: 'test'
  ...
# Subtest: Preview rejects stable-target binding mutation before the next submission
ok 84 - Preview rejects stable-target binding mutation before the next submission
  ---
  duration_ms: 0.378186
  type: 'test'
  ...
# Subtest: Preview budget failure prevents next SDK call and retains known identifiers
ok 85 - Preview budget failure prevents next SDK call and retains known identifiers
  ---
  duration_ms: 0.23212
  type: 'test'
  ...
# Subtest: Preview observe failure prevents next SDK call and retains known identifiers
ok 86 - Preview observe failure prevents next SDK call and retains known identifiers
  ---
  duration_ms: 0.46838
  type: 'test'
  ...
# Subtest: Preview compare failure prevents next SDK call and retains known identifiers
ok 87 - Preview compare failure prevents next SDK call and retains known identifiers
  ---
  duration_ms: 0.161124
  type: 'test'
  ...
# Subtest: Preview incomplete cleanup cannot produce PASS
ok 88 - Preview incomplete cleanup cannot produce PASS
  ---
  duration_ms: 0.38995
  type: 'test'
  ...
# Subtest: Preview financial completion separates stopped wallet from unobserved external containment
ok 89 - Preview financial completion separates stopped wallet from unobserved external containment
  ---
  duration_ms: 0.251939
  type: 'test'
  ...
1..89
# tests 89
# suites 0
# pass 89
# fail 0
# cancelled 0
# skipped 0
# todo 0
# duration_ms 1244.753787

> test:executor
> node --test --test-reporter=tap ledger/prover-lifetime.test.mjs ledger/executor-caller.test.mjs ledger/fault-matrix.test.mjs ledger/invocation-handoff.test.mjs

TAP version 13
# Subtest: raw close classification gives signals precedence and preserves unknown
ok 1 - raw close classification gives signals precedence and preserves unknown
  ---
  duration_ms: 3.259888
  type: 'test'
  ...
# Subtest: actual argv protocol is handed to exactly one detached piped child without mutation
ok 2 - actual argv protocol is handed to exactly one detached piped child without mutation
  ---
  duration_ms: 2.301521
  type: 'test'
  ...
# Subtest: explicit child environment is passed verbatim without parent-environment merging
ok 3 - explicit child environment is passed verbatim without parent-environment merging
  ---
  duration_ms: 1.289478
  type: 'test'
  ...
# Subtest: child zero and success-looking stdout never replace missing durable evidence
ok 4 - child zero and success-looking stdout never replace missing durable evidence
  ---
  duration_ms: 0.984078
  type: 'test'
  ...
# Subtest: durable completion without independently observed containment remains unknown
ok 5 - durable completion without independently observed containment remains unknown
  ---
  duration_ms: 0.551373
  type: 'test'
  ...
# Subtest: schema-invalid or exit-inconsistent durable results cannot establish containment
ok 6 - schema-invalid or exit-inconsistent durable results cannot establish containment
  ---
  duration_ms: 0.762174
  type: 'test'
  ...
# Subtest: retained nonzero and signal exits remain failed even when durable result reading fails
ok 7 - retained nonzero and signal exits remain failed even when durable result reading fails
  ---
  duration_ms: 0.77656
  type: 'test'
  ...
# Subtest: unknown close observation is never promoted by a valid-looking durable result
ok 8 - unknown close observation is never promoted by a valid-looking durable result
  ---
  duration_ms: 0.627372
  type: 'test'
  ...
# Subtest: combined diagnostics stop at exactly 1048576 bytes without changing disposition
ok 9 - combined diagnostics stop at exactly 1048576 bytes without changing disposition
  ---
  duration_ms: 4.163005
  type: 'test'
  ...
# Subtest: outer timeout retains its close signal but classifies the caller kill as unknown
ok 10 - outer timeout retains its close signal but classifies the caller kill as unknown
  ---
  duration_ms: 31.706252
  type: 'test'
  ...
# Subtest: a child that never closes after a failed deadline kill settles at the abandonment bound
ok 11 - a child that never closes after a failed deadline kill settles at the abandonment bound
  ---
  duration_ms: 13.504111
  type: 'test'
  ...
# Subtest: a failed kill request does not hide a later retained natural main failure
ok 12 - a failed kill request does not hide a later retained natural main failure
  ---
  duration_ms: 10.535901
  type: 'test'
  ...
# Subtest: child error rejects with the original spawn error
ok 13 - child error rejects with the original spawn error
  ---
  duration_ms: 0.403531
  type: 'test'
  ...
# Subtest: malformed close payload rejects instead of escaping the promise
ok 14 - malformed close payload rejects instead of escaping the promise
  ---
  duration_ms: 0.134715
  type: 'test'
  ...
# Subtest: closed invalid options refuse before monotonic sampling or spawn
ok 15 - closed invalid options refuse before monotonic sampling or spawn
  ---
  duration_ms: 0.450152
  type: 'test'
  ...
# Subtest: argv accessors and hidden array fields reject without invoking attacker code
ok 16 - argv accessors and hidden array fields reject without invoking attacker code
  ---
  duration_ms: 0.215193
  type: 'test'
  ...
# Subtest: prover control bytes are durably written before spawn and bounds use the one outer start
ok 17 - prover control bytes are durably written before spawn and bounds use the one outer start
  ---
  duration_ms: 0.855326
  type: 'test'
  ...
# Subtest: post-start durable-result loss cannot recompute or widen the established prover bounds
ok 18 - post-start durable-result loss cannot recompute or widen the established prover bounds
  ---
  duration_ms: 0.26778
  type: 'test'
  ...
# Subtest: required control persistence failure prevents every child spawn
ok 19 - required control persistence failure prevents every child spawn
  ---
  duration_ms: 0.161627
  type: 'test'
  ...
# Subtest: legacy optional-control flag cannot permit spawn without a writer
ok 20 - legacy optional-control flag cannot permit spawn without a writer
  ---
  duration_ms: 0.146627
  type: 'test'
  ...
# Subtest: legacy optional-control flag cannot swallow a failed control write or spawn
ok 21 - legacy optional-control flag cannot swallow a failed control write or spawn
  ---
  duration_ms: 0.172562
  type: 'test'
  ...
# Subtest: entry at the inclusive latest-start boundary refuses after control persistence and before spawn
ok 22 - entry at the inclusive latest-start boundary refuses after control persistence and before spawn
  ---
  duration_ms: 0.174238
  type: 'test'
  ...
# Subtest: configured handoff passes exactly its two-entry environment and appends before answering
ok 23 - configured handoff passes exactly its two-entry environment and appends before answering
  ---
  duration_ms: 17.924546
  type: 'test'
  ...
# Subtest: immediate child connection survives a slow invocation append and the executor returns
ok 24 - immediate child connection survives a slow invocation append and the executor returns
  ---
  duration_ms: 63.406504
  type: 'test'
  ...
# Subtest: handoff server close has a bounded fallback when close never calls back
ok 25 - handoff server close has a bounded fallback when close never calls back
  ---
  duration_ms: 262.371661
  type: 'test'
  ...
# Subtest: failed invocation append yields existing evidence-write failure and attaches no handshake listener
ok 26 - failed invocation append yields existing evidence-write failure and attaches no handshake listener
  ---
  duration_ms: 0.845843
  type: 'test'
  ...
# Subtest: explicit environment conflicts with handoff before monotonic sampling or spawn
ok 27 - explicit environment conflicts with handoff before monotonic sampling or spawn
  ---
  duration_ms: 0.193289
  type: 'test'
  ...
# Subtest: H1 reproducer: a never-resolving invocation append returns within the configured outer plus abandonment bound
ok 28 - H1 reproducer: a never-resolving invocation append returns within the configured outer plus abandonment bound
  ---
  duration_ms: 102.786293
  type: 'test'
  ...
# Subtest: H1 prover path: a never-resolving invocation append returns within the same bound with the established prover bounds retained
ok 29 - H1 prover path: a never-resolving invocation append returns within the same bound with the established prover bounds retained
  ---
  duration_ms: 101.161276
  type: 'test'
  ...
# Subtest: H1a: a wall-clock rollback during setup does not extend the monotonic schedule
ok 30 - H1a: a wall-clock rollback during setup does not extend the monotonic schedule
  ---
  duration_ms: 61.29421
  type: 'test'
  ...
# Subtest: H1b: a stalled durable read and a stalled remover share the one final bound and are reported unresolved
ok 31 - H1b: a stalled durable read and a stalled remover share the one final bound and are reported unresolved
  ---
  duration_ms: 79.920395
  type: 'test'
  ...
# Subtest: H1b: a slow durable read that outlives its budget is unresolved but leaves the reserved cleanup margin intact
ok 32 - H1b: a slow durable read that outlives its budget is unresolved but leaves the reserved cleanup margin intact
  ---
  duration_ms: 60.75798
  type: 'test'
  ...
# Subtest: H1c: a slow boot-id read that crosses the outer deadline rejects without any spawn
ok 33 - H1c: a slow boot-id read that crosses the outer deadline rejects without any spawn
  ---
  duration_ms: 101.317868
  type: 'test'
  ...
# Subtest: H1c: the outer deadline is rechecked immediately before spawn after a blocking final phase
ok 34 - H1c: the outer deadline is rechecked immediately before spawn after a blocking final phase
  ---
  duration_ms: 45.934013
  type: 'test'
  ...
# Subtest: L1: the prover latest-start check runs after the awaited boot-id, immediately before spawn
ok 35 - L1: the prover latest-start check runs after the awaited boot-id, immediately before spawn
  ---
  duration_ms: 0.634297
  type: 'test'
  ...
# Subtest: a child that exits while the invocation append is still stalled returns within the bound without inventing persisted evidence
ok 36 - a child that exits while the invocation append is still stalled returns within the bound without inventing persisted evidence
  ---
  duration_ms: 60.507911
  type: 'test'
  ...
# Subtest: stalled current-state confirmation returns STARTUP_INVALID within the bound and never answers the closed socket
ok 37 - stalled current-state confirmation returns STARTUP_INVALID within the bound and never answers the closed socket
  ---
  duration_ms: 100.675698
  type: 'test'
  ...
# Subtest: stalled denial append after a reservation mismatch returns STARTUP_INVALID within the bound and never answers the closed socket
ok 38 - stalled denial append after a reservation mismatch returns STARTUP_INVALID within the bound and never answers the closed socket
  ---
  duration_ms: 101.631629
  type: 'test'
  ...
# Subtest: H1d: a child error after handshake activation disposes the protocol so no later denial record starts
ok 39 - H1d: a child error after handshake activation disposes the protocol so no later denial record starts
  ---
  duration_ms: 136.789612
  type: 'test'
  ...
# Subtest: stalled pre-spawn runtime-directory rejects at the outer bound without a spawn and removes any owned runtime
ok 40 - stalled pre-spawn runtime-directory rejects at the outer bound without a spawn and removes any owned runtime
  ---
  duration_ms: 39.098783
  type: 'test'
  ...
# Subtest: stalled pre-spawn invocation-socket rejects at the outer bound without a spawn and removes any owned runtime
ok 41 - stalled pre-spawn invocation-socket rejects at the outer bound without a spawn and removes any owned runtime
  ---
  duration_ms: 39.632824
  type: 'test'
  ...
# Subtest: stalled pre-spawn boot-id rejects at the outer bound without a spawn and removes any owned runtime
ok 42 - stalled pre-spawn boot-id rejects at the outer bound without a spawn and removes any owned runtime
  ---
  duration_ms: 39.988386
  type: 'test'
  ...
# Subtest: stalled prover control write rejects at the outer bound before any spawn
ok 43 - stalled prover control write rejects at the outer bound before any spawn
  ---
  duration_ms: 39.8388
  type: 'test'
  ...
# Subtest: H3b: a runtime directory created after the outer bound is owned and removed without advancing setup
ok 44 - H3b: a runtime directory created after the outer bound is owned and removed without advancing setup
  ---
  duration_ms: 81.299475
  type: 'test'
  ...
# Subtest: H3b: a socket created after the outer bound is closed and unlinked without advancing setup
ok 45 - H3b: a socket created after the outer bound is closed and unlinked without advancing setup
  ---
  duration_ms: 81.256814
  type: 'test'
  ...
# Subtest: H3a: a nonce failure after a real socket is acquired closes the server and removes the owned paths
ok 46 - H3a: a nonce failure after a real socket is acquired closes the server and removes the owned paths
  ---
  duration_ms: 1.386163
  type: 'test'
  ...
# Subtest: H3: spawn failure and child error after runtime allocation preserve the original error and remove the owned runtime
ok 47 - H3: spawn failure and child error after runtime allocation preserve the original error and remove the owned runtime
  ---
  duration_ms: 0.503595
  type: 'test'
  ...
# Subtest: H3: a failed runtime removal is reported in the result instead of being swallowed
ok 48 - H3: a failed runtime removal is reported in the result instead of being swallowed
  ---
  duration_ms: 5.961316
  type: 'test'
  ...
# Subtest: H3: a spawn failure whose runtime removal also fails keeps the original error and reports the cleanup failure
ok 49 - H3: a spawn failure whose runtime removal also fails keeps the original error and reports the cleanup failure
  ---
  duration_ms: 0.341171
  type: 'test'
  ...
# Subtest: R2: a replay denial record still in flight after a successful handshake is reported outstanding at return and never written after release
ok 50 - R2: a replay denial record still in flight after a successful handshake is reported outstanding at return and never written after release
  ---
  duration_ms: 48.065242
  type: 'test'
  ...
# Subtest: R2: a child error while a denial record is in flight reports that record outstanding on the rejection and writes nothing after release
ok 51 - R2: a child error while a denial record is in flight reports that record outstanding on the rejection and writes nothing after release
  ---
  duration_ms: 45.66394
  type: 'test'
  ...
# Subtest: R2: a completed handshake with no in-flight protocol work reports zero pending work
ok 52 - R2: a completed handshake with no in-flight protocol work reports zero pending work
  ---
  duration_ms: 8.016043
  type: 'test'
  ...
# Subtest: row: complete zero terminal evidence and containment succeeds
ok 53 - row: complete zero terminal evidence and containment succeeds
  ---
  duration_ms: 1.288612
  type: 'test'
  ...
# Subtest: row: malformed startup is unknown
ok 54 - row: malformed startup is unknown
  ---
  duration_ms: 0.148917
  type: 'test'
  ...
# Subtest: row: unpersisted startup reports the specific write failure
ok 55 - row: unpersisted startup reports the specific write failure
  ---
  duration_ms: 0.11175
  type: 'test'
  ...
# Subtest: row: invocation identity mismatch precedes an apparent main failure
ok 56 - row: invocation identity mismatch precedes an apparent main failure
  ---
  duration_ms: 0.557269
  type: 'test'
  ...
# Subtest: row: preexisting evidence is unknown and not reused
ok 57 - row: preexisting evidence is unknown and not reused
  ---
  duration_ms: 0.368835
  type: 'test'
  ...
# Subtest: row: retained nonzero main exit is failed
ok 58 - row: retained nonzero main exit is failed
  ---
  duration_ms: 0.209268
  type: 'test'
  ...
# Subtest: row: retained main signal is failed
ok 59 - row: retained main signal is failed
  ---
  duration_ms: 0.363504
  type: 'test'
  ...
# Subtest: row: unavailable main exit is unknown before evidence gates
ok 60 - row: unavailable main exit is unknown before evidence gates
  ---
  duration_ms: 0.164178
  type: 'test'
  ...
# Subtest: row: absent raw main-exit observation is unknown even when every other fact says success
ok 61 - row: absent raw main-exit observation is unknown even when every other fact says success
  ---
  duration_ms: 0.149008
  type: 'test'
  ...
# Subtest: row: only a retained exact zero exit reaches success
ok 62 - row: only a retained exact zero exit reaches success
  ---
  duration_ms: 4.955123
  type: 'test'
  ...
# Subtest: row: absent raw observation keeps refusal, startup and evidence precedence
ok 63 - row: absent raw observation keeps refusal, startup and evidence precedence
  ---
  duration_ms: 0.479219
  type: 'test'
  ...
# Subtest: row: known main failure stays failed despite every later cleanup limitation
ok 64 - row: known main failure stays failed despite every later cleanup limitation
  ---
  duration_ms: 0.129517
  type: 'test'
  ...
# Subtest: row: terminal evidence write or fsync failure is unknown
ok 65 - row: terminal evidence write or fsync failure is unknown
  ---
  duration_ms: 0.158911
  type: 'test'
  ...
# Subtest: row: stop nonzero is unknown
ok 66 - row: stop nonzero is unknown
  ---
  duration_ms: 0.167294
  type: 'test'
  ...
# Subtest: row: stop exception or timeout is unknown
ok 67 - row: stop exception or timeout is unknown
  ---
  duration_ms: 0.142984
  type: 'test'
  ...
# Subtest: row: successful stop with missing receipt is unknown
ok 68 - row: successful stop with missing receipt is unknown
  ---
  duration_ms: 0.183496
  type: 'test'
  ...
# Subtest: row: deadline crossing is unknown
ok 69 - row: deadline crossing is unknown
  ---
  duration_ms: 0.082137
  type: 'test'
  ...
# Subtest: row: parent loss is unknown
ok 70 - row: parent loss is unknown
  ---
  duration_ms: 0.088242
  type: 'test'
  ...
# Subtest: row: incomplete containment is unknown
ok 71 - row: incomplete containment is unknown
  ---
  duration_ms: 0.09646
  type: 'test'
  ...
# Subtest: row: timer cancellation nonzero is unknown
ok 72 - row: timer cancellation nonzero is unknown
  ---
  duration_ms: 0.079655
  type: 'test'
  ...
# Subtest: row: missing timer cancellation receipt is unknown
ok 73 - row: missing timer cancellation receipt is unknown
  ---
  duration_ms: 0.063659
  type: 'test'
  ...
# Subtest: row: final result write or fsync failure is unknown
ok 74 - row: final result write or fsync failure is unknown
  ---
  duration_ms: 0.061565
  type: 'test'
  ...
# Subtest: row: pre-start refusal preserves the validator code
ok 75 - row: pre-start refusal preserves the validator code
  ---
  duration_ms: 0.075525
  type: 'test'
  ...
# Subtest: precedence follows the closed table from top to bottom
ok 76 - precedence follows the closed table from top to bottom
  ---
  duration_ms: 0.100152
  type: 'test'
  ...
# Subtest: malformed or open inputs are rejected instead of defaulted
ok 77 - malformed or open inputs are rejected instead of defaulted
  ---
  duration_ms: 2.081109
  type: 'test'
  ...
# Subtest: safety cleanup is outside the pure classifier and cannot manufacture success evidence
ok 78 - safety cleanup is outside the pure classifier and cannot manufacture success evidence
  ---
  duration_ms: 0.589302
  type: 'test'
  ...
# Subtest: literal handoff protocol constants and fixed event field order
ok 79 - literal handoff protocol constants and fixed event field order
  ---
  duration_ms: 1.30762
  type: 'test'
  ...
# Subtest: real nonce generation returns distinct 256-bit Buffers
ok 80 - real nonce generation returns distinct 256-bit Buffers
  ---
  duration_ms: 0.54686
  type: 'test'
  ...
# Subtest: raw nonce hex and its SHA-256 digest are distinct lowercase hex
ok 81 - raw nonce hex and its SHA-256 digest are distinct lowercase hex
  ---
  duration_ms: 0.562243
  type: 'test'
  ...
# Subtest: constant-time comparison handles fixed and mismatched lengths and rejects types
ok 82 - constant-time comparison handles fixed and mismatched lengths and rejects types
  ---
  duration_ms: 0.307161
  type: 'test'
  ...
# Subtest: closed handoff environment contains only the two authority-neutral transport values
ok 83 - closed handoff environment contains only the two authority-neutral transport values
  ---
  duration_ms: 0.528708
  type: 'test'
  ...
# Subtest: real runtime directory is forced to mode 0700 under a permissive umask
ok 84 - real runtime directory is forced to mode 0700 under a permissive umask
  ---
  duration_ms: 4.843491
  type: 'test'
  ...
# Subtest: real invocation socket is mode 0600 and exchanges bytes over AF_UNIX
ok 85 - real invocation socket is mode 0600 and exchanges bytes over AF_UNIX
  ---
  duration_ms: 3.412281
  type: 'test'
  ...
# Subtest: real proc stat parser reports this process parent and positive start ticks
ok 86 - real proc stat parser reports this process parent and positive start ticks
  ---
  duration_ms: 0.453437
  type: 'test'
  ...
# Subtest: bounded ancestry accepts descendants and rejects PID reuse, siblings, excess depth and vanished PIDs
ok 87 - bounded ancestry accepts descendants and rejects PID reuse, siblings, excess depth and vanished PIDs
  ---
  duration_ms: 0.356739
  type: 'test'
  ...
# Subtest: peer UID and boot ID comparisons validate types and compare exactly
ok 88 - peer UID and boot ID comparisons validate types and compare exactly
  ---
  duration_ms: 0.536753
  type: 'test'
  ...
# Subtest: missing Node SO_PEERCRED boundary fails loudly
ok 89 - missing Node SO_PEERCRED boundary fails loudly
  ---
  duration_ms: 0.152013
  type: 'test'
  ...
# Subtest: EOF classifiers return exact frozen outcomes without overwriting retained failure
ok 90 - EOF classifiers return exact frozen outcomes without overwriting retained failure
  ---
  duration_ms: 0.268469
  type: 'test'
  ...
# Subtest: invocation payload is closed, frozen, canonical and sensitive to every field
ok 91 - invocation payload is closed, frozen, canonical and sensitive to every field
  ---
  duration_ms: 2.525999
  type: 'test'
  ...
# Subtest: boot mismatch child check rejects a different real UUID and accepts the payload UUID
ok 92 - boot mismatch child check rejects a different real UUID and accepts the payload UUID
  ---
  duration_ms: 0.093073
  type: 'test'
  ...
# Subtest: denial force-closes a server socket that does not close after its final write
ok 93 - denial force-closes a server socket that does not close after its final write
  ---
  duration_ms: 251.687865
  type: 'test'
  ...
# Subtest: handoff happy path returns real peer observations and exact response
ok 94 - handoff happy path returns real peer observations and exact response
  ---
  duration_ms: 1.846538
  type: 'test'
  ...
# Subtest: handoff denies forged nonce in order
ok 95 - handoff denies forged nonce in order
  ---
  duration_ms: 1.06591
  type: 'test'
  ...
# Subtest: handoff denies wrong authority in order
ok 96 - handoff denies wrong authority in order
  ---
  duration_ms: 0.873026
  type: 'test'
  ...
# Subtest: handoff denies wrong reservation in order
ok 97 - handoff denies wrong reservation in order
  ---
  duration_ms: 1.40896
  type: 'test'
  ...
# Subtest: handoff denies stale store event in order
ok 98 - handoff denies stale store event in order
  ---
  duration_ms: 1.521031
  type: 'test'
  ...
# Subtest: different launcher PID ancestry denial precedes state confirmation and response
ok 99 - different launcher PID ancestry denial precedes state confirmation and response
  ---
  duration_ms: 0.850918
  type: 'test'
  ...
# Subtest: peer UID mismatch stops before PID ancestry and state checks
ok 100 - peer UID mismatch stops before PID ancestry and state checks
  ---
  duration_ms: 0.878498
  type: 'test'
  ...
# Subtest: boot mismatch records and returns its distinct denial before state confirmation
ok 101 - boot mismatch records and returns its distinct denial before state confirmation
  ---
  duration_ms: 1.03252
  type: 'test'
  ...
# Subtest: successful handshake is one-shot and a replay never answers before its denial record completes
ok 102 - successful handshake is one-shot and a replay never answers before its denial record completes
  ---
  duration_ms: 27.389838
  type: 'test'
  ...
# Subtest: EOF before setup refuses startup
ok 103 - EOF before setup refuses startup
  ---
  duration_ms: 0.962497
  type: 'test'
  ...
# Subtest: setup timeout without a connection resolves denial
ok 104 - setup timeout without a connection resolves denial
  ---
  duration_ms: 15.845434
  type: 'test'
  ...
# Subtest: malformed handshake JSON and missing fields deny without state work
ok 105 - malformed handshake JSON and missing fields deny without state work
  ---
  duration_ms: 1.968429
  type: 'test'
  ...
# Subtest: parent disappearance after startup classifies real channel EOF for retained and unknown outcomes
ok 106 - parent disappearance after startup classifies real channel EOF for retained and unknown outcomes
  ---
  duration_ms: 1.479504
  type: 'test'
  ...
# Subtest: server options are closed and require explicit peer credential retrieval
ok 107 - server options are closed and require explicit peer credential retrieval
  ---
  duration_ms: 0.587835
  type: 'test'
  ...
# Subtest: abort before any connection settles as HANDSHAKE_ABORTED, clears the setup timer and detaches the connection listener without a denial record
ok 108 - abort before any connection settles as HANDSHAKE_ABORTED, clears the setup timer and detaches the connection listener without a denial record
  ---
  duration_ms: 60.075316
  type: 'test'
  ...
# Subtest: abort during a pending replay clears the replay timer and records no late denial
ok 109 - abort during a pending replay clears the replay timer and records no late denial
  ---
  duration_ms: 88.716076
  type: 'test'
  ...
# Subtest: abort while state confirmation is outstanding starts no denial record and never answers
ok 110 - abort while state confirmation is outstanding starts no denial record and never answers
  ---
  duration_ms: 16.123433
  type: 'test'
  ...
# Subtest: an already-aborted signal settles immediately and a malformed signal is rejected
ok 111 - an already-aborted signal settles immediately and a malformed signal is rejected
  ---
  duration_ms: 0.356752
  type: 'test'
  ...
# Subtest: abort during an asynchronous response build returns HANDSHAKE_ABORTED and the late response is never written
ok 112 - abort during an asynchronous response build returns HANDSHAKE_ABORTED and the late response is never written
  ---
  duration_ms: 10.993544
  type: 'test'
  ...
# Subtest: setup timeout during an asynchronous response build denies and the late response is never written
ok 113 - setup timeout during an asynchronous response build denies and the late response is never written
  ---
  duration_ms: 31.455889
  type: 'test'
  ...
# Subtest: persistence bookkeeping counts a successful response write and a replay denial through record and write
ok 114 - persistence bookkeeping counts a successful response write and a replay denial through record and write
  ---
  duration_ms: 21.634891
  type: 'test'
  ...
# Subtest: abort with a replay denial record in flight leaves that record outstanding, then settles it without a denial write
ok 115 - abort with a replay denial record in flight leaves that record outstanding, then settles it without a denial write
  ---
  duration_ms: 11.237187
  type: 'test'
  ...
# Subtest: malformed persistence bookkeeping is rejected
ok 116 - malformed persistence bookkeeping is rejected
  ---
  duration_ms: 0.25488
  type: 'test'
  ...
# Subtest: literal prover lifetime constants and BigInt bounds remain anchored to outer start
ok 117 - literal prover lifetime constants and BigInt bounds remain anchored to outer start
  ---
  duration_ms: 1.307848
  type: 'test'
  ...
# Subtest: wrapper entry accepts only times strictly before the absolute latest start
ok 118 - wrapper entry accepts only times strictly before the absolute latest start
  ---
  duration_ms: 0.216549
  type: 'test'
  ...
# Subtest: wrapper deadline is the earlier of entry plus 1500 seconds and the control deadline
ok 119 - wrapper deadline is the earlier of entry plus 1500 seconds and the control deadline
  ---
  duration_ms: 0.153906
  type: 'test'
  ...
# Subtest: control record encoding is the exact six-line ASCII format and round trips canonically
ok 120 - control record encoding is the exact six-line ASCII format and round trips canonically
  ---
  duration_ms: 0.965521
  type: 'test'
  ...
# Subtest: control record encoder rejects every malformed field and unknown fields
ok 121 - control record encoder rejects every malformed field and unknown fields
  ---
  duration_ms: 0.305075
  type: 'test'
  ...
# Subtest: control record decoder rejects size, CR, framing, schema and malformed fields distinctly
ok 122 - control record decoder rejects size, CR, framing, schema and malformed fields distinctly
  ---
  duration_ms: 0.530605
  type: 'test'
  ...
# Subtest: clock identity compares boot ID and normalized namespace inode without I/O
ok 123 - clock identity compares boot ID and normalized namespace inode without I/O
  ---
  duration_ms: 0.740722
  type: 'test'
  ...
1..123
# tests 123
# suites 0
# pass 123
# fail 0
# cancelled 0
# skipped 0
# todo 0
# duration_ms 1859.690435
