2026-09-29 19:30:08.049 | TIME     | aeon.utils.time_utils:__exit__:36 - [ParseSugar] Time: 0.000 seconds
2026-09-29 19:30:08.185 | DEBUG    | aeon.verification.smt:_ple_unfold_fixpoint_uncached:280 - PLE unfold: steps=0 start_size=1 final_size=1 stop=no_change reflected_funs=1
2026-09-29 19:30:08.186 | DEBUG    | aeon.verification.smt:_ple_unfold_fixpoint_uncached:280 - PLE unfold: steps=1 start_size=10 final_size=3 stop=no_change reflected_funs=1
2026-09-29 19:30:08.186 | DEBUG    | aeon.verification.smt:_ple_unfold_fixpoint_uncached:280 - PLE unfold: steps=0 start_size=3 final_size=3 stop=no_change reflected_funs=1
2026-09-29 19:30:08.186 | DEBUG    | aeon.verification.smt:_ple_unfold_fixpoint_uncached:280 - PLE unfold: steps=0 start_size=3 final_size=3 stop=no_change reflected_funs=1
2026-09-29 19:30:08.186 | DEBUG    | aeon.verification.smt:_ple_unfold_fixpoint_uncached:280 - PLE unfold: steps=0 start_size=3 final_size=3 stop=no_change reflected_funs=1
2026-09-29 19:30:08.186 | DEBUG    | aeon.verification.smt:_ple_unfold_fixpoint_uncached:280 - PLE unfold: steps=0 start_size=3 final_size=3 stop=no_change reflected_funs=1
2026-09-29 19:30:08.186 | DEBUG    | aeon.verification.smt:_ple_unfold_fixpoint_uncached:280 - PLE unfold: steps=0 start_size=7 final_size=7 stop=no_change reflected_funs=1
2026-09-29 19:30:08.186 | DEBUG    | aeon.verification.smt:_ple_unfold_fixpoint_uncached:280 - PLE unfold: steps=0 start_size=3 final_size=3 stop=no_change reflected_funs=1
2026-09-29 19:30:08.186 | DEBUG    | aeon.verification.smt:_ple_unfold_fixpoint_uncached:280 - PLE unfold: steps=0 start_size=3 final_size=3 stop=no_change reflected_funs=1
2026-09-29 19:30:08.186 | DEBUG    | aeon.verification.smt:_ple_unfold_fixpoint_uncached:280 - PLE unfold: steps=0 start_size=1 final_size=1 stop=no_change reflected_funs=1
2026-09-29 19:30:08.188 | DEBUG    | aeon.verification.smt:_ple_unfold_fixpoint_uncached:280 - PLE unfold: steps=0 start_size=3 final_size=3 stop=no_change reflected_funs=1
2026-09-29 19:30:08.188 | DEBUG    | aeon.verification.smt:_ple_unfold_fixpoint_uncached:280 - PLE unfold: steps=0 start_size=3 final_size=3 stop=no_change reflected_funs=1
2026-09-29 19:30:08.197 | DEBUG    | aeon.verification.smt:_ple_unfold_fixpoint_uncached:280 - PLE unfold: steps=0 start_size=1 final_size=1 stop=no_change reflected_funs=1
2026-09-29 19:30:08.198 | DEBUG    | aeon.verification.smt:_ple_unfold_fixpoint_uncached:280 - PLE unfold: steps=1 start_size=10 final_size=3 stop=no_change reflected_funs=1
2026-09-29 19:30:08.199 | DEBUG    | aeon.verification.smt:_ple_unfold_fixpoint_uncached:280 - PLE unfold: steps=0 start_size=3 final_size=3 stop=no_change reflected_funs=1
2026-09-29 19:30:08.199 | DEBUG    | aeon.verification.smt:_ple_unfold_fixpoint_uncached:280 - PLE unfold: steps=0 start_size=1 final_size=1 stop=no_change reflected_funs=1
2026-09-29 19:30:08.206 | DEBUG    | aeon.verification.smt:_ple_unfold_fixpoint_uncached:280 - PLE unfold: steps=0 start_size=3 final_size=3 stop=no_change reflected_funs=1
2026-09-29 19:30:08.206 | DEBUG    | aeon.verification.smt:_ple_unfold_fixpoint_uncached:280 - PLE unfold: steps=0 start_size=3 final_size=3 stop=no_change reflected_funs=1
2026-09-29 19:30:08.207 | DEBUG    | aeon.verification.smt:_ple_unfold_fixpoint_uncached:280 - PLE unfold: steps=0 start_size=3 final_size=3 stop=no_change reflected_funs=1
2026-09-29 19:30:08.207 | DEBUG    | aeon.verification.smt:_ple_unfold_fixpoint_uncached:280 - PLE unfold: steps=0 start_size=3 final_size=3 stop=no_change reflected_funs=1
2026-09-29 19:30:08.208 | DEBUG    | aeon.verification.smt:_ple_unfold_fixpoint_uncached:280 - PLE unfold: steps=0 start_size=3 final_size=3 stop=no_change reflected_funs=1
2026-09-29 19:30:08.208 | DEBUG    | aeon.verification.smt:_ple_unfold_fixpoint_uncached:280 - PLE unfold: steps=0 start_size=3 final_size=3 stop=no_change reflected_funs=1
2026-09-29 19:30:08.209 | DEBUG    | aeon.verification.smt:_ple_unfold_fixpoint_uncached:280 - PLE unfold: steps=0 start_size=3 final_size=3 stop=no_change reflected_funs=1
2026-09-29 19:30:08.210 | DEBUG    | aeon.verification.smt:_ple_unfold_fixpoint_uncached:280 - PLE unfold: steps=0 start_size=3 final_size=3 stop=no_change reflected_funs=1
2026-09-29 19:30:08.213 | DEBUG    | aeon.verification.smt:_ple_unfold_fixpoint_uncached:280 - PLE unfold: steps=0 start_size=3 final_size=3 stop=no_change reflected_funs=1
2026-09-29 19:30:08.213 | DEBUG    | aeon.verification.smt:_ple_unfold_fixpoint_uncached:280 - PLE unfold: steps=0 start_size=7 final_size=7 stop=no_change reflected_funs=1
2026-09-29 19:30:08.215 | DEBUG    | aeon.verification.smt:_ple_unfold_fixpoint_uncached:280 - PLE unfold: steps=0 start_size=3 final_size=3 stop=no_change reflected_funs=1
2026-09-29 19:30:08.215 | DEBUG    | aeon.verification.smt:_ple_unfold_fixpoint_uncached:280 - PLE unfold: steps=0 start_size=3 final_size=3 stop=no_change reflected_funs=1
2026-09-29 19:30:08.219 | DEBUG    | aeon.verification.smt:_ple_unfold_fixpoint_uncached:280 - PLE unfold: steps=0 start_size=3 final_size=3 stop=no_change reflected_funs=1
2026-09-29 19:30:08.219 | DEBUG    | aeon.verification.smt:_ple_unfold_fixpoint_uncached:280 - PLE unfold: steps=0 start_size=3 final_size=3 stop=no_change reflected_funs=1
2026-09-29 19:30:08.221 | DEBUG    | aeon.verification.smt:_ple_unfold_fixpoint_uncached:280 - PLE unfold: steps=0 start_size=3 final_size=3 stop=no_change reflected_funs=1
2026-09-29 19:30:08.221 | DEBUG    | aeon.verification.smt:_ple_unfold_fixpoint_uncached:280 - PLE unfold: steps=0 start_size=3 final_size=3 stop=no_change reflected_funs=1
2026-09-29 19:30:08.232 | DEBUG    | aeon.verification.smt:_ple_unfold_fixpoint_uncached:280 - PLE unfold: steps=0 start_size=3 final_size=3 stop=no_change reflected_funs=1
2026-09-29 19:30:08.233 | DEBUG    | aeon.verification.smt:_ple_unfold_fixpoint_uncached:280 - PLE unfold: steps=0 start_size=1 final_size=1 stop=no_change reflected_funs=1
2026-09-29 19:30:08.233 | DEBUG    | aeon.verification.smt:_ple_unfold_fixpoint_uncached:280 - PLE unfold: steps=0 start_size=3 final_size=3 stop=no_change reflected_funs=1
2026-09-29 19:30:08.233 | DEBUG    | aeon.verification.smt:_ple_unfold_fixpoint_uncached:280 - PLE unfold: steps=0 start_size=1 final_size=1 stop=no_change reflected_funs=1
2026-09-29 19:30:08.234 | DEBUG    | aeon.verification.smt:_ple_unfold_fixpoint_uncached:280 - PLE unfold: steps=0 start_size=1 final_size=1 stop=no_change reflected_funs=1
2026-09-29 19:30:08.234 | DEBUG    | aeon.verification.smt:_ple_unfold_fixpoint_uncached:280 - PLE unfold: steps=1 start_size=10 final_size=3 stop=no_change reflected_funs=1
2026-09-29 19:30:08.234 | DEBUG    | aeon.verification.smt:_ple_unfold_fixpoint_uncached:280 - PLE unfold: steps=0 start_size=1 final_size=1 stop=no_change reflected_funs=1
2026-09-29 19:30:08.235 | TIME     | aeon.utils.time_utils:__exit__:36 - [Compile] Time: 0.186 seconds
2026-09-29 19:30:08.236 | TIME     | aeon.utils.time_utils:__exit__:36 - [DecidabilityScan] Time: 0.001 seconds
2026-09-29 19:30:08.237 | TIME     | aeon.utils.time_utils:__exit__:36 - [Preparing execution env] Time: 0.001 seconds
2026-09-29 19:30:08.237 | TIME     | aeon.utils.time_utils:__exit__:36 - [LLVM compilation] Time: 0.000 seconds
2026-09-29 19:30:08.241 | TIME     | aeon.utils.time_utils:__exit__:36 - [ParseSugar] Time: 0.000 seconds
2026-09-29 19:30:08.312 | DEBUG    | aeon.verification.smt:_ple_unfold_fixpoint_uncached:280 - PLE unfold: steps=0 start_size=1 final_size=1 stop=no_change reflected_funs=1
2026-09-29 19:30:08.312 | DEBUG    | aeon.verification.smt:_ple_unfold_fixpoint_uncached:280 - PLE unfold: steps=1 start_size=10 final_size=3 stop=no_change reflected_funs=1
2026-09-29 19:30:08.312 | DEBUG    | aeon.verification.smt:_ple_unfold_fixpoint_uncached:280 - PLE unfold: steps=0 start_size=3 final_size=3 stop=no_change reflected_funs=1
2026-09-29 19:30:08.312 | DEBUG    | aeon.verification.smt:_ple_unfold_fixpoint_uncached:280 - PLE unfold: steps=0 start_size=3 final_size=3 stop=no_change reflected_funs=1
2026-09-29 19:30:08.312 | DEBUG    | aeon.verification.smt:_ple_unfold_fixpoint_uncached:280 - PLE unfold: steps=0 start_size=3 final_size=3 stop=no_change reflected_funs=1
2026-09-29 19:30:08.312 | DEBUG    | aeon.verification.smt:_ple_unfold_fixpoint_uncached:280 - PLE unfold: steps=0 start_size=3 final_size=3 stop=no_change reflected_funs=1
2026-09-29 19:30:08.312 | DEBUG    | aeon.verification.smt:_ple_unfold_fixpoint_uncached:280 - PLE unfold: steps=0 start_size=7 final_size=7 stop=no_change reflected_funs=1
2026-09-29 19:30:08.312 | DEBUG    | aeon.verification.smt:_ple_unfold_fixpoint_uncached:280 - PLE unfold: steps=0 start_size=3 final_size=3 stop=no_change reflected_funs=1
2026-09-29 19:30:08.312 | DEBUG    | aeon.verification.smt:_ple_unfold_fixpoint_uncached:280 - PLE unfold: steps=0 start_size=3 final_size=3 stop=no_change reflected_funs=1
2026-09-29 19:30:08.312 | DEBUG    | aeon.verification.smt:_ple_unfold_fixpoint_uncached:280 - PLE unfold: steps=0 start_size=1 final_size=1 stop=no_change reflected_funs=1
2026-09-29 19:30:08.318 | DEBUG    | aeon.verification.smt:_ple_unfold_fixpoint_uncached:280 - PLE unfold: steps=0 start_size=3 final_size=3 stop=no_change reflected_funs=1
2026-09-29 19:30:08.318 | DEBUG    | aeon.verification.smt:_ple_unfold_fixpoint_uncached:280 - PLE unfold: steps=0 start_size=3 final_size=3 stop=no_change reflected_funs=1
2026-09-29 19:30:08.320 | DEBUG    | aeon.verification.smt:_ple_unfold_fixpoint_uncached:280 - PLE unfold: steps=0 start_size=1 final_size=1 stop=no_change reflected_funs=1
2026-09-29 19:30:08.320 | DEBUG    | aeon.verification.smt:_ple_unfold_fixpoint_uncached:280 - PLE unfold: steps=1 start_size=10 final_size=3 stop=no_change reflected_funs=1
2026-09-29 19:30:08.320 | DEBUG    | aeon.verification.smt:_ple_unfold_fixpoint_uncached:280 - PLE unfold: steps=0 start_size=3 final_size=3 stop=no_change reflected_funs=1
2026-09-29 19:30:08.320 | DEBUG    | aeon.verification.smt:_ple_unfold_fixpoint_uncached:280 - PLE unfold: steps=0 start_size=1 final_size=1 stop=no_change reflected_funs=1
2026-09-29 19:30:08.321 | DEBUG    | aeon.verification.smt:_ple_unfold_fixpoint_uncached:280 - PLE unfold: steps=0 start_size=3 final_size=3 stop=no_change reflected_funs=1
2026-09-29 19:30:08.321 | DEBUG    | aeon.verification.smt:_ple_unfold_fixpoint_uncached:280 - PLE unfold: steps=0 start_size=3 final_size=3 stop=no_change reflected_funs=1
2026-09-29 19:30:08.334 | DEBUG    | aeon.verification.smt:_ple_unfold_fixpoint_uncached:280 - PLE unfold: steps=0 start_size=1 final_size=1 stop=no_change reflected_funs=1
2026-09-29 19:30:08.335 | DEBUG    | aeon.verification.smt:_ple_unfold_fixpoint_uncached:280 - PLE unfold: steps=1 start_size=10 final_size=3 stop=no_change reflected_funs=1
2026-09-29 19:30:08.335 | DEBUG    | aeon.verification.smt:_ple_unfold_fixpoint_uncached:280 - PLE unfold: steps=0 start_size=3 final_size=3 stop=no_change reflected_funs=1
2026-09-29 19:30:08.335 | DEBUG    | aeon.verification.smt:_ple_unfold_fixpoint_uncached:280 - PLE unfold: steps=0 start_size=3 final_size=3 stop=no_change reflected_funs=1
2026-09-29 19:30:08.335 | DEBUG    | aeon.verification.smt:_ple_unfold_fixpoint_uncached:280 - PLE unfold: steps=0 start_size=3 final_size=3 stop=no_change reflected_funs=1
2026-09-29 19:30:08.335 | DEBUG    | aeon.verification.smt:_ple_unfold_fixpoint_uncached:280 - PLE unfold: steps=0 start_size=3 final_size=3 stop=no_change reflected_funs=1
2026-09-29 19:30:08.335 | DEBUG    | aeon.verification.smt:_ple_unfold_fixpoint_uncached:280 - PLE unfold: steps=0 start_size=7 final_size=7 stop=no_change reflected_funs=1
2026-09-29 19:30:08.335 | DEBUG    | aeon.verification.smt:_ple_unfold_fixpoint_uncached:280 - PLE unfold: steps=0 start_size=3 final_size=3 stop=no_change reflected_funs=1
2026-09-29 19:30:08.335 | DEBUG    | aeon.verification.smt:_ple_unfold_fixpoint_uncached:280 - PLE unfold: steps=0 start_size=3 final_size=3 stop=no_change reflected_funs=1
2026-09-29 19:30:08.335 | DEBUG    | aeon.verification.smt:_ple_unfold_fixpoint_uncached:280 - PLE unfold: steps=0 start_size=3 final_size=3 stop=no_change reflected_funs=1
2026-09-29 19:30:08.335 | DEBUG    | aeon.verification.smt:_ple_unfold_fixpoint_uncached:280 - PLE unfold: steps=0 start_size=3 final_size=3 stop=no_change reflected_funs=1
2026-09-29 19:30:08.337 | DEBUG    | aeon.verification.smt:_ple_unfold_fixpoint_uncached:280 - PLE unfold: steps=0 start_size=1 final_size=1 stop=no_change reflected_funs=1
2026-09-29 19:30:08.337 | DEBUG    | aeon.verification.smt:_ple_unfold_fixpoint_uncached:280 - PLE unfold: steps=1 start_size=10 final_size=3 stop=no_change reflected_funs=1
2026-09-29 19:30:08.338 | DEBUG    | aeon.verification.smt:_ple_unfold_fixpoint_uncached:280 - PLE unfold: steps=0 start_size=3 final_size=3 stop=no_change reflected_funs=1
2026-09-29 19:30:08.338 | DEBUG    | aeon.verification.smt:_ple_unfold_fixpoint_uncached:280 - PLE unfold: steps=0 start_size=3 final_size=3 stop=no_change reflected_funs=1
2026-09-29 19:30:08.338 | DEBUG    | aeon.verification.smt:_ple_unfold_fixpoint_uncached:280 - PLE unfold: steps=0 start_size=3 final_size=3 stop=no_change reflected_funs=1
2026-09-29 19:30:08.342 | DEBUG    | aeon.verification.smt:_ple_unfold_fixpoint_uncached:280 - PLE unfold: steps=0 start_size=1 final_size=1 stop=no_change reflected_funs=1
2026-09-29 19:30:08.343 | DEBUG    | aeon.verification.smt:_ple_unfold_fixpoint_uncached:280 - PLE unfold: steps=1 start_size=10 final_size=3 stop=no_change reflected_funs=1
2026-09-29 19:30:08.343 | DEBUG    | aeon.verification.smt:_ple_unfold_fixpoint_uncached:280 - PLE unfold: steps=0 start_size=3 final_size=3 stop=no_change reflected_funs=1
2026-09-29 19:30:08.343 | DEBUG    | aeon.verification.smt:_ple_unfold_fixpoint_uncached:280 - PLE unfold: steps=0 start_size=3 final_size=3 stop=no_change reflected_funs=1
2026-09-29 19:30:08.343 | DEBUG    | aeon.verification.smt:_ple_unfold_fixpoint_uncached:280 - PLE unfold: steps=0 start_size=3 final_size=3 stop=no_change reflected_funs=1
2026-09-29 19:30:08.349 | DEBUG    | aeon.verification.smt:_ple_unfold_fixpoint_uncached:280 - PLE unfold: steps=0 start_size=1 final_size=1 stop=no_change reflected_funs=1
2026-09-29 19:30:08.349 | DEBUG    | aeon.verification.smt:_ple_unfold_fixpoint_uncached:280 - PLE unfold: steps=1 start_size=10 final_size=3 stop=no_change reflected_funs=1
2026-09-29 19:30:08.349 | DEBUG    | aeon.verification.smt:_ple_unfold_fixpoint_uncached:280 - PLE unfold: steps=0 start_size=3 final_size=3 stop=no_change reflected_funs=1
2026-09-29 19:30:08.349 | DEBUG    | aeon.verification.smt:_ple_unfold_fixpoint_uncached:280 - PLE unfold: steps=0 start_size=3 final_size=3 stop=no_change reflected_funs=1
2026-09-29 19:30:08.349 | DEBUG    | aeon.verification.smt:_ple_unfold_fixpoint_uncached:280 - PLE unfold: steps=0 start_size=3 final_size=3 stop=no_change reflected_funs=1
2026-09-29 19:30:08.350 | DEBUG    | aeon.verification.smt:_ple_unfold_fixpoint_uncached:280 - PLE unfold: steps=0 start_size=1 final_size=1 stop=no_change reflected_funs=1
2026-09-29 19:30:08.350 | DEBUG    | aeon.verification.smt:_ple_unfold_fixpoint_uncached:280 - PLE unfold: steps=1 start_size=10 final_size=3 stop=no_change reflected_funs=1
2026-09-29 19:30:08.350 | DEBUG    | aeon.verification.smt:_ple_unfold_fixpoint_uncached:280 - PLE unfold: steps=0 start_size=3 final_size=3 stop=no_change reflected_funs=1
2026-09-29 19:30:08.350 | DEBUG    | aeon.verification.smt:_ple_unfold_fixpoint_uncached:280 - PLE unfold: steps=0 start_size=3 final_size=3 stop=no_change reflected_funs=1
2026-09-29 19:30:08.350 | DEBUG    | aeon.verification.smt:_ple_unfold_fixpoint_uncached:280 - PLE unfold: steps=0 start_size=3 final_size=3 stop=no_change reflected_funs=1
2026-09-29 19:30:08.353 | DEBUG    | aeon.verification.smt:_ple_unfold_fixpoint_uncached:280 - PLE unfold: steps=0 start_size=1 final_size=1 stop=no_change reflected_funs=1
2026-09-29 19:30:08.354 | DEBUG    | aeon.verification.smt:_ple_unfold_fixpoint_uncached:280 - PLE unfold: steps=1 start_size=10 final_size=3 stop=no_change reflected_funs=1
2026-09-29 19:30:08.354 | DEBUG    | aeon.verification.smt:_ple_unfold_fixpoint_uncached:280 - PLE unfold: steps=0 start_size=3 final_size=3 stop=no_change reflected_funs=1
2026-09-29 19:30:08.354 | DEBUG    | aeon.verification.smt:_ple_unfold_fixpoint_uncached:280 - PLE unfold: steps=0 start_size=3 final_size=3 stop=no_change reflected_funs=1
2026-09-29 19:30:08.354 | DEBUG    | aeon.verification.smt:_ple_unfold_fixpoint_uncached:280 - PLE unfold: steps=0 start_size=7 final_size=7 stop=no_change reflected_funs=1
2026-09-29 19:30:08.362 | DEBUG    | aeon.verification.smt:_ple_unfold_fixpoint_uncached:280 - PLE unfold: steps=0 start_size=1 final_size=1 stop=no_change reflected_funs=1
2026-09-29 19:30:08.362 | DEBUG    | aeon.verification.smt:_ple_unfold_fixpoint_uncached:280 - PLE unfold: steps=1 start_size=10 final_size=3 stop=no_change reflected_funs=1
2026-09-29 19:30:08.362 | DEBUG    | aeon.verification.smt:_ple_unfold_fixpoint_uncached:280 - PLE unfold: steps=0 start_size=3 final_size=3 stop=no_change reflected_funs=1
2026-09-29 19:30:08.362 | DEBUG    | aeon.verification.smt:_ple_unfold_fixpoint_uncached:280 - PLE unfold: steps=0 start_size=3 final_size=3 stop=no_change reflected_funs=1
2026-09-29 19:30:08.362 | DEBUG    | aeon.verification.smt:_ple_unfold_fixpoint_uncached:280 - PLE unfold: steps=0 start_size=3 final_size=3 stop=no_change reflected_funs=1
2026-09-29 19:30:08.369 | DEBUG    | aeon.verification.smt:_ple_unfold_fixpoint_uncached:280 - PLE unfold: steps=0 start_size=1 final_size=1 stop=no_change reflected_funs=1
2026-09-29 19:30:08.370 | DEBUG    | aeon.verification.smt:_ple_unfold_fixpoint_uncached:280 - PLE unfold: steps=1 start_size=10 final_size=3 stop=no_change reflected_funs=1
2026-09-29 19:30:08.370 | DEBUG    | aeon.verification.smt:_ple_unfold_fixpoint_uncached:280 - PLE unfold: steps=0 start_size=3 final_size=3 stop=no_change reflected_funs=1
2026-09-29 19:30:08.370 | DEBUG    | aeon.verification.smt:_ple_unfold_fixpoint_uncached:280 - PLE unfold: steps=0 start_size=3 final_size=3 stop=no_change reflected_funs=1
2026-09-29 19:30:08.370 | DEBUG    | aeon.verification.smt:_ple_unfold_fixpoint_uncached:280 - PLE unfold: steps=0 start_size=3 final_size=3 stop=no_change reflected_funs=1
2026-09-29 19:30:08.372 | DEBUG    | aeon.verification.smt:_ple_unfold_fixpoint_uncached:280 - PLE unfold: steps=0 start_size=1 final_size=1 stop=no_change reflected_funs=1
2026-09-29 19:30:08.372 | DEBUG    | aeon.verification.smt:_ple_unfold_fixpoint_uncached:280 - PLE unfold: steps=1 start_size=10 final_size=3 stop=no_change reflected_funs=1
2026-09-29 19:30:08.372 | DEBUG    | aeon.verification.smt:_ple_unfold_fixpoint_uncached:280 - PLE unfold: steps=0 start_size=3 final_size=3 stop=no_change reflected_funs=1
2026-09-29 19:30:08.372 | DEBUG    | aeon.verification.smt:_ple_unfold_fixpoint_uncached:280 - PLE unfold: steps=0 start_size=3 final_size=3 stop=no_change reflected_funs=1
2026-09-29 19:30:08.372 | DEBUG    | aeon.verification.smt:_ple_unfold_fixpoint_uncached:280 - PLE unfold: steps=0 start_size=3 final_size=3 stop=no_change reflected_funs=1
2026-09-29 19:30:08.378 | TIME     | aeon.utils.time_utils:__exit__:36 - [Compile] Time: 0.137 seconds
2026-09-29 19:30:08.378 | TIME     | aeon.utils.time_utils:__exit__:36 - [ParseSugar] Time: 0.000 seconds
2026-09-29 19:30:08.456 | DEBUG    | aeon.verification.smt:_ple_unfold_fixpoint_uncached:280 - PLE unfold: steps=0 start_size=1 final_size=1 stop=no_change reflected_funs=1
2026-09-29 19:30:08.456 | DEBUG    | aeon.verification.smt:_ple_unfold_fixpoint_uncached:280 - PLE unfold: steps=1 start_size=10 final_size=3 stop=no_change reflected_funs=1
2026-09-29 19:30:08.456 | DEBUG    | aeon.verification.smt:_ple_unfold_fixpoint_uncached:280 - PLE unfold: steps=0 start_size=3 final_size=3 stop=no_change reflected_funs=1
2026-09-29 19:30:08.456 | DEBUG    | aeon.verification.smt:_ple_unfold_fixpoint_uncached:280 - PLE unfold: steps=0 start_size=3 final_size=3 stop=no_change reflected_funs=1
2026-09-29 19:30:08.457 | DEBUG    | aeon.verification.smt:_ple_unfold_fixpoint_uncached:280 - PLE unfold: steps=0 start_size=3 final_size=3 stop=no_change reflected_funs=1
2026-09-29 19:30:08.457 | DEBUG    | aeon.verification.smt:_ple_unfold_fixpoint_uncached:280 - PLE unfold: steps=0 start_size=3 final_size=3 stop=no_change reflected_funs=1
2026-09-29 19:30:08.457 | DEBUG    | aeon.verification.smt:_ple_unfold_fixpoint_uncached:280 - PLE unfold: steps=0 start_size=7 final_size=7 stop=no_change reflected_funs=1
2026-09-29 19:30:08.457 | DEBUG    | aeon.verification.smt:_ple_unfold_fixpoint_uncached:280 - PLE unfold: steps=0 start_size=3 final_size=3 stop=no_change reflected_funs=1
2026-09-29 19:30:08.457 | DEBUG    | aeon.verification.smt:_ple_unfold_fixpoint_uncached:280 - PLE unfold: steps=0 start_size=3 final_size=3 stop=no_change reflected_funs=1
2026-09-29 19:30:08.461 | DEBUG    | aeon.verification.smt:_ple_unfold_fixpoint_uncached:280 - PLE unfold: steps=0 start_size=1 final_size=1 stop=no_change reflected_funs=1
2026-09-29 19:30:08.462 | DEBUG    | aeon.verification.smt:_ple_unfold_fixpoint_uncached:280 - PLE unfold: steps=0 start_size=3 final_size=3 stop=no_change reflected_funs=1
2026-09-29 19:30:08.462 | DEBUG    | aeon.verification.smt:_ple_unfold_fixpoint_uncached:280 - PLE unfold: steps=0 start_size=3 final_size=3 stop=no_change reflected_funs=1
2026-09-29 19:30:08.466 | DEBUG    | aeon.verification.smt:_ple_unfold_fixpoint_uncached:280 - PLE unfold: steps=0 start_size=1 final_size=1 stop=no_change reflected_funs=1
2026-09-29 19:30:08.466 | DEBUG    | aeon.verification.smt:_ple_unfold_fixpoint_uncached:280 - PLE unfold: steps=1 start_size=10 final_size=3 stop=no_change reflected_funs=1
2026-09-29 19:30:08.466 | DEBUG    | aeon.verification.smt:_ple_unfold_fixpoint_uncached:280 - PLE unfold: steps=0 start_size=3 final_size=3 stop=no_change reflected_funs=1
2026-09-29 19:30:08.466 | DEBUG    | aeon.verification.smt:_ple_unfold_fixpoint_uncached:280 - PLE unfold: steps=0 start_size=1 final_size=1 stop=no_change reflected_funs=1
2026-09-29 19:30:08.467 | DEBUG    | aeon.verification.smt:_ple_unfold_fixpoint_uncached:280 - PLE unfold: steps=0 start_size=3 final_size=3 stop=no_change reflected_funs=1
2026-09-29 19:30:08.467 | DEBUG    | aeon.verification.smt:_ple_unfold_fixpoint_uncached:280 - PLE unfold: steps=0 start_size=3 final_size=3 stop=no_change reflected_funs=1
2026-09-29 19:30:08.471 | DEBUG    | aeon.verification.smt:_ple_unfold_fixpoint_uncached:280 - PLE unfold: steps=0 start_size=3 final_size=3 stop=no_change reflected_funs=1
2026-09-29 19:30:08.471 | DEBUG    | aeon.verification.smt:_ple_unfold_fixpoint_uncached:280 - PLE unfold: steps=0 start_size=3 final_size=3 stop=no_change reflected_funs=1
2026-09-29 19:30:08.474 | DEBUG    | aeon.verification.smt:_ple_unfold_fixpoint_uncached:280 - PLE unfold: steps=0 start_size=1 final_size=1 stop=no_change reflected_funs=1
2026-09-29 19:30:08.474 | DEBUG    | aeon.verification.smt:_ple_unfold_fixpoint_uncached:280 - PLE unfold: steps=1 start_size=10 final_size=3 stop=no_change reflected_funs=1
2026-09-29 19:30:08.474 | DEBUG    | aeon.verification.smt:_ple_unfold_fixpoint_uncached:280 - PLE unfold: steps=0 start_size=3 final_size=3 stop=no_change reflected_funs=1
2026-09-29 19:30:08.474 | DEBUG    | aeon.verification.smt:_ple_unfold_fixpoint_uncached:280 - PLE unfold: steps=0 start_size=3 final_size=3 stop=no_change reflected_funs=1
2026-09-29 19:30:08.474 | DEBUG    | aeon.verification.smt:_ple_unfold_fixpoint_uncached:280 - PLE unfold: steps=0 start_size=3 final_size=3 stop=no_change reflected_funs=1
2026-09-29 19:30:08.478 | DEBUG    | aeon.verification.smt:_ple_unfold_fixpoint_uncached:280 - PLE unfold: steps=0 start_size=1 final_size=1 stop=no_change reflected_funs=1
2026-09-29 19:30:08.479 | DEBUG    | aeon.verification.smt:_ple_unfold_fixpoint_uncached:280 - PLE unfold: steps=1 start_size=10 final_size=3 stop=no_change reflected_funs=1
2026-09-29 19:30:08.479 | DEBUG    | aeon.verification.smt:_ple_unfold_fixpoint_uncached:280 - PLE unfold: steps=0 start_size=3 final_size=3 stop=no_change reflected_funs=1
2026-09-29 19:30:08.479 | DEBUG    | aeon.verification.smt:_ple_unfold_fixpoint_uncached:280 - PLE unfold: steps=0 start_size=3 final_size=3 stop=no_change reflected_funs=1
2026-09-29 19:30:08.479 | DEBUG    | aeon.verification.smt:_ple_unfold_fixpoint_uncached:280 - PLE unfold: steps=0 start_size=3 final_size=3 stop=no_change reflected_funs=1
2026-09-29 19:30:08.487 | TIME     | aeon.utils.time_utils:__exit__:36 - [Compile] Time: 0.108 seconds
2026-09-29 19:30:08.487 | TIME     | aeon.utils.time_utils:__exit__:36 - [ParseSugar] Time: 0.000 seconds
2026-09-29 19:30:08.566 | DEBUG    | aeon.verification.smt:_ple_unfold_fixpoint_uncached:280 - PLE unfold: steps=0 start_size=1 final_size=1 stop=no_change reflected_funs=1
2026-09-29 19:30:08.576 | DEBUG    | aeon.verification.smt:_ple_unfold_fixpoint_uncached:280 - PLE unfold: steps=1 start_size=10 final_size=3 stop=no_change reflected_funs=1
2026-09-29 19:30:08.576 | DEBUG    | aeon.verification.smt:_ple_unfold_fixpoint_uncached:280 - PLE unfold: steps=0 start_size=3 final_size=3 stop=no_change reflected_funs=1
2026-09-29 19:30:08.576 | DEBUG    | aeon.verification.smt:_ple_unfold_fixpoint_uncached:280 - PLE unfold: steps=0 start_size=3 final_size=3 stop=no_change reflected_funs=1
2026-09-29 19:30:08.576 | DEBUG    | aeon.verification.smt:_ple_unfold_fixpoint_uncached:280 - PLE unfold: steps=0 start_size=3 final_size=3 stop=no_change reflected_funs=1
2026-09-29 19:30:08.576 | DEBUG    | aeon.verification.smt:_ple_unfold_fixpoint_uncached:280 - PLE unfold: steps=0 start_size=3 final_size=3 stop=no_change reflected_funs=1
2026-09-29 19:30:08.576 | DEBUG    | aeon.verification.smt:_ple_unfold_fixpoint_uncached:280 - PLE unfold: steps=0 start_size=7 final_size=7 stop=no_change reflected_funs=1
2026-09-29 19:30:08.576 | DEBUG    | aeon.verification.smt:_ple_unfold_fixpoint_uncached:280 - PLE unfold: steps=0 start_size=3 final_size=3 stop=no_change reflected_funs=1
2026-09-29 19:30:08.576 | DEBUG    | aeon.verification.smt:_ple_unfold_fixpoint_uncached:280 - PLE unfold: steps=0 start_size=3 final_size=3 stop=no_change reflected_funs=1
2026-09-29 19:30:08.576 | DEBUG    | aeon.verification.smt:_ple_unfold_fixpoint_uncached:280 - PLE unfold: steps=0 start_size=1 final_size=1 stop=no_change reflected_funs=1
2026-09-29 19:30:08.577 | DEBUG    | aeon.verification.smt:_ple_unfold_fixpoint_uncached:280 - PLE unfold: steps=0 start_size=3 final_size=3 stop=no_change reflected_funs=1
2026-09-29 19:30:08.577 | DEBUG    | aeon.verification.smt:_ple_unfold_fixpoint_uncached:280 - PLE unfold: steps=0 start_size=3 final_size=3 stop=no_change reflected_funs=1
2026-09-29 19:30:08.582 | DEBUG    | aeon.verification.smt:_ple_unfold_fixpoint_uncached:280 - PLE unfold: steps=0 start_size=1 final_size=1 stop=no_change reflected_funs=1
2026-09-29 19:30:08.582 | DEBUG    | aeon.verification.smt:_ple_unfold_fixpoint_uncached:280 - PLE unfold: steps=1 start_size=10 final_size=3 stop=no_change reflected_funs=1
2026-09-29 19:30:08.582 | DEBUG    | aeon.verification.smt:_ple_unfold_fixpoint_uncached:280 - PLE unfold: steps=0 start_size=3 final_size=3 stop=no_change reflected_funs=1
2026-09-29 19:30:08.582 | DEBUG    | aeon.verification.smt:_ple_unfold_fixpoint_uncached:280 - PLE unfold: steps=0 start_size=1 final_size=1 stop=no_change reflected_funs=1
2026-09-29 19:30:08.583 | DEBUG    | aeon.verification.smt:_ple_unfold_fixpoint_uncached:280 - PLE unfold: steps=0 start_size=3 final_size=3 stop=no_change reflected_funs=1
2026-09-29 19:30:08.583 | DEBUG    | aeon.verification.smt:_ple_unfold_fixpoint_uncached:280 - PLE unfold: steps=0 start_size=3 final_size=3 stop=no_change reflected_funs=1
2026-09-29 19:30:08.588 | DEBUG    | aeon.verification.smt:_ple_unfold_fixpoint_uncached:280 - PLE unfold: steps=0 start_size=3 final_size=3 stop=no_change reflected_funs=1
2026-09-29 19:30:08.588 | DEBUG    | aeon.verification.smt:_ple_unfold_fixpoint_uncached:280 - PLE unfold: steps=0 start_size=3 final_size=3 stop=no_change reflected_funs=1
2026-09-29 19:30:08.589 | DEBUG    | aeon.verification.smt:_ple_unfold_fixpoint_uncached:280 - PLE unfold: steps=0 start_size=3 final_size=3 stop=no_change reflected_funs=1
2026-09-29 19:30:08.589 | DEBUG    | aeon.verification.smt:_ple_unfold_fixpoint_uncached:280 - PLE unfold: steps=0 start_size=3 final_size=3 stop=no_change reflected_funs=1
2026-09-29 19:30:08.590 | DEBUG    | aeon.verification.smt:_ple_unfold_fixpoint_uncached:280 - PLE unfold: steps=0 start_size=1 final_size=1 stop=no_change reflected_funs=1
2026-09-29 19:30:08.590 | DEBUG    | aeon.verification.smt:_ple_unfold_fixpoint_uncached:280 - PLE unfold: steps=1 start_size=10 final_size=3 stop=no_change reflected_funs=1
2026-09-29 19:30:08.590 | DEBUG    | aeon.verification.smt:_ple_unfold_fixpoint_uncached:280 - PLE unfold: steps=0 start_size=3 final_size=3 stop=no_change reflected_funs=1
2026-09-29 19:30:08.590 | DEBUG    | aeon.verification.smt:_ple_unfold_fixpoint_uncached:280 - PLE unfold: steps=0 start_size=3 final_size=3 stop=no_change reflected_funs=1
2026-09-29 19:30:08.590 | DEBUG    | aeon.verification.smt:_ple_unfold_fixpoint_uncached:280 - PLE unfold: steps=0 start_size=3 final_size=3 stop=no_change reflected_funs=1
2026-09-29 19:30:08.599 | TIME     | aeon.utils.time_utils:__exit__:36 - [Compile] Time: 0.111 seconds
2026-09-29 19:30:08.599 | TIME     | aeon.utils.time_utils:__exit__:36 - [ParseSugar] Time: 0.000 seconds
2026-09-29 19:30:08.643 | DEBUG    | aeon.verification.smt:_ple_unfold_fixpoint_uncached:280 - PLE unfold: steps=0 start_size=1 final_size=1 stop=no_change reflected_funs=1
2026-09-29 19:30:08.644 | DEBUG    | aeon.verification.smt:_ple_unfold_fixpoint_uncached:280 - PLE unfold: steps=1 start_size=10 final_size=3 stop=no_change reflected_funs=1
2026-09-29 19:30:08.644 | DEBUG    | aeon.verification.smt:_ple_unfold_fixpoint_uncached:280 - PLE unfold: steps=0 start_size=3 final_size=3 stop=no_change reflected_funs=1
2026-09-29 19:30:08.644 | DEBUG    | aeon.verification.smt:_ple_unfold_fixpoint_uncached:280 - PLE unfold: steps=0 start_size=3 final_size=3 stop=no_change reflected_funs=1
2026-09-29 19:30:08.644 | DEBUG    | aeon.verification.smt:_ple_unfold_fixpoint_uncached:280 - PLE unfold: steps=0 start_size=3 final_size=3 stop=no_change reflected_funs=1
2026-09-29 19:30:08.644 | DEBUG    | aeon.verification.smt:_ple_unfold_fixpoint_uncached:280 - PLE unfold: steps=0 start_size=3 final_size=3 stop=no_change reflected_funs=1
2026-09-29 19:30:08.644 | DEBUG    | aeon.verification.smt:_ple_unfold_fixpoint_uncached:280 - PLE unfold: steps=0 start_size=7 final_size=7 stop=no_change reflected_funs=1
2026-09-29 19:30:08.644 | DEBUG    | aeon.verification.smt:_ple_unfold_fixpoint_uncached:280 - PLE unfold: steps=0 start_size=3 final_size=3 stop=no_change reflected_funs=1
2026-09-29 19:30:08.644 | DEBUG    | aeon.verification.smt:_ple_unfold_fixpoint_uncached:280 - PLE unfold: steps=0 start_size=3 final_size=3 stop=no_change reflected_funs=1
2026-09-29 19:30:08.644 | DEBUG    | aeon.verification.smt:_ple_unfold_fixpoint_uncached:280 - PLE unfold: steps=0 start_size=1 final_size=1 stop=no_change reflected_funs=1
2026-09-29 19:30:08.654 | DEBUG    | aeon.verification.smt:_ple_unfold_fixpoint_uncached:280 - PLE unfold: steps=0 start_size=3 final_size=3 stop=no_change reflected_funs=1
2026-09-29 19:30:08.654 | DEBUG    | aeon.verification.smt:_ple_unfold_fixpoint_uncached:280 - PLE unfold: steps=0 start_size=3 final_size=3 stop=no_change reflected_funs=1
2026-09-29 19:30:08.660 | DEBUG    | aeon.verification.smt:_ple_unfold_fixpoint_uncached:280 - PLE unfold: steps=0 start_size=1 final_size=1 stop=no_change reflected_funs=1
2026-09-29 19:30:08.660 | DEBUG    | aeon.verification.smt:_ple_unfold_fixpoint_uncached:280 - PLE unfold: steps=1 start_size=10 final_size=3 stop=no_change reflected_funs=1
2026-09-29 19:30:08.660 | DEBUG    | aeon.verification.smt:_ple_unfold_fixpoint_uncached:280 - PLE unfold: steps=0 start_size=3 final_size=3 stop=no_change reflected_funs=1
2026-09-29 19:30:08.660 | DEBUG    | aeon.verification.smt:_ple_unfold_fixpoint_uncached:280 - PLE unfold: steps=0 start_size=1 final_size=1 stop=no_change reflected_funs=1
2026-09-29 19:30:08.661 | DEBUG    | aeon.verification.smt:_ple_unfold_fixpoint_uncached:280 - PLE unfold: steps=0 start_size=3 final_size=3 stop=no_change reflected_funs=1
2026-09-29 19:30:08.661 | DEBUG    | aeon.verification.smt:_ple_unfold_fixpoint_uncached:280 - PLE unfold: steps=0 start_size=3 final_size=3 stop=no_change reflected_funs=1
2026-09-29 19:30:08.663 | DEBUG    | aeon.verification.smt:_ple_unfold_fixpoint_uncached:280 - PLE unfold: steps=0 start_size=3 final_size=3 stop=no_change reflected_funs=1
2026-09-29 19:30:08.663 | DEBUG    | aeon.verification.smt:_ple_unfold_fixpoint_uncached:280 - PLE unfold: steps=0 start_size=3 final_size=3 stop=no_change reflected_funs=1
2026-09-29 19:30:08.664 | DEBUG    | aeon.verification.smt:_ple_unfold_fixpoint_uncached:280 - PLE unfold: steps=0 start_size=3 final_size=3 stop=no_change reflected_funs=1
2026-09-29 19:30:08.664 | DEBUG    | aeon.verification.smt:_ple_unfold_fixpoint_uncached:280 - PLE unfold: steps=0 start_size=3 final_size=3 stop=no_change reflected_funs=1
2026-09-29 19:30:08.673 | DEBUG    | aeon.verification.smt:_ple_unfold_fixpoint_uncached:280 - PLE unfold: steps=0 start_size=3 final_size=3 stop=no_change reflected_funs=1
2026-09-29 19:30:08.674 | DEBUG    | aeon.verification.smt:_ple_unfold_fixpoint_uncached:280 - PLE unfold: steps=0 start_size=3 final_size=3 stop=no_change reflected_funs=1
2026-09-29 19:30:08.675 | DEBUG    | aeon.verification.smt:_ple_unfold_fixpoint_uncached:280 - PLE unfold: steps=0 start_size=1 final_size=1 stop=no_change reflected_funs=1
2026-09-29 19:30:08.675 | DEBUG    | aeon.verification.smt:_ple_unfold_fixpoint_uncached:280 - PLE unfold: steps=1 start_size=10 final_size=3 stop=no_change reflected_funs=1
2026-09-29 19:30:08.675 | DEBUG    | aeon.verification.smt:_ple_unfold_fixpoint_uncached:280 - PLE unfold: steps=0 start_size=3 final_size=3 stop=no_change reflected_funs=1
2026-09-29 19:30:08.675 | DEBUG    | aeon.verification.smt:_ple_unfold_fixpoint_uncached:280 - PLE unfold: steps=0 start_size=3 final_size=3 stop=no_change reflected_funs=1
2026-09-29 19:30:08.675 | DEBUG    | aeon.verification.smt:_ple_unfold_fixpoint_uncached:280 - PLE unfold: steps=0 start_size=3 final_size=3 stop=no_change reflected_funs=1
2026-09-29 19:30:08.677 | TIME     | aeon.utils.time_utils:__exit__:36 - [Compile] Time: 0.077 seconds
2026-09-29 19:30:08.677 | TIME     | aeon.utils.time_utils:__exit__:36 - [ParseSugar] Time: 0.000 seconds
2026-09-29 19:30:08.721 | DEBUG    | aeon.verification.smt:_ple_unfold_fixpoint_uncached:280 - PLE unfold: steps=0 start_size=1 final_size=1 stop=no_change reflected_funs=1
2026-09-29 19:30:08.721 | DEBUG    | aeon.verification.smt:_ple_unfold_fixpoint_uncached:280 - PLE unfold: steps=1 start_size=10 final_size=3 stop=no_change reflected_funs=1
2026-09-29 19:30:08.721 | DEBUG    | aeon.verification.smt:_ple_unfold_fixpoint_uncached:280 - PLE unfold: steps=0 start_size=3 final_size=3 stop=no_change reflected_funs=1
2026-09-29 19:30:08.721 | DEBUG    | aeon.verification.smt:_ple_unfold_fixpoint_uncached:280 - PLE unfold: steps=0 start_size=3 final_size=3 stop=no_change reflected_funs=1
2026-09-29 19:30:08.721 | DEBUG    | aeon.verification.smt:_ple_unfold_fixpoint_uncached:280 - PLE unfold: steps=0 start_size=3 final_size=3 stop=no_change reflected_funs=1
2026-09-29 19:30:08.721 | DEBUG    | aeon.verification.smt:_ple_unfold_fixpoint_uncached:280 - PLE unfold: steps=0 start_size=3 final_size=3 stop=no_change reflected_funs=1
2026-09-29 19:30:08.721 | DEBUG    | aeon.verification.smt:_ple_unfold_fixpoint_uncached:280 - PLE unfold: steps=0 start_size=7 final_size=7 stop=no_change reflected_funs=1
2026-09-29 19:30:08.721 | DEBUG    | aeon.verification.smt:_ple_unfold_fixpoint_uncached:280 - PLE unfold: steps=0 start_size=3 final_size=3 stop=no_change reflected_funs=1
2026-09-29 19:30:08.721 | DEBUG    | aeon.verification.smt:_ple_unfold_fixpoint_uncached:280 - PLE unfold: steps=0 start_size=3 final_size=3 stop=no_change reflected_funs=1
2026-09-29 19:30:08.721 | DEBUG    | aeon.verification.smt:_ple_unfold_fixpoint_uncached:280 - PLE unfold: steps=0 start_size=1 final_size=1 stop=no_change reflected_funs=1
2026-09-29 19:30:08.723 | DEBUG    | aeon.verification.smt:_ple_unfold_fixpoint_uncached:280 - PLE unfold: steps=0 start_size=3 final_size=3 stop=no_change reflected_funs=1
2026-09-29 19:30:08.723 | DEBUG    | aeon.verification.smt:_ple_unfold_fixpoint_uncached:280 - PLE unfold: steps=0 start_size=3 final_size=3 stop=no_change reflected_funs=1
2026-09-29 19:30:08.725 | DEBUG    | aeon.verification.smt:_ple_unfold_fixpoint_uncached:280 - PLE unfold: steps=0 start_size=1 final_size=1 stop=no_change reflected_funs=1
2026-09-29 19:30:08.725 | DEBUG    | aeon.verification.smt:_ple_unfold_fixpoint_uncached:280 - PLE unfold: steps=1 start_size=10 final_size=3 stop=no_change reflected_funs=1
2026-09-29 19:30:08.726 | DEBUG    | aeon.verification.smt:_ple_unfold_fixpoint_uncached:280 - PLE unfold: steps=0 start_size=3 final_size=3 stop=no_change reflected_funs=1
2026-09-29 19:30:08.726 | DEBUG    | aeon.verification.smt:_ple_unfold_fixpoint_uncached:280 - PLE unfold: steps=0 start_size=1 final_size=1 stop=no_change reflected_funs=1
2026-09-29 19:30:08.726 | DEBUG    | aeon.verification.smt:_ple_unfold_fixpoint_uncached:280 - PLE unfold: steps=0 start_size=3 final_size=3 stop=no_change reflected_funs=1
2026-09-29 19:30:08.726 | DEBUG    | aeon.verification.smt:_ple_unfold_fixpoint_uncached:280 - PLE unfold: steps=0 start_size=3 final_size=3 stop=no_change reflected_funs=1
2026-09-29 19:30:08.730 | DEBUG    | aeon.verification.smt:_ple_unfold_fixpoint_uncached:280 - PLE unfold: steps=0 start_size=3 final_size=3 stop=no_change reflected_funs=1
2026-09-29 19:30:08.730 | DEBUG    | aeon.verification.smt:_ple_unfold_fixpoint_uncached:280 - PLE unfold: steps=0 start_size=3 final_size=3 stop=no_change reflected_funs=1
2026-09-29 19:30:08.735 | DEBUG    | aeon.verification.smt:_ple_unfold_fixpoint_uncached:280 - PLE unfold: steps=0 start_size=3 final_size=3 stop=no_change reflected_funs=1
2026-09-29 19:30:08.735 | DEBUG    | aeon.verification.smt:_ple_unfold_fixpoint_uncached:280 - PLE unfold: steps=0 start_size=3 final_size=3 stop=no_change reflected_funs=1
2026-09-29 19:30:08.736 | DEBUG    | aeon.verification.smt:_ple_unfold_fixpoint_uncached:280 - PLE unfold: steps=0 start_size=3 final_size=3 stop=no_change reflected_funs=1
2026-09-29 19:30:08.736 | DEBUG    | aeon.verification.smt:_ple_unfold_fixpoint_uncached:280 - PLE unfold: steps=0 start_size=3 final_size=3 stop=no_change reflected_funs=1
2026-09-29 19:30:08.739 | DEBUG    | aeon.verification.smt:_ple_unfold_fixpoint_uncached:280 - PLE unfold: steps=0 start_size=3 final_size=3 stop=no_change reflected_funs=1
2026-09-29 19:30:08.739 | DEBUG    | aeon.verification.smt:_ple_unfold_fixpoint_uncached:280 - PLE unfold: steps=0 start_size=7 final_size=7 stop=no_change reflected_funs=1
2026-09-29 19:30:08.744 | DEBUG    | aeon.verification.smt:_ple_unfold_fixpoint_uncached:280 - PLE unfold: steps=0 start_size=1 final_size=1 stop=no_change reflected_funs=1
2026-09-29 19:30:08.744 | DEBUG    | aeon.verification.smt:_ple_unfold_fixpoint_uncached:280 - PLE unfold: steps=1 start_size=10 final_size=3 stop=no_change reflected_funs=1
2026-09-29 19:30:08.744 | DEBUG    | aeon.verification.smt:_ple_unfold_fixpoint_uncached:280 - PLE unfold: steps=0 start_size=3 final_size=3 stop=no_change reflected_funs=1
2026-09-29 19:30:08.744 | DEBUG    | aeon.verification.smt:_ple_unfold_fixpoint_uncached:280 - PLE unfold: steps=0 start_size=3 final_size=3 stop=no_change reflected_funs=1
2026-09-29 19:30:08.744 | DEBUG    | aeon.verification.smt:_ple_unfold_fixpoint_uncached:280 - PLE unfold: steps=0 start_size=7 final_size=7 stop=no_change reflected_funs=1
2026-09-29 19:30:08.758 | DEBUG    | aeon.verification.smt:_ple_unfold_fixpoint_uncached:280 - PLE unfold: steps=0 start_size=1 final_size=1 stop=no_change reflected_funs=1
2026-09-29 19:30:08.758 | DEBUG    | aeon.verification.smt:_ple_unfold_fixpoint_uncached:280 - PLE unfold: steps=1 start_size=10 final_size=3 stop=no_change reflected_funs=1
2026-09-29 19:30:08.758 | DEBUG    | aeon.verification.smt:_ple_unfold_fixpoint_uncached:280 - PLE unfold: steps=0 start_size=3 final_size=3 stop=no_change reflected_funs=1
2026-09-29 19:30:08.758 | DEBUG    | aeon.verification.smt:_ple_unfold_fixpoint_uncached:280 - PLE unfold: steps=0 start_size=3 final_size=3 stop=no_change reflected_funs=1
2026-09-29 19:30:08.758 | DEBUG    | aeon.verification.smt:_ple_unfold_fixpoint_uncached:280 - PLE unfold: steps=0 start_size=3 final_size=3 stop=no_change reflected_funs=1
2026-09-29 19:30:08.768 | DEBUG    | aeon.verification.smt:_ple_unfold_fixpoint_uncached:280 - PLE unfold: steps=0 start_size=1 final_size=1 stop=no_change reflected_funs=1
2026-09-29 19:30:08.769 | DEBUG    | aeon.verification.smt:_ple_unfold_fixpoint_uncached:280 - PLE unfold: steps=1 start_size=10 final_size=3 stop=no_change reflected_funs=1
2026-09-29 19:30:08.769 | DEBUG    | aeon.verification.smt:_ple_unfold_fixpoint_uncached:280 - PLE unfold: steps=0 start_size=3 final_size=3 stop=no_change reflected_funs=1
2026-09-29 19:30:08.769 | DEBUG    | aeon.verification.smt:_ple_unfold_fixpoint_uncached:280 - PLE unfold: steps=0 start_size=3 final_size=3 stop=no_change reflected_funs=1
2026-09-29 19:30:08.769 | DEBUG    | aeon.verification.smt:_ple_unfold_fixpoint_uncached:280 - PLE unfold: steps=0 start_size=3 final_size=3 stop=no_change reflected_funs=1
2026-09-29 19:30:08.776 | TIME     | aeon.utils.time_utils:__exit__:36 - [Compile] Time: 0.099 seconds
2026-09-29 19:30:08.776 | TIME     | aeon.utils.time_utils:__exit__:36 - [ParseSugar] Time: 0.000 seconds
2026-09-29 19:30:08.857 | DEBUG    | aeon.verification.smt:_ple_unfold_fixpoint_uncached:280 - PLE unfold: steps=0 start_size=1 final_size=1 stop=no_change reflected_funs=1
2026-09-29 19:30:08.857 | DEBUG    | aeon.verification.smt:_ple_unfold_fixpoint_uncached:280 - PLE unfold: steps=1 start_size=10 final_size=3 stop=no_change reflected_funs=1
2026-09-29 19:30:08.857 | DEBUG    | aeon.verification.smt:_ple_unfold_fixpoint_uncached:280 - PLE unfold: steps=0 start_size=3 final_size=3 stop=no_change reflected_funs=1
2026-09-29 19:30:08.857 | DEBUG    | aeon.verification.smt:_ple_unfold_fixpoint_uncached:280 - PLE unfold: steps=0 start_size=3 final_size=3 stop=no_change reflected_funs=1
2026-09-29 19:30:08.857 | DEBUG    | aeon.verification.smt:_ple_unfold_fixpoint_uncached:280 - PLE unfold: steps=0 start_size=3 final_size=3 stop=no_change reflected_funs=1
2026-09-29 19:30:08.857 | DEBUG    | aeon.verification.smt:_ple_unfold_fixpoint_uncached:280 - PLE unfold: steps=0 start_size=3 final_size=3 stop=no_change reflected_funs=1
2026-09-29 19:30:08.857 | DEBUG    | aeon.verification.smt:_ple_unfold_fixpoint_uncached:280 - PLE unfold: steps=0 start_size=7 final_size=7 stop=no_change reflected_funs=1
2026-09-29 19:30:08.857 | DEBUG    | aeon.verification.smt:_ple_unfold_fixpoint_uncached:280 - PLE unfold: steps=0 start_size=3 final_size=3 stop=no_change reflected_funs=1
2026-09-29 19:30:08.857 | DEBUG    | aeon.verification.smt:_ple_unfold_fixpoint_uncached:280 - PLE unfold: steps=0 start_size=3 final_size=3 stop=no_change reflected_funs=1
2026-09-29 19:30:08.857 | DEBUG    | aeon.verification.smt:_ple_unfold_fixpoint_uncached:280 - PLE unfold: steps=0 start_size=1 final_size=1 stop=no_change reflected_funs=1
2026-09-29 19:30:08.859 | DEBUG    | aeon.verification.smt:_ple_unfold_fixpoint_uncached:280 - PLE unfold: steps=0 start_size=3 final_size=3 stop=no_change reflected_funs=1
2026-09-29 19:30:08.864 | DEBUG    | aeon.verification.smt:_ple_unfold_fixpoint_uncached:280 - PLE unfold: steps=0 start_size=3 final_size=3 stop=no_change reflected_funs=1
2026-09-29 19:30:08.867 | DEBUG    | aeon.verification.smt:_ple_unfold_fixpoint_uncached:280 - PLE unfold: steps=0 start_size=1 final_size=1 stop=no_change reflected_funs=1
2026-09-29 19:30:08.867 | DEBUG    | aeon.verification.smt:_ple_unfold_fixpoint_uncached:280 - PLE unfold: steps=1 start_size=10 final_size=3 stop=no_change reflected_funs=1
2026-09-29 19:30:08.867 | DEBUG    | aeon.verification.smt:_ple_unfold_fixpoint_uncached:280 - PLE unfold: steps=0 start_size=3 final_size=3 stop=no_change reflected_funs=1
2026-09-29 19:30:08.867 | DEBUG    | aeon.verification.smt:_ple_unfold_fixpoint_uncached:280 - PLE unfold: steps=0 start_size=1 final_size=1 stop=no_change reflected_funs=1
2026-09-29 19:30:08.868 | DEBUG    | aeon.verification.smt:_ple_unfold_fixpoint_uncached:280 - PLE unfold: steps=0 start_size=3 final_size=3 stop=no_change reflected_funs=1
2026-09-29 19:30:08.868 | DEBUG    | aeon.verification.smt:_ple_unfold_fixpoint_uncached:280 - PLE unfold: steps=0 start_size=3 final_size=3 stop=no_change reflected_funs=1
2026-09-29 19:30:08.873 | DEBUG    | aeon.verification.smt:_ple_unfold_fixpoint_uncached:280 - PLE unfold: steps=0 start_size=3 final_size=3 stop=no_change reflected_funs=1
2026-09-29 19:30:08.873 | DEBUG    | aeon.verification.smt:_ple_unfold_fixpoint_uncached:280 - PLE unfold: steps=0 start_size=3 final_size=3 stop=no_change reflected_funs=1
2026-09-29 19:30:08.874 | DEBUG    | aeon.verification.smt:_ple_unfold_fixpoint_uncached:280 - PLE unfold: steps=0 start_size=3 final_size=3 stop=no_change reflected_funs=1
2026-09-29 19:30:08.874 | DEBUG    | aeon.verification.smt:_ple_unfold_fixpoint_uncached:280 - PLE unfold: steps=0 start_size=3 final_size=3 stop=no_change reflected_funs=1
2026-09-29 19:30:08.875 | DEBUG    | aeon.verification.smt:_ple_unfold_fixpoint_uncached:280 - PLE unfold: steps=0 start_size=3 final_size=3 stop=no_change reflected_funs=1
2026-09-29 19:30:08.875 | DEBUG    | aeon.verification.smt:_ple_unfold_fixpoint_uncached:280 - PLE unfold: steps=0 start_size=3 final_size=3 stop=no_change reflected_funs=1
2026-09-29 19:30:08.875 | DEBUG    | aeon.verification.smt:_ple_unfold_fixpoint_uncached:280 - PLE unfold: steps=0 start_size=3 final_size=3 stop=no_change reflected_funs=1
2026-09-29 19:30:08.875 | DEBUG    | aeon.verification.smt:_ple_unfold_fixpoint_uncached:280 - PLE unfold: steps=0 start_size=7 final_size=7 stop=no_change reflected_funs=1
2026-09-29 19:30:08.883 | DEBUG    | aeon.verification.smt:_ple_unfold_fixpoint_uncached:280 - PLE unfold: steps=0 start_size=1 final_size=1 stop=no_change reflected_funs=1
2026-09-29 19:30:08.884 | DEBUG    | aeon.verification.smt:_ple_unfold_fixpoint_uncached:280 - PLE unfold: steps=1 start_size=10 final_size=3 stop=no_change reflected_funs=1
2026-09-29 19:30:08.884 | DEBUG    | aeon.verification.smt:_ple_unfold_fixpoint_uncached:280 - PLE unfold: steps=0 start_size=3 final_size=3 stop=no_change reflected_funs=1
2026-09-29 19:30:08.884 | DEBUG    | aeon.verification.smt:_ple_unfold_fixpoint_uncached:280 - PLE unfold: steps=0 start_size=3 final_size=3 stop=no_change reflected_funs=1
2026-09-29 19:30:08.884 | DEBUG    | aeon.verification.smt:_ple_unfold_fixpoint_uncached:280 - PLE unfold: steps=0 start_size=7 final_size=7 stop=no_change reflected_funs=1
2026-09-29 19:30:08.887 | DEBUG    | aeon.verification.smt:_ple_unfold_fixpoint_uncached:280 - PLE unfold: steps=0 start_size=1 final_size=1 stop=no_change reflected_funs=1
2026-09-29 19:30:08.887 | DEBUG    | aeon.verification.smt:_ple_unfold_fixpoint_uncached:280 - PLE unfold: steps=1 start_size=10 final_size=3 stop=no_change reflected_funs=1
2026-09-29 19:30:08.888 | DEBUG    | aeon.verification.smt:_ple_unfold_fixpoint_uncached:280 - PLE unfold: steps=0 start_size=3 final_size=3 stop=no_change reflected_funs=1
2026-09-29 19:30:08.890 | DEBUG    | aeon.verification.smt:_ple_unfold_fixpoint_uncached:280 - PLE unfold: steps=0 start_size=3 final_size=3 stop=no_change reflected_funs=1
2026-09-29 19:30:08.890 | DEBUG    | aeon.verification.smt:_ple_unfold_fixpoint_uncached:280 - PLE unfold: steps=0 start_size=3 final_size=3 stop=no_change reflected_funs=1
2026-09-29 19:30:08.891 | DEBUG    | aeon.verification.smt:_ple_unfold_fixpoint_uncached:280 - PLE unfold: steps=0 start_size=1 final_size=1 stop=no_change reflected_funs=1
2026-09-29 19:30:08.892 | DEBUG    | aeon.verification.smt:_ple_unfold_fixpoint_uncached:280 - PLE unfold: steps=1 start_size=10 final_size=3 stop=no_change reflected_funs=1
2026-09-29 19:30:08.892 | DEBUG    | aeon.verification.smt:_ple_unfold_fixpoint_uncached:280 - PLE unfold: steps=0 start_size=3 final_size=3 stop=no_change reflected_funs=1
2026-09-29 19:30:08.892 | DEBUG    | aeon.verification.smt:_ple_unfold_fixpoint_uncached:280 - PLE unfold: steps=0 start_size=3 final_size=3 stop=no_change reflected_funs=1
2026-09-29 19:30:08.892 | DEBUG    | aeon.verification.smt:_ple_unfold_fixpoint_uncached:280 - PLE unfold: steps=0 start_size=3 final_size=3 stop=no_change reflected_funs=1
2026-09-29 19:30:08.893 | TIME     | aeon.utils.time_utils:__exit__:36 - [Compile] Time: 0.117 seconds
2026-09-29 19:30:08.893 | TIME     | aeon.utils.time_utils:__exit__:36 - [ParseSugar] Time: 0.000 seconds
2026-09-29 19:30:08.967 | DEBUG    | aeon.verification.smt:_ple_unfold_fixpoint_uncached:280 - PLE unfold: steps=0 start_size=1 final_size=1 stop=no_change reflected_funs=1
2026-09-29 19:30:08.967 | DEBUG    | aeon.verification.smt:_ple_unfold_fixpoint_uncached:280 - PLE unfold: steps=1 start_size=10 final_size=3 stop=no_change reflected_funs=1
2026-09-29 19:30:08.967 | DEBUG    | aeon.verification.smt:_ple_unfold_fixpoint_uncached:280 - PLE unfold: steps=0 start_size=3 final_size=3 stop=no_change reflected_funs=1
2026-09-29 19:30:08.967 | DEBUG    | aeon.verification.smt:_ple_unfold_fixpoint_uncached:280 - PLE unfold: steps=0 start_size=3 final_size=3 stop=no_change reflected_funs=1
2026-09-29 19:30:08.967 | DEBUG    | aeon.verification.smt:_ple_unfold_fixpoint_uncached:280 - PLE unfold: steps=0 start_size=3 final_size=3 stop=no_change reflected_funs=1
2026-09-29 19:30:08.967 | DEBUG    | aeon.verification.smt:_ple_unfold_fixpoint_uncached:280 - PLE unfold: steps=0 start_size=3 final_size=3 stop=no_change reflected_funs=1
2026-09-29 19:30:08.967 | DEBUG    | aeon.verification.smt:_ple_unfold_fixpoint_uncached:280 - PLE unfold: steps=0 start_size=7 final_size=7 stop=no_change reflected_funs=1
2026-09-29 19:30:08.967 | DEBUG    | aeon.verification.smt:_ple_unfold_fixpoint_uncached:280 - PLE unfold: steps=0 start_size=3 final_size=3 stop=no_change reflected_funs=1
2026-09-29 19:30:08.967 | DEBUG    | aeon.verification.smt:_ple_unfold_fixpoint_uncached:280 - PLE unfold: steps=0 start_size=3 final_size=3 stop=no_change reflected_funs=1
2026-09-29 19:30:08.967 | DEBUG    | aeon.verification.smt:_ple_unfold_fixpoint_uncached:280 - PLE unfold: steps=0 start_size=1 final_size=1 stop=no_change reflected_funs=1
2026-09-29 19:30:08.969 | DEBUG    | aeon.verification.smt:_ple_unfold_fixpoint_uncached:280 - PLE unfold: steps=0 start_size=3 final_size=3 stop=no_change reflected_funs=1
2026-09-29 19:30:08.969 | DEBUG    | aeon.verification.smt:_ple_unfold_fixpoint_uncached:280 - PLE unfold: steps=0 start_size=3 final_size=3 stop=no_change reflected_funs=1
2026-09-29 19:30:08.975 | DEBUG    | aeon.verification.smt:_ple_unfold_fixpoint_uncached:280 - PLE unfold: steps=0 start_size=1 final_size=1 stop=no_change reflected_funs=1
2026-09-29 19:30:08.976 | DEBUG    | aeon.verification.smt:_ple_unfold_fixpoint_uncached:280 - PLE unfold: steps=1 start_size=10 final_size=3 stop=no_change reflected_funs=1
2026-09-29 19:30:08.976 | DEBUG    | aeon.verification.smt:_ple_unfold_fixpoint_uncached:280 - PLE unfold: steps=0 start_size=3 final_size=3 stop=no_change reflected_funs=1
2026-09-29 19:30:08.976 | DEBUG    | aeon.verification.smt:_ple_unfold_fixpoint_uncached:280 - PLE unfold: steps=0 start_size=1 final_size=1 stop=no_change reflected_funs=1
2026-09-29 19:30:08.977 | DEBUG    | aeon.verification.smt:_ple_unfold_fixpoint_uncached:280 - PLE unfold: steps=0 start_size=3 final_size=3 stop=no_change reflected_funs=1
2026-09-29 19:30:08.977 | DEBUG    | aeon.verification.smt:_ple_unfold_fixpoint_uncached:280 - PLE unfold: steps=0 start_size=3 final_size=3 stop=no_change reflected_funs=1
2026-09-29 19:30:08.978 | DEBUG    | aeon.verification.smt:_ple_unfold_fixpoint_uncached:280 - PLE unfold: steps=0 start_size=3 final_size=3 stop=no_change reflected_funs=1
2026-09-29 19:30:08.978 | DEBUG    | aeon.verification.smt:_ple_unfold_fixpoint_uncached:280 - PLE unfold: steps=0 start_size=3 final_size=3 stop=no_change reflected_funs=1
2026-09-29 19:30:08.978 | DEBUG    | aeon.verification.smt:_ple_unfold_fixpoint_uncached:280 - PLE unfold: steps=0 start_size=3 final_size=3 stop=no_change reflected_funs=1
2026-09-29 19:30:08.978 | DEBUG    | aeon.verification.smt:_ple_unfold_fixpoint_uncached:280 - PLE unfold: steps=0 start_size=3 final_size=3 stop=no_change reflected_funs=1
2026-09-29 19:30:08.979 | DEBUG    | aeon.verification.smt:_ple_unfold_fixpoint_uncached:280 - PLE unfold: steps=0 start_size=3 final_size=3 stop=no_change reflected_funs=1
2026-09-29 19:30:08.979 | DEBUG    | aeon.verification.smt:_ple_unfold_fixpoint_uncached:280 - PLE unfold: steps=0 start_size=3 final_size=3 stop=no_change reflected_funs=1
2026-09-29 19:30:08.979 | DEBUG    | aeon.verification.smt:_ple_unfold_fixpoint_uncached:280 - PLE unfold: steps=0 start_size=3 final_size=3 stop=no_change reflected_funs=1
2026-09-29 19:30:08.979 | DEBUG    | aeon.verification.smt:_ple_unfold_fixpoint_uncached:280 - PLE unfold: steps=0 start_size=7 final_size=7 stop=no_change reflected_funs=1
2026-09-29 19:30:08.980 | DEBUG    | aeon.verification.smt:_ple_unfold_fixpoint_uncached:280 - PLE unfold: steps=0 start_size=3 final_size=3 stop=no_change reflected_funs=1
2026-09-29 19:30:08.980 | DEBUG    | aeon.verification.smt:_ple_unfold_fixpoint_uncached:280 - PLE unfold: steps=0 start_size=3 final_size=3 stop=no_change reflected_funs=1
2026-09-29 19:30:08.981 | DEBUG    | aeon.verification.smt:_ple_unfold_fixpoint_uncached:280 - PLE unfold: steps=0 start_size=1 final_size=1 stop=no_change reflected_funs=1
2026-09-29 19:30:08.981 | DEBUG    | aeon.verification.smt:_ple_unfold_fixpoint_uncached:280 - PLE unfold: steps=1 start_size=10 final_size=3 stop=no_change reflected_funs=1
2026-09-29 19:30:08.981 | DEBUG    | aeon.verification.smt:_ple_unfold_fixpoint_uncached:280 - PLE unfold: steps=0 start_size=3 final_size=3 stop=no_change reflected_funs=1
2026-09-29 19:30:08.981 | DEBUG    | aeon.verification.smt:_ple_unfold_fixpoint_uncached:280 - PLE unfold: steps=0 start_size=3 final_size=3 stop=no_change reflected_funs=1
2026-09-29 19:30:08.981 | DEBUG    | aeon.verification.smt:_ple_unfold_fixpoint_uncached:280 - PLE unfold: steps=0 start_size=3 final_size=3 stop=no_change reflected_funs=1
2026-09-29 19:30:08.985 | TIME     | aeon.utils.time_utils:__exit__:36 - [Compile] Time: 0.092 seconds
2026-09-29 19:30:08.985 | TIME     | aeon.utils.time_utils:__exit__:36 - [ParseSugar] Time: 0.000 seconds
2026-09-29 19:30:09.064 | DEBUG    | aeon.verification.smt:_ple_unfold_fixpoint_uncached:280 - PLE unfold: steps=0 start_size=1 final_size=1 stop=no_change reflected_funs=1
2026-09-29 19:30:09.064 | DEBUG    | aeon.verification.smt:_ple_unfold_fixpoint_uncached:280 - PLE unfold: steps=1 start_size=10 final_size=3 stop=no_change reflected_funs=1
2026-09-29 19:30:09.064 | DEBUG    | aeon.verification.smt:_ple_unfold_fixpoint_uncached:280 - PLE unfold: steps=0 start_size=3 final_size=3 stop=no_change reflected_funs=1
2026-09-29 19:30:09.064 | DEBUG    | aeon.verification.smt:_ple_unfold_fixpoint_uncached:280 - PLE unfold: steps=0 start_size=3 final_size=3 stop=no_change reflected_funs=1
2026-09-29 19:30:09.064 | DEBUG    | aeon.verification.smt:_ple_unfold_fixpoint_uncached:280 - PLE unfold: steps=0 start_size=3 final_size=3 stop=no_change reflected_funs=1
2026-09-29 19:30:09.064 | DEBUG    | aeon.verification.smt:_ple_unfold_fixpoint_uncached:280 - PLE unfold: steps=0 start_size=3 final_size=3 stop=no_change reflected_funs=1
2026-09-29 19:30:09.064 | DEBUG    | aeon.verification.smt:_ple_unfold_fixpoint_uncached:280 - PLE unfold: steps=0 start_size=7 final_size=7 stop=no_change reflected_funs=1
2026-09-29 19:30:09.064 | DEBUG    | aeon.verification.smt:_ple_unfold_fixpoint_uncached:280 - PLE unfold: steps=0 start_size=3 final_size=3 stop=no_change reflected_funs=1
2026-09-29 19:30:09.064 | DEBUG    | aeon.verification.smt:_ple_unfold_fixpoint_uncached:280 - PLE unfold: steps=0 start_size=3 final_size=3 stop=no_change reflected_funs=1
2026-09-29 19:30:09.065 | DEBUG    | aeon.verification.smt:_ple_unfold_fixpoint_uncached:280 - PLE unfold: steps=0 start_size=1 final_size=1 stop=no_change reflected_funs=1
2026-09-29 19:30:09.070 | DEBUG    | aeon.verification.smt:_ple_unfold_fixpoint_uncached:280 - PLE unfold: steps=0 start_size=3 final_size=3 stop=no_change reflected_funs=1
2026-09-29 19:30:09.071 | DEBUG    | aeon.verification.smt:_ple_unfold_fixpoint_uncached:280 - PLE unfold: steps=0 start_size=3 final_size=3 stop=no_change reflected_funs=1
2026-09-29 19:30:09.072 | DEBUG    | aeon.verification.smt:_ple_unfold_fixpoint_uncached:280 - PLE unfold: steps=0 start_size=1 final_size=1 stop=no_change reflected_funs=1
2026-09-29 19:30:09.074 | DEBUG    | aeon.verification.smt:_ple_unfold_fixpoint_uncached:280 - PLE unfold: steps=1 start_size=10 final_size=3 stop=no_change reflected_funs=1
2026-09-29 19:30:09.074 | DEBUG    | aeon.verification.smt:_ple_unfold_fixpoint_uncached:280 - PLE unfold: steps=0 start_size=3 final_size=3 stop=no_change reflected_funs=1
2026-09-29 19:30:09.074 | DEBUG    | aeon.verification.smt:_ple_unfold_fixpoint_uncached:280 - PLE unfold: steps=0 start_size=1 final_size=1 stop=no_change reflected_funs=1
2026-09-29 19:30:09.075 | DEBUG    | aeon.verification.smt:_ple_unfold_fixpoint_uncached:280 - PLE unfold: steps=0 start_size=3 final_size=3 stop=no_change reflected_funs=1
2026-09-29 19:30:09.077 | DEBUG    | aeon.verification.smt:_ple_unfold_fixpoint_uncached:280 - PLE unfold: steps=0 start_size=3 final_size=3 stop=no_change reflected_funs=1
2026-09-29 19:30:09.080 | DEBUG    | aeon.verification.smt:_ple_unfold_fixpoint_uncached:280 - PLE unfold: steps=0 start_size=3 final_size=3 stop=no_change reflected_funs=1
2026-09-29 19:30:09.080 | DEBUG    | aeon.verification.smt:_ple_unfold_fixpoint_uncached:280 - PLE unfold: steps=0 start_size=3 final_size=3 stop=no_change reflected_funs=1
2026-09-29 19:30:09.085 | DEBUG    | aeon.verification.smt:_ple_unfold_fixpoint_uncached:280 - PLE unfold: steps=0 start_size=3 final_size=3 stop=no_change reflected_funs=1
2026-09-29 19:30:09.086 | DEBUG    | aeon.verification.smt:_ple_unfold_fixpoint_uncached:280 - PLE unfold: steps=0 start_size=3 final_size=3 stop=no_change reflected_funs=1
2026-09-29 19:30:09.086 | DEBUG    | aeon.verification.smt:_ple_unfold_fixpoint_uncached:280 - PLE unfold: steps=0 start_size=3 final_size=3 stop=no_change reflected_funs=1
2026-09-29 19:30:09.086 | DEBUG    | aeon.verification.smt:_ple_unfold_fixpoint_uncached:280 - PLE unfold: steps=0 start_size=3 final_size=3 stop=no_change reflected_funs=1
2026-09-29 19:30:09.087 | DEBUG    | aeon.verification.smt:_ple_unfold_fixpoint_uncached:280 - PLE unfold: steps=0 start_size=3 final_size=3 stop=no_change reflected_funs=1
2026-09-29 19:30:09.087 | DEBUG    | aeon.verification.smt:_ple_unfold_fixpoint_uncached:280 - PLE unfold: steps=0 start_size=7 final_size=7 stop=no_change reflected_funs=1
2026-09-29 19:30:09.087 | DEBUG    | aeon.verification.smt:_ple_unfold_fixpoint_uncached:280 - PLE unfold: steps=0 start_size=3 final_size=3 stop=no_change reflected_funs=1
2026-09-29 19:30:09.087 | DEBUG    | aeon.verification.smt:_ple_unfold_fixpoint_uncached:280 - PLE unfold: steps=0 start_size=3 final_size=3 stop=no_change reflected_funs=1
2026-09-29 19:30:09.088 | DEBUG    | aeon.verification.smt:_ple_unfold_fixpoint_uncached:280 - PLE unfold: steps=0 start_size=3 final_size=3 stop=no_change reflected_funs=1
2026-09-29 19:30:09.088 | DEBUG    | aeon.verification.smt:_ple_unfold_fixpoint_uncached:280 - PLE unfold: steps=0 start_size=3 final_size=3 stop=no_change reflected_funs=1
2026-09-29 19:30:09.093 | DEBUG    | aeon.verification.smt:_ple_unfold_fixpoint_uncached:280 - PLE unfold: steps=0 start_size=1 final_size=1 stop=no_change reflected_funs=1
2026-09-29 19:30:09.093 | DEBUG    | aeon.verification.smt:_ple_unfold_fixpoint_uncached:280 - PLE unfold: steps=1 start_size=10 final_size=3 stop=no_change reflected_funs=1
2026-09-29 19:30:09.093 | DEBUG    | aeon.verification.smt:_ple_unfold_fixpoint_uncached:280 - PLE unfold: steps=0 start_size=3 final_size=3 stop=no_change reflected_funs=1
2026-09-29 19:30:09.093 | DEBUG    | aeon.verification.smt:_ple_unfold_fixpoint_uncached:280 - PLE unfold: steps=0 start_size=3 final_size=3 stop=no_change reflected_funs=1
2026-09-29 19:30:09.093 | DEBUG    | aeon.verification.smt:_ple_unfold_fixpoint_uncached:280 - PLE unfold: steps=0 start_size=3 final_size=3 stop=no_change reflected_funs=1
2026-09-29 19:30:09.095 | TIME     | aeon.utils.time_utils:__exit__:36 - [Compile] Time: 0.110 seconds
2026-09-29 19:30:09.096 | TIME     | aeon.utils.time_utils:__exit__:36 - [ParseSugar] Time: 0.000 seconds
2026-09-29 19:30:09.185 | DEBUG    | aeon.verification.smt:_ple_unfold_fixpoint_uncached:280 - PLE unfold: steps=0 start_size=1 final_size=1 stop=no_change reflected_funs=1
2026-09-29 19:30:09.186 | DEBUG    | aeon.verification.smt:_ple_unfold_fixpoint_uncached:280 - PLE unfold: steps=1 start_size=10 final_size=3 stop=no_change reflected_funs=1
2026-09-29 19:30:09.186 | DEBUG    | aeon.verification.smt:_ple_unfold_fixpoint_uncached:280 - PLE unfold: steps=0 start_size=3 final_size=3 stop=no_change reflected_funs=1
2026-09-29 19:30:09.186 | DEBUG    | aeon.verification.smt:_ple_unfold_fixpoint_uncached:280 - PLE unfold: steps=0 start_size=3 final_size=3 stop=no_change reflected_funs=1
2026-09-29 19:30:09.186 | DEBUG    | aeon.verification.smt:_ple_unfold_fixpoint_uncached:280 - PLE unfold: steps=0 start_size=3 final_size=3 stop=no_change reflected_funs=1
2026-09-29 19:30:09.186 | DEBUG    | aeon.verification.smt:_ple_unfold_fixpoint_uncached:280 - PLE unfold: steps=0 start_size=3 final_size=3 stop=no_change reflected_funs=1
2026-09-29 19:30:09.186 | DEBUG    | aeon.verification.smt:_ple_unfold_fixpoint_uncached:280 - PLE unfold: steps=0 start_size=7 final_size=7 stop=no_change reflected_funs=1
2026-09-29 19:30:09.186 | DEBUG    | aeon.verification.smt:_ple_unfold_fixpoint_uncached:280 - PLE unfold: steps=0 start_size=3 final_size=3 stop=no_change reflected_funs=1
2026-09-29 19:30:09.186 | DEBUG    | aeon.verification.smt:_ple_unfold_fixpoint_uncached:280 - PLE unfold: steps=0 start_size=3 final_size=3 stop=no_change reflected_funs=1
2026-09-29 19:30:09.186 | DEBUG    | aeon.verification.smt:_ple_unfold_fixpoint_uncached:280 - PLE unfold: steps=0 start_size=1 final_size=1 stop=no_change reflected_funs=1
2026-09-29 19:30:09.187 | DEBUG    | aeon.verification.smt:_ple_unfold_fixpoint_uncached:280 - PLE unfold: steps=0 start_size=3 final_size=3 stop=no_change reflected_funs=1
2026-09-29 19:30:09.187 | DEBUG    | aeon.verification.smt:_ple_unfold_fixpoint_uncached:280 - PLE unfold: steps=0 start_size=3 final_size=3 stop=no_change reflected_funs=1
2026-09-29 19:30:09.194 | DEBUG    | aeon.verification.smt:_ple_unfold_fixpoint_uncached:280 - PLE unfold: steps=0 start_size=1 final_size=1 stop=no_change reflected_funs=1
2026-09-29 19:30:09.195 | DEBUG    | aeon.verification.smt:_ple_unfold_fixpoint_uncached:280 - PLE unfold: steps=1 start_size=10 final_size=3 stop=no_change reflected_funs=1
2026-09-29 19:30:09.195 | DEBUG    | aeon.verification.smt:_ple_unfold_fixpoint_uncached:280 - PLE unfold: steps=0 start_size=1 final_size=1 stop=no_change reflected_funs=1
2026-09-29 19:30:09.195 | DEBUG    | aeon.verification.smt:_ple_unfold_fixpoint_uncached:280 - PLE unfold: steps=0 start_size=1 final_size=1 stop=no_change reflected_funs=1
2026-09-29 19:30:09.195 | DEBUG    | aeon.verification.smt:_ple_unfold_fixpoint_uncached:280 - PLE unfold: steps=0 start_size=3 final_size=3 stop=no_change reflected_funs=1
2026-09-29 19:30:09.195 | DEBUG    | aeon.verification.smt:_ple_unfold_fixpoint_uncached:280 - PLE unfold: steps=0 start_size=3 final_size=3 stop=no_change reflected_funs=1
2026-09-29 19:30:09.196 | DEBUG    | aeon.verification.smt:_ple_unfold_fixpoint_uncached:280 - PLE unfold: steps=0 start_size=3 final_size=3 stop=no_change reflected_funs=1
2026-09-29 19:30:09.196 | DEBUG    | aeon.verification.smt:_ple_unfold_fixpoint_uncached:280 - PLE unfold: steps=0 start_size=3 final_size=3 stop=no_change reflected_funs=1
2026-09-29 19:30:09.196 | DEBUG    | aeon.verification.smt:_ple_unfold_fixpoint_uncached:280 - PLE unfold: steps=0 start_size=3 final_size=3 stop=no_change reflected_funs=1
2026-09-29 19:30:09.196 | DEBUG    | aeon.verification.smt:_ple_unfold_fixpoint_uncached:280 - PLE unfold: steps=0 start_size=3 final_size=3 stop=no_change reflected_funs=1
2026-09-29 19:30:09.197 | DEBUG    | aeon.verification.smt:_ple_unfold_fixpoint_uncached:280 - PLE unfold: steps=0 start_size=3 final_size=3 stop=no_change reflected_funs=1
2026-09-29 19:30:09.197 | DEBUG    | aeon.verification.smt:_ple_unfold_fixpoint_uncached:280 - PLE unfold: steps=0 start_size=3 final_size=3 stop=no_change reflected_funs=1
2026-09-29 19:30:09.197 | DEBUG    | aeon.verification.smt:_ple_unfold_fixpoint_uncached:280 - PLE unfold: steps=0 start_size=5 final_size=5 stop=no_change reflected_funs=1
2026-09-29 19:30:09.197 | DEBUG    | aeon.verification.smt:_ple_unfold_fixpoint_uncached:280 - PLE unfold: steps=0 start_size=7 final_size=7 stop=no_change reflected_funs=1
2026-09-29 19:30:09.200 | DEBUG    | aeon.verification.smt:_ple_unfold_fixpoint_uncached:280 - PLE unfold: steps=0 start_size=1 final_size=1 stop=no_change reflected_funs=1
2026-09-29 19:30:09.200 | DEBUG    | aeon.verification.smt:_ple_unfold_fixpoint_uncached:280 - PLE unfold: steps=1 start_size=10 final_size=3 stop=no_change reflected_funs=1
2026-09-29 19:30:09.200 | DEBUG    | aeon.verification.smt:_ple_unfold_fixpoint_uncached:280 - PLE unfold: steps=0 start_size=1 final_size=1 stop=no_change reflected_funs=1
2026-09-29 19:30:09.200 | DEBUG    | aeon.verification.smt:_ple_unfold_fixpoint_uncached:280 - PLE unfold: steps=0 start_size=3 final_size=3 stop=no_change reflected_funs=1
2026-09-29 19:30:09.200 | DEBUG    | aeon.verification.smt:_ple_unfold_fixpoint_uncached:280 - PLE unfold: steps=0 start_size=3 final_size=3 stop=no_change reflected_funs=1
2026-09-29 19:30:09.204 | DEBUG    | aeon.verification.smt:_ple_unfold_fixpoint_uncached:280 - PLE unfold: steps=0 start_size=1 final_size=1 stop=no_change reflected_funs=1
2026-09-29 19:30:09.205 | DEBUG    | aeon.verification.smt:_ple_unfold_fixpoint_uncached:280 - PLE unfold: steps=1 start_size=10 final_size=3 stop=no_change reflected_funs=1
2026-09-29 19:30:09.205 | DEBUG    | aeon.verification.smt:_ple_unfold_fixpoint_uncached:280 - PLE unfold: steps=0 start_size=1 final_size=1 stop=no_change reflected_funs=1
2026-09-29 19:30:09.205 | DEBUG    | aeon.verification.smt:_ple_unfold_fixpoint_uncached:280 - PLE unfold: steps=0 start_size=3 final_size=3 stop=no_change reflected_funs=1
2026-09-29 19:30:09.205 | DEBUG    | aeon.verification.smt:_ple_unfold_fixpoint_uncached:280 - PLE unfold: steps=0 start_size=3 final_size=3 stop=no_change reflected_funs=1
2026-09-29 19:30:09.209 | DEBUG    | aeon.verification.smt:_ple_unfold_fixpoint_uncached:280 - PLE unfold: steps=0 start_size=1 final_size=1 stop=no_change reflected_funs=1
2026-09-29 19:30:09.209 | DEBUG    | aeon.verification.smt:_ple_unfold_fixpoint_uncached:280 - PLE unfold: steps=1 start_size=10 final_size=3 stop=no_change reflected_funs=1
2026-09-29 19:30:09.209 | DEBUG    | aeon.verification.smt:_ple_unfold_fixpoint_uncached:280 - PLE unfold: steps=0 start_size=1 final_size=1 stop=no_change reflected_funs=1
2026-09-29 19:30:09.209 | DEBUG    | aeon.verification.smt:_ple_unfold_fixpoint_uncached:280 - PLE unfold: steps=0 start_size=3 final_size=3 stop=no_change reflected_funs=1
2026-09-29 19:30:09.210 | DEBUG    | aeon.verification.smt:_ple_unfold_fixpoint_uncached:280 - PLE unfold: steps=0 start_size=3 final_size=3 stop=no_change reflected_funs=1
2026-09-29 19:30:09.211 | DEBUG    | aeon.verification.smt:_ple_unfold_fixpoint_uncached:280 - PLE unfold: steps=0 start_size=1 final_size=1 stop=no_change reflected_funs=1
2026-09-29 19:30:09.211 | DEBUG    | aeon.verification.smt:_ple_unfold_fixpoint_uncached:280 - PLE unfold: steps=1 start_size=10 final_size=3 stop=no_change reflected_funs=1
2026-09-29 19:30:09.212 | DEBUG    | aeon.verification.smt:_ple_unfold_fixpoint_uncached:280 - PLE unfold: steps=0 start_size=1 final_size=1 stop=no_change reflected_funs=1
2026-09-29 19:30:09.212 | DEBUG    | aeon.verification.smt:_ple_unfold_fixpoint_uncached:280 - PLE unfold: steps=0 start_size=3 final_size=3 stop=no_change reflected_funs=1
2026-09-29 19:30:09.212 | DEBUG    | aeon.verification.smt:_ple_unfold_fixpoint_uncached:280 - PLE unfold: steps=0 start_size=3 final_size=3 stop=no_change reflected_funs=1
2026-09-29 19:30:09.213 | DEBUG    | aeon.verification.smt:_ple_unfold_fixpoint_uncached:280 - PLE unfold: steps=0 start_size=1 final_size=1 stop=no_change reflected_funs=1
2026-09-29 19:30:09.213 | DEBUG    | aeon.verification.smt:_ple_unfold_fixpoint_uncached:280 - PLE unfold: steps=1 start_size=10 final_size=3 stop=no_change reflected_funs=1
2026-09-29 19:30:09.213 | DEBUG    | aeon.verification.smt:_ple_unfold_fixpoint_uncached:280 - PLE unfold: steps=0 start_size=1 final_size=1 stop=no_change reflected_funs=1
2026-09-29 19:30:09.213 | DEBUG    | aeon.verification.smt:_ple_unfold_fixpoint_uncached:280 - PLE unfold: steps=0 start_size=5 final_size=5 stop=no_change reflected_funs=1
2026-09-29 19:30:09.213 | DEBUG    | aeon.verification.smt:_ple_unfold_fixpoint_uncached:280 - PLE unfold: steps=0 start_size=7 final_size=7 stop=no_change reflected_funs=1
2026-09-29 19:30:09.225 | DEBUG    | aeon.verification.smt:_ple_unfold_fixpoint_uncached:280 - PLE unfold: steps=0 start_size=1 final_size=1 stop=no_change reflected_funs=1
2026-09-29 19:30:09.226 | DEBUG    | aeon.verification.smt:_ple_unfold_fixpoint_uncached:280 - PLE unfold: steps=1 start_size=10 final_size=3 stop=no_change reflected_funs=1
2026-09-29 19:30:09.226 | DEBUG    | aeon.verification.smt:_ple_unfold_fixpoint_uncached:280 - PLE unfold: steps=0 start_size=1 final_size=1 stop=no_change reflected_funs=1
2026-09-29 19:30:09.226 | DEBUG    | aeon.verification.smt:_ple_unfold_fixpoint_uncached:280 - PLE unfold: steps=0 start_size=5 final_size=5 stop=no_change reflected_funs=1
2026-09-29 19:30:09.226 | DEBUG    | aeon.verification.smt:_ple_unfold_fixpoint_uncached:280 - PLE unfold: steps=0 start_size=3 final_size=3 stop=no_change reflected_funs=1
2026-09-29 19:30:09.233 | DEBUG    | aeon.verification.smt:_ple_unfold_fixpoint_uncached:280 - PLE unfold: steps=0 start_size=1 final_size=1 stop=no_change reflected_funs=1
2026-09-29 19:30:09.233 | DEBUG    | aeon.verification.smt:_ple_unfold_fixpoint_uncached:280 - PLE unfold: steps=1 start_size=10 final_size=3 stop=no_change reflected_funs=1
2026-09-29 19:30:09.234 | DEBUG    | aeon.verification.smt:_ple_unfold_fixpoint_uncached:280 - PLE unfold: steps=0 start_size=1 final_size=1 stop=no_change reflected_funs=1
2026-09-29 19:30:09.234 | DEBUG    | aeon.verification.smt:_ple_unfold_fixpoint_uncached:280 - PLE unfold: steps=0 start_size=5 final_size=5 stop=no_change reflected_funs=1
2026-09-29 19:30:09.234 | DEBUG    | aeon.verification.smt:_ple_unfold_fixpoint_uncached:280 - PLE unfold: steps=0 start_size=3 final_size=3 stop=no_change reflected_funs=1
2026-09-29 19:30:09.238 | DEBUG    | aeon.verification.smt:_ple_unfold_fixpoint_uncached:280 - PLE unfold: steps=0 start_size=1 final_size=1 stop=no_change reflected_funs=1
2026-09-29 19:30:09.238 | DEBUG    | aeon.verification.smt:_ple_unfold_fixpoint_uncached:280 - PLE unfold: steps=1 start_size=10 final_size=3 stop=no_change reflected_funs=1
2026-09-29 19:30:09.238 | DEBUG    | aeon.verification.smt:_ple_unfold_fixpoint_uncached:280 - PLE unfold: steps=0 start_size=1 final_size=1 stop=no_change reflected_funs=1
2026-09-29 19:30:09.238 | DEBUG    | aeon.verification.smt:_ple_unfold_fixpoint_uncached:280 - PLE unfold: steps=0 start_size=3 final_size=3 stop=no_change reflected_funs=1
2026-09-29 19:30:09.238 | DEBUG    | aeon.verification.smt:_ple_unfold_fixpoint_uncached:280 - PLE unfold: steps=0 start_size=3 final_size=3 stop=no_change reflected_funs=1
2026-09-29 19:30:09.239 | DEBUG    | aeon.verification.smt:_ple_unfold_fixpoint_uncached:280 - PLE unfold: steps=0 start_size=1 final_size=1 stop=no_change reflected_funs=1
2026-09-29 19:30:09.239 | DEBUG    | aeon.verification.smt:_ple_unfold_fixpoint_uncached:280 - PLE unfold: steps=1 start_size=10 final_size=3 stop=no_change reflected_funs=1
2026-09-29 19:30:09.239 | DEBUG    | aeon.verification.smt:_ple_unfold_fixpoint_uncached:280 - PLE unfold: steps=0 start_size=1 final_size=1 stop=no_change reflected_funs=1
2026-09-29 19:30:09.239 | DEBUG    | aeon.verification.smt:_ple_unfold_fixpoint_uncached:280 - PLE unfold: steps=0 start_size=3 final_size=3 stop=no_change reflected_funs=1
2026-09-29 19:30:09.239 | DEBUG    | aeon.verification.smt:_ple_unfold_fixpoint_uncached:280 - PLE unfold: steps=0 start_size=3 final_size=3 stop=no_change reflected_funs=1
2026-09-29 19:30:09.242 | DEBUG    | aeon.verification.smt:_ple_unfold_fixpoint_uncached:280 - PLE unfold: steps=0 start_size=1 final_size=1 stop=no_change reflected_funs=1
2026-09-29 19:30:09.245 | DEBUG    | aeon.verification.smt:_ple_unfold_fixpoint_uncached:280 - PLE unfold: steps=1 start_size=10 final_size=3 stop=no_change reflected_funs=1
2026-09-29 19:30:09.246 | DEBUG    | aeon.verification.smt:_ple_unfold_fixpoint_uncached:280 - PLE unfold: steps=0 start_size=1 final_size=1 stop=no_change reflected_funs=1
2026-09-29 19:30:09.246 | DEBUG    | aeon.verification.smt:_ple_unfold_fixpoint_uncached:280 - PLE unfold: steps=0 start_size=3 final_size=3 stop=no_change reflected_funs=1
2026-09-29 19:30:09.246 | DEBUG    | aeon.verification.smt:_ple_unfold_fixpoint_uncached:280 - PLE unfold: steps=0 start_size=3 final_size=3 stop=no_change reflected_funs=1
2026-09-29 19:30:09.251 | TIME     | aeon.utils.time_utils:__exit__:36 - [Compile] Time: 0.155 seconds
2026-09-29 19:30:09.251 | TIME     | aeon.utils.time_utils:__exit__:36 - [ParseSugar] Time: 0.000 seconds
2026-09-29 19:30:09.309 | DEBUG    | aeon.verification.smt:_ple_unfold_fixpoint_uncached:280 - PLE unfold: steps=0 start_size=1 final_size=1 stop=no_change reflected_funs=1
2026-09-29 19:30:09.309 | DEBUG    | aeon.verification.smt:_ple_unfold_fixpoint_uncached:280 - PLE unfold: steps=1 start_size=10 final_size=3 stop=no_change reflected_funs=1
2026-09-29 19:30:09.309 | DEBUG    | aeon.verification.smt:_ple_unfold_fixpoint_uncached:280 - PLE unfold: steps=0 start_size=3 final_size=3 stop=no_change reflected_funs=1
2026-09-29 19:30:09.309 | DEBUG    | aeon.verification.smt:_ple_unfold_fixpoint_uncached:280 - PLE unfold: steps=0 start_size=3 final_size=3 stop=no_change reflected_funs=1
2026-09-29 19:30:09.309 | DEBUG    | aeon.verification.smt:_ple_unfold_fixpoint_uncached:280 - PLE unfold: steps=0 start_size=3 final_size=3 stop=no_change reflected_funs=1
2026-09-29 19:30:09.309 | DEBUG    | aeon.verification.smt:_ple_unfold_fixpoint_uncached:280 - PLE unfold: steps=0 start_size=3 final_size=3 stop=no_change reflected_funs=1
2026-09-29 19:30:09.309 | DEBUG    | aeon.verification.smt:_ple_unfold_fixpoint_uncached:280 - PLE unfold: steps=0 start_size=7 final_size=7 stop=no_change reflected_funs=1
2026-09-29 19:30:09.309 | DEBUG    | aeon.verification.smt:_ple_unfold_fixpoint_uncached:280 - PLE unfold: steps=0 start_size=3 final_size=3 stop=no_change reflected_funs=1
2026-09-29 19:30:09.309 | DEBUG    | aeon.verification.smt:_ple_unfold_fixpoint_uncached:280 - PLE unfold: steps=0 start_size=3 final_size=3 stop=no_change reflected_funs=1
2026-09-29 19:30:09.309 | DEBUG    | aeon.verification.smt:_ple_unfold_fixpoint_uncached:280 - PLE unfold: steps=0 start_size=1 final_size=1 stop=no_change reflected_funs=1
2026-09-29 19:30:09.311 | DEBUG    | aeon.verification.smt:_ple_unfold_fixpoint_uncached:280 - PLE unfold: steps=0 start_size=3 final_size=3 stop=no_change reflected_funs=1
2026-09-29 19:30:09.311 | DEBUG    | aeon.verification.smt:_ple_unfold_fixpoint_uncached:280 - PLE unfold: steps=0 start_size=3 final_size=3 stop=no_change reflected_funs=1
2026-09-29 19:30:09.316 | DEBUG    | aeon.verification.smt:_ple_unfold_fixpoint_uncached:280 - PLE unfold: steps=0 start_size=1 final_size=1 stop=no_change reflected_funs=1
2026-09-29 19:30:09.316 | DEBUG    | aeon.verification.smt:_ple_unfold_fixpoint_uncached:280 - PLE unfold: steps=1 start_size=10 final_size=3 stop=no_change reflected_funs=1
2026-09-29 19:30:09.316 | DEBUG    | aeon.verification.smt:_ple_unfold_fixpoint_uncached:280 - PLE unfold: steps=0 start_size=7 final_size=7 stop=no_change reflected_funs=1
2026-09-29 19:30:09.316 | DEBUG    | aeon.verification.smt:_ple_unfold_fixpoint_uncached:280 - PLE unfold: steps=0 start_size=1 final_size=1 stop=no_change reflected_funs=1
2026-09-29 19:30:09.317 | DEBUG    | aeon.verification.smt:_ple_unfold_fixpoint_uncached:280 - PLE unfold: steps=0 start_size=3 final_size=3 stop=no_change reflected_funs=1
2026-09-29 19:30:09.317 | DEBUG    | aeon.verification.smt:_ple_unfold_fixpoint_uncached:280 - PLE unfold: steps=0 start_size=3 final_size=3 stop=no_change reflected_funs=1
2026-09-29 19:30:09.318 | DEBUG    | aeon.verification.smt:_ple_unfold_fixpoint_uncached:280 - PLE unfold: steps=0 start_size=3 final_size=3 stop=no_change reflected_funs=1
2026-09-29 19:30:09.318 | DEBUG    | aeon.verification.smt:_ple_unfold_fixpoint_uncached:280 - PLE unfold: steps=0 start_size=3 final_size=3 stop=no_change reflected_funs=1
2026-09-29 19:30:09.319 | DEBUG    | aeon.verification.smt:_ple_unfold_fixpoint_uncached:280 - PLE unfold: steps=0 start_size=3 final_size=3 stop=no_change reflected_funs=1
2026-09-29 19:30:09.319 | DEBUG    | aeon.verification.smt:_ple_unfold_fixpoint_uncached:280 - PLE unfold: steps=0 start_size=3 final_size=3 stop=no_change reflected_funs=1
2026-09-29 19:30:09.320 | DEBUG    | aeon.verification.smt:_ple_unfold_fixpoint_uncached:280 - PLE unfold: steps=0 start_size=3 final_size=3 stop=no_change reflected_funs=1
2026-09-29 19:30:09.320 | DEBUG    | aeon.verification.smt:_ple_unfold_fixpoint_uncached:280 - PLE unfold: steps=0 start_size=3 final_size=3 stop=no_change reflected_funs=1
2026-09-29 19:30:09.320 | DEBUG    | aeon.verification.smt:_ple_unfold_fixpoint_uncached:280 - PLE unfold: steps=0 start_size=11 final_size=11 stop=no_change reflected_funs=1
2026-09-29 19:30:09.320 | DEBUG    | aeon.verification.smt:_ple_unfold_fixpoint_uncached:280 - PLE unfold: steps=0 start_size=7 final_size=7 stop=no_change reflected_funs=1
2026-09-29 19:30:09.321 | DEBUG    | aeon.verification.smt:_ple_unfold_fixpoint_uncached:280 - PLE unfold: steps=0 start_size=3 final_size=3 stop=no_change reflected_funs=1
2026-09-29 19:30:09.321 | DEBUG    | aeon.verification.smt:_ple_unfold_fixpoint_uncached:280 - PLE unfold: steps=0 start_size=3 final_size=3 stop=no_change reflected_funs=1
2026-09-29 19:30:09.322 | DEBUG    | aeon.verification.smt:_ple_unfold_fixpoint_uncached:280 - PLE unfold: steps=0 start_size=3 final_size=3 stop=no_change reflected_funs=1
2026-09-29 19:30:09.322 | DEBUG    | aeon.verification.smt:_ple_unfold_fixpoint_uncached:280 - PLE unfold: steps=0 start_size=3 final_size=3 stop=no_change reflected_funs=1
2026-09-29 19:30:09.322 | DEBUG    | aeon.verification.smt:_ple_unfold_fixpoint_uncached:280 - PLE unfold: steps=0 start_size=3 final_size=3 stop=no_change reflected_funs=1
2026-09-29 19:30:09.322 | DEBUG    | aeon.verification.smt:_ple_unfold_fixpoint_uncached:280 - PLE unfold: steps=0 start_size=3 final_size=3 stop=no_change reflected_funs=1
2026-09-29 19:30:09.325 | DEBUG    | aeon.verification.smt:_ple_unfold_fixpoint_uncached:280 - PLE unfold: steps=0 start_size=1 final_size=1 stop=no_change reflected_funs=1
2026-09-29 19:30:09.325 | DEBUG    | aeon.verification.smt:_ple_unfold_fixpoint_uncached:280 - PLE unfold: steps=0 start_size=1 final_size=1 stop=no_change reflected_funs=1
2026-09-29 19:30:09.326 | DEBUG    | aeon.verification.smt:_ple_unfold_fixpoint_uncached:280 - PLE unfold: steps=0 start_size=1 final_size=1 stop=no_change reflected_funs=1
2026-09-29 19:30:09.326 | DEBUG    | aeon.verification.smt:_ple_unfold_fixpoint_uncached:280 - PLE unfold: steps=1 start_size=10 final_size=3 stop=no_change reflected_funs=1
2026-09-29 19:30:09.326 | DEBUG    | aeon.verification.smt:_ple_unfold_fixpoint_uncached:280 - PLE unfold: steps=0 start_size=1 final_size=1 stop=no_change reflected_funs=1
2026-09-29 19:30:09.332 | TIME     | aeon.utils.time_utils:__exit__:36 - [Compile] Time: 0.080 seconds
2026-09-29 19:30:09.332 | TIME     | aeon.utils.time_utils:__exit__:36 - [DecidabilityScan] Time: 0.000 seconds
2026-09-29 19:30:09.332 | TIME     | aeon.utils.time_utils:__exit__:36 - [Preparing execution env] Time: 0.000 seconds
2026-09-29 19:30:09.332 | TIME     | aeon.utils.time_utils:__exit__:36 - [LLVM compilation] Time: 0.000 seconds
2026-09-29 19:30:09.333 | TIME     | aeon.utils.time_utils:__exit__:36 - [ParseSugar] Time: 0.000 seconds
2026-09-29 19:30:09.362 | DEBUG    | aeon.verification.smt:_ple_unfold_fixpoint_uncached:280 - PLE unfold: steps=0 start_size=1 final_size=1 stop=no_change reflected_funs=1
2026-09-29 19:30:09.362 | DEBUG    | aeon.verification.smt:_ple_unfold_fixpoint_uncached:280 - PLE unfold: steps=0 start_size=3 final_size=3 stop=no_change reflected_funs=1
2026-09-29 19:30:09.362 | DEBUG    | aeon.verification.smt:_ple_unfold_fixpoint_uncached:280 - PLE unfold: steps=1 start_size=4 final_size=3 stop=no_change reflected_funs=1
2026-09-29 19:30:09.362 | DEBUG    | aeon.verification.smt:_ple_unfold_fixpoint_uncached:280 - PLE unfold: steps=0 start_size=3 final_size=3 stop=no_change reflected_funs=1
2026-09-29 19:30:09.362 | DEBUG    | aeon.verification.smt:_ple_unfold_fixpoint_uncached:280 - PLE unfold: steps=0 start_size=1 final_size=1 stop=no_change reflected_funs=1
2026-09-29 19:30:09.363 | DEBUG    | aeon.verification.smt:_ple_unfold_fixpoint_uncached:280 - PLE unfold: steps=0 start_size=3 final_size=3 stop=no_change reflected_funs=1
2026-09-29 19:30:09.363 | DEBUG    | aeon.verification.smt:_ple_unfold_fixpoint_uncached:280 - PLE unfold: steps=0 start_size=1 final_size=1 stop=no_change reflected_funs=1
2026-09-29 19:30:09.365 | DEBUG    | aeon.verification.smt:_ple_unfold_fixpoint_uncached:280 - PLE unfold: steps=0 start_size=1 final_size=1 stop=no_change reflected_funs=1
2026-09-29 19:30:09.365 | DEBUG    | aeon.verification.smt:_ple_unfold_fixpoint_uncached:280 - PLE unfold: steps=0 start_size=3 final_size=3 stop=no_change reflected_funs=1
2026-09-29 19:30:09.365 | DEBUG    | aeon.verification.smt:_ple_unfold_fixpoint_uncached:280 - PLE unfold: steps=1 start_size=4 final_size=3 stop=no_change reflected_funs=1
2026-09-29 19:30:09.365 | DEBUG    | aeon.verification.smt:_ple_unfold_fixpoint_uncached:280 - PLE unfold: steps=0 start_size=1 final_size=1 stop=no_change reflected_funs=1
2026-09-29 19:30:09.365 | DEBUG    | aeon.verification.smt:_ple_unfold_fixpoint_uncached:280 - PLE unfold: steps=0 start_size=1 final_size=1 stop=no_change reflected_funs=1
2026-09-29 19:30:09.366 | DEBUG    | aeon.verification.smt:_ple_unfold_fixpoint_uncached:280 - PLE unfold: steps=0 start_size=7 final_size=7 stop=no_change reflected_funs=1
2026-09-29 19:30:09.366 | DEBUG    | aeon.verification.smt:_ple_unfold_fixpoint_uncached:280 - PLE unfold: steps=0 start_size=3 final_size=3 stop=no_change reflected_funs=1
2026-09-29 19:30:09.369 | DEBUG    | aeon.verification.smt:_ple_unfold_fixpoint_uncached:280 - PLE unfold: steps=0 start_size=1 final_size=1 stop=no_change reflected_funs=1
2026-09-29 19:30:09.369 | DEBUG    | aeon.verification.smt:_ple_unfold_fixpoint_uncached:280 - PLE unfold: steps=0 start_size=3 final_size=3 stop=no_change reflected_funs=1
2026-09-29 19:30:09.369 | DEBUG    | aeon.verification.smt:_ple_unfold_fixpoint_uncached:280 - PLE unfold: steps=1 start_size=4 final_size=3 stop=no_change reflected_funs=1
2026-09-29 19:30:09.369 | DEBUG    | aeon.verification.smt:_ple_unfold_fixpoint_uncached:280 - PLE unfold: steps=0 start_size=1 final_size=1 stop=no_change reflected_funs=1
2026-09-29 19:30:09.369 | DEBUG    | aeon.verification.smt:_ple_unfold_fixpoint_uncached:280 - PLE unfold: steps=0 start_size=7 final_size=7 stop=no_change reflected_funs=1
2026-09-29 19:30:09.369 | DEBUG    | aeon.verification.smt:_ple_unfold_fixpoint_uncached:280 - PLE unfold: steps=0 start_size=3 final_size=3 stop=no_change reflected_funs=1
2026-09-29 19:30:09.370 | TIME     | aeon.utils.time_utils:__exit__:36 - [Compile] Time: 0.038 seconds
2026-09-29 19:30:09.371 | TIME     | aeon.utils.time_utils:__exit__:36 - [ParseSugar] Time: 0.000 seconds
2026-09-29 19:30:09.393 | DEBUG    | aeon.verification.smt:_ple_unfold_fixpoint_uncached:280 - PLE unfold: steps=0 start_size=1 final_size=1 stop=no_change reflected_funs=1
2026-09-29 19:30:09.393 | DEBUG    | aeon.verification.smt:_ple_unfold_fixpoint_uncached:280 - PLE unfold: steps=0 start_size=3 final_size=3 stop=no_change reflected_funs=1
2026-09-29 19:30:09.394 | DEBUG    | aeon.verification.smt:_ple_unfold_fixpoint_uncached:280 - PLE unfold: steps=1 start_size=4 final_size=3 stop=no_change reflected_funs=1
2026-09-29 19:30:09.394 | DEBUG    | aeon.verification.smt:_ple_unfold_fixpoint_uncached:280 - PLE unfold: steps=0 start_size=3 final_size=3 stop=no_change reflected_funs=1
2026-09-29 19:30:09.394 | DEBUG    | aeon.verification.smt:_ple_unfold_fixpoint_uncached:280 - PLE unfold: steps=0 start_size=1 final_size=1 stop=no_change reflected_funs=1
2026-09-29 19:30:09.394 | DEBUG    | aeon.verification.smt:_ple_unfold_fixpoint_uncached:280 - PLE unfold: steps=0 start_size=3 final_size=3 stop=no_change reflected_funs=1
2026-09-29 19:30:09.394 | DEBUG    | aeon.verification.smt:_ple_unfold_fixpoint_uncached:280 - PLE unfold: steps=0 start_size=1 final_size=1 stop=no_change reflected_funs=1
2026-09-29 19:30:09.394 | DEBUG    | aeon.verification.smt:_ple_unfold_fixpoint_uncached:280 - PLE unfold: steps=0 start_size=1 final_size=1 stop=no_change reflected_funs=1
2026-09-29 19:30:09.394 | DEBUG    | aeon.verification.smt:_ple_unfold_fixpoint_uncached:280 - PLE unfold: steps=0 start_size=3 final_size=3 stop=no_change reflected_funs=1
2026-09-29 19:30:09.394 | DEBUG    | aeon.verification.smt:_ple_unfold_fixpoint_uncached:280 - PLE unfold: steps=1 start_size=4 final_size=3 stop=no_change reflected_funs=1
2026-09-29 19:30:09.394 | DEBUG    | aeon.verification.smt:_ple_unfold_fixpoint_uncached:280 - PLE unfold: steps=0 start_size=1 final_size=1 stop=no_change reflected_funs=1
2026-09-29 19:30:09.394 | DEBUG    | aeon.verification.smt:_ple_unfold_fixpoint_uncached:280 - PLE unfold: steps=0 start_size=1 final_size=1 stop=no_change reflected_funs=1
2026-09-29 19:30:09.395 | DEBUG    | aeon.verification.smt:_ple_unfold_fixpoint_uncached:280 - PLE unfold: steps=0 start_size=7 final_size=7 stop=no_change reflected_funs=1
2026-09-29 19:30:09.395 | DEBUG    | aeon.verification.smt:_ple_unfold_fixpoint_uncached:280 - PLE unfold: steps=0 start_size=3 final_size=3 stop=no_change reflected_funs=1
2026-09-29 19:30:09.402 | DEBUG    | aeon.verification.smt:_ple_unfold_fixpoint_uncached:280 - PLE unfold: steps=0 start_size=1 final_size=1 stop=no_change reflected_funs=1
2026-09-29 19:30:09.402 | DEBUG    | aeon.verification.smt:_ple_unfold_fixpoint_uncached:280 - PLE unfold: steps=0 start_size=3 final_size=3 stop=no_change reflected_funs=1
2026-09-29 19:30:09.402 | DEBUG    | aeon.verification.smt:_ple_unfold_fixpoint_uncached:280 - PLE unfold: steps=1 start_size=4 final_size=3 stop=no_change reflected_funs=1
2026-09-29 19:30:09.403 | DEBUG    | aeon.verification.smt:_ple_unfold_fixpoint_uncached:280 - PLE unfold: steps=0 start_size=1 final_size=1 stop=no_change reflected_funs=1
2026-09-29 19:30:09.403 | DEBUG    | aeon.verification.smt:_ple_unfold_fixpoint_uncached:280 - PLE unfold: steps=0 start_size=7 final_size=7 stop=no_change reflected_funs=1
2026-09-29 19:30:09.403 | DEBUG    | aeon.verification.smt:_ple_unfold_fixpoint_uncached:280 - PLE unfold: steps=0 start_size=3 final_size=3 stop=no_change reflected_funs=1
2026-09-29 19:30:09.404 | TIME     | aeon.utils.time_utils:__exit__:36 - [Compile] Time: 0.034 seconds
2026-09-29 19:30:09.405 | TIME     | aeon.utils.time_utils:__exit__:36 - [ParseSugar] Time: 0.000 seconds
2026-09-29 19:30:09.437 | DEBUG    | aeon.verification.smt:_ple_unfold_fixpoint_uncached:280 - PLE unfold: steps=0 start_size=1 final_size=1 stop=no_change reflected_funs=1
2026-09-29 19:30:09.437 | DEBUG    | aeon.verification.smt:_ple_unfold_fixpoint_uncached:280 - PLE unfold: steps=0 start_size=3 final_size=3 stop=no_change reflected_funs=1
2026-09-29 19:30:09.437 | DEBUG    | aeon.verification.smt:_ple_unfold_fixpoint_uncached:280 - PLE unfold: steps=1 start_size=4 final_size=3 stop=no_change reflected_funs=1
2026-09-29 19:30:09.437 | DEBUG    | aeon.verification.smt:_ple_unfold_fixpoint_uncached:280 - PLE unfold: steps=0 start_size=3 final_size=3 stop=no_change reflected_funs=1
2026-09-29 19:30:09.437 | DEBUG    | aeon.verification.smt:_ple_unfold_fixpoint_uncached:280 - PLE unfold: steps=0 start_size=1 final_size=1 stop=no_change reflected_funs=1
2026-09-29 19:30:09.438 | DEBUG    | aeon.verification.smt:_ple_unfold_fixpoint_uncached:280 - PLE unfold: steps=0 start_size=3 final_size=3 stop=no_change reflected_funs=1
2026-09-29 19:30:09.438 | DEBUG    | aeon.verification.smt:_ple_unfold_fixpoint_uncached:280 - PLE unfold: steps=0 start_size=1 final_size=1 stop=no_change reflected_funs=1
2026-09-29 19:30:09.438 | DEBUG    | aeon.verification.smt:_ple_unfold_fixpoint_uncached:280 - PLE unfold: steps=0 start_size=1 final_size=1 stop=no_change reflected_funs=1
2026-09-29 19:30:09.438 | DEBUG    | aeon.verification.smt:_ple_unfold_fixpoint_uncached:280 - PLE unfold: steps=0 start_size=3 final_size=3 stop=no_change reflected_funs=1
2026-09-29 19:30:09.438 | DEBUG    | aeon.verification.smt:_ple_unfold_fixpoint_uncached:280 - PLE unfold: steps=1 start_size=4 final_size=3 stop=no_change reflected_funs=1
2026-09-29 19:30:09.438 | DEBUG    | aeon.verification.smt:_ple_unfold_fixpoint_uncached:280 - PLE unfold: steps=0 start_size=1 final_size=1 stop=no_change reflected_funs=1
2026-09-29 19:30:09.438 | DEBUG    | aeon.verification.smt:_ple_unfold_fixpoint_uncached:280 - PLE unfold: steps=0 start_size=1 final_size=1 stop=no_change reflected_funs=1
2026-09-29 19:30:09.439 | DEBUG    | aeon.verification.smt:_ple_unfold_fixpoint_uncached:280 - PLE unfold: steps=0 start_size=7 final_size=7 stop=no_change reflected_funs=1
2026-09-29 19:30:09.439 | DEBUG    | aeon.verification.smt:_ple_unfold_fixpoint_uncached:280 - PLE unfold: steps=0 start_size=3 final_size=3 stop=no_change reflected_funs=1
2026-09-29 19:30:09.449 | DEBUG    | aeon.verification.smt:_ple_unfold_fixpoint_uncached:280 - PLE unfold: steps=1 start_size=4 final_size=3 stop=no_change reflected_funs=1
2026-09-29 19:30:09.449 | DEBUG    | aeon.verification.smt:_ple_unfold_fixpoint_uncached:280 - PLE unfold: steps=0 start_size=1 final_size=1 stop=no_change reflected_funs=1
2026-09-29 19:30:09.450 | DEBUG    | aeon.verification.smt:_ple_unfold_fixpoint_uncached:280 - PLE unfold: steps=0 start_size=1 final_size=1 stop=no_change reflected_funs=1
2026-09-29 19:30:09.450 | DEBUG    | aeon.verification.smt:_ple_unfold_fixpoint_uncached:280 - PLE unfold: steps=0 start_size=1 final_size=1 stop=no_change reflected_funs=1
2026-09-29 19:30:09.450 | DEBUG    | aeon.verification.smt:_ple_unfold_fixpoint_uncached:280 - PLE unfold: steps=0 start_size=1 final_size=1 stop=no_change reflected_funs=1
2026-09-29 19:30:09.450 | DEBUG    | aeon.verification.smt:_ple_unfold_fixpoint_uncached:280 - PLE unfold: steps=0 start_size=1 final_size=1 stop=no_change reflected_funs=1
2026-09-29 19:30:09.451 | DEBUG    | aeon.verification.smt:_ple_unfold_fixpoint_uncached:280 - PLE unfold: steps=0 start_size=1 final_size=1 stop=no_change reflected_funs=1
2026-09-29 19:30:09.451 | DEBUG    | aeon.verification.smt:_ple_unfold_fixpoint_uncached:280 - PLE unfold: steps=0 start_size=3 final_size=3 stop=no_change reflected_funs=1
2026-09-29 19:30:09.451 | DEBUG    | aeon.verification.smt:_ple_unfold_fixpoint_uncached:280 - PLE unfold: steps=1 start_size=4 final_size=3 stop=no_change reflected_funs=1
2026-09-29 19:30:09.451 | DEBUG    | aeon.verification.smt:_ple_unfold_fixpoint_uncached:280 - PLE unfold: steps=0 start_size=1 final_size=1 stop=no_change reflected_funs=1
2026-09-29 19:30:09.452 | TIME     | aeon.utils.time_utils:__exit__:36 - [Compile] Time: 0.047 seconds
2026-09-29 19:30:09.452 | TIME     | aeon.utils.time_utils:__exit__:36 - [DecidabilityScan] Time: 0.000 seconds
2026-09-29 19:30:09.454 | TIME     | aeon.utils.time_utils:__exit__:36 - [Preparing execution env] Time: 0.002 seconds
2026-09-29 19:30:09.455 | TIME     | aeon.utils.time_utils:__exit__:36 - [LLVM compilation] Time: 0.000 seconds
2026-09-29 19:30:09.455 | TIME     | aeon.utils.time_utils:__exit__:36 - [ParseSugar] Time: 0.000 seconds
2026-09-29 19:30:09.483 | DEBUG    | aeon.verification.smt:_ple_unfold_fixpoint_uncached:280 - PLE unfold: steps=0 start_size=1 final_size=1 stop=no_change reflected_funs=1
2026-09-29 19:30:09.483 | DEBUG    | aeon.verification.smt:_ple_unfold_fixpoint_uncached:280 - PLE unfold: steps=0 start_size=3 final_size=3 stop=no_change reflected_funs=1
2026-09-29 19:30:09.484 | DEBUG    | aeon.verification.smt:_ple_unfold_fixpoint_uncached:280 - PLE unfold: steps=1 start_size=4 final_size=3 stop=no_change reflected_funs=1
2026-09-29 19:30:09.484 | DEBUG    | aeon.verification.smt:_ple_unfold_fixpoint_uncached:280 - PLE unfold: steps=0 start_size=3 final_size=3 stop=no_change reflected_funs=1
2026-09-29 19:30:09.484 | DEBUG    | aeon.verification.smt:_ple_unfold_fixpoint_uncached:280 - PLE unfold: steps=0 start_size=1 final_size=1 stop=no_change reflected_funs=1
2026-09-29 19:30:09.484 | DEBUG    | aeon.verification.smt:_ple_unfold_fixpoint_uncached:280 - PLE unfold: steps=0 start_size=3 final_size=3 stop=no_change reflected_funs=1
2026-09-29 19:30:09.484 | DEBUG    | aeon.verification.smt:_ple_unfold_fixpoint_uncached:280 - PLE unfold: steps=0 start_size=1 final_size=1 stop=no_change reflected_funs=1
2026-09-29 19:30:09.484 | DEBUG    | aeon.verification.smt:_ple_unfold_fixpoint_uncached:280 - PLE unfold: steps=0 start_size=1 final_size=1 stop=no_change reflected_funs=1
2026-09-29 19:30:09.484 | DEBUG    | aeon.verification.smt:_ple_unfold_fixpoint_uncached:280 - PLE unfold: steps=0 start_size=3 final_size=3 stop=no_change reflected_funs=1
2026-09-29 19:30:09.484 | DEBUG    | aeon.verification.smt:_ple_unfold_fixpoint_uncached:280 - PLE unfold: steps=1 start_size=4 final_size=3 stop=no_change reflected_funs=1
2026-09-29 19:30:09.484 | DEBUG    | aeon.verification.smt:_ple_unfold_fixpoint_uncached:280 - PLE unfold: steps=0 start_size=1 final_size=1 stop=no_change reflected_funs=1
2026-09-29 19:30:09.484 | DEBUG    | aeon.verification.smt:_ple_unfold_fixpoint_uncached:280 - PLE unfold: steps=0 start_size=1 final_size=1 stop=no_change reflected_funs=1
2026-09-29 19:30:09.485 | DEBUG    | aeon.verification.smt:_ple_unfold_fixpoint_uncached:280 - PLE unfold: steps=0 start_size=7 final_size=7 stop=no_change reflected_funs=1
2026-09-29 19:30:09.485 | DEBUG    | aeon.verification.smt:_ple_unfold_fixpoint_uncached:280 - PLE unfold: steps=0 start_size=3 final_size=3 stop=no_change reflected_funs=1
2026-09-29 19:30:09.486 | DEBUG    | aeon.verification.smt:_ple_unfold_fixpoint_uncached:280 - PLE unfold: steps=0 start_size=1 final_size=1 stop=no_change reflected_funs=1
2026-09-29 19:30:09.486 | DEBUG    | aeon.verification.smt:_ple_unfold_fixpoint_uncached:280 - PLE unfold: steps=0 start_size=3 final_size=3 stop=no_change reflected_funs=1
2026-09-29 19:30:09.486 | DEBUG    | aeon.verification.smt:_ple_unfold_fixpoint_uncached:280 - PLE unfold: steps=1 start_size=4 final_size=3 stop=no_change reflected_funs=1
2026-09-29 19:30:09.486 | DEBUG    | aeon.verification.smt:_ple_unfold_fixpoint_uncached:280 - PLE unfold: steps=0 start_size=1 final_size=1 stop=no_change reflected_funs=1
2026-09-29 19:30:09.486 | DEBUG    | aeon.verification.smt:_ple_unfold_fixpoint_uncached:280 - PLE unfold: steps=0 start_size=7 final_size=7 stop=no_change reflected_funs=1
2026-09-29 19:30:09.486 | DEBUG    | aeon.verification.smt:_ple_unfold_fixpoint_uncached:280 - PLE unfold: steps=0 start_size=3 final_size=3 stop=no_change reflected_funs=1
2026-09-29 19:30:09.487 | TIME     | aeon.utils.time_utils:__exit__:36 - [Compile] Time: 0.032 seconds
2026-09-29 19:30:09.487 | TIME     | aeon.utils.time_utils:__exit__:36 - [ParseSugar] Time: 0.000 seconds
2026-09-29 19:30:09.524 | DEBUG    | aeon.verification.smt:_ple_unfold_fixpoint_uncached:280 - PLE unfold: steps=0 start_size=1 final_size=1 stop=no_change reflected_funs=1
2026-09-29 19:30:09.525 | DEBUG    | aeon.verification.smt:_ple_unfold_fixpoint_uncached:280 - PLE unfold: steps=0 start_size=3 final_size=3 stop=no_change reflected_funs=1
2026-09-29 19:30:09.525 | DEBUG    | aeon.verification.smt:_ple_unfold_fixpoint_uncached:280 - PLE unfold: steps=1 start_size=4 final_size=3 stop=no_change reflected_funs=1
2026-09-29 19:30:09.525 | DEBUG    | aeon.verification.smt:_ple_unfold_fixpoint_uncached:280 - PLE unfold: steps=0 start_size=3 final_size=3 stop=no_change reflected_funs=1
2026-09-29 19:30:09.525 | DEBUG    | aeon.verification.smt:_ple_unfold_fixpoint_uncached:280 - PLE unfold: steps=0 start_size=1 final_size=1 stop=no_change reflected_funs=1
2026-09-29 19:30:09.525 | DEBUG    | aeon.verification.smt:_ple_unfold_fixpoint_uncached:280 - PLE unfold: steps=0 start_size=3 final_size=3 stop=no_change reflected_funs=1
2026-09-29 19:30:09.525 | DEBUG    | aeon.verification.smt:_ple_unfold_fixpoint_uncached:280 - PLE unfold: steps=0 start_size=1 final_size=1 stop=no_change reflected_funs=1
2026-09-29 19:30:09.525 | DEBUG    | aeon.verification.smt:_ple_unfold_fixpoint_uncached:280 - PLE unfold: steps=0 start_size=1 final_size=1 stop=no_change reflected_funs=1
2026-09-29 19:30:09.526 | DEBUG    | aeon.verification.smt:_ple_unfold_fixpoint_uncached:280 - PLE unfold: steps=0 start_size=3 final_size=3 stop=no_change reflected_funs=1
2026-09-29 19:30:09.526 | DEBUG    | aeon.verification.smt:_ple_unfold_fixpoint_uncached:280 - PLE unfold: steps=1 start_size=4 final_size=3 stop=no_change reflected_funs=1
2026-09-29 19:30:09.526 | DEBUG    | aeon.verification.smt:_ple_unfold_fixpoint_uncached:280 - PLE unfold: steps=0 start_size=1 final_size=1 stop=no_change reflected_funs=1
2026-09-29 19:30:09.526 | DEBUG    | aeon.verification.smt:_ple_unfold_fixpoint_uncached:280 - PLE unfold: steps=0 start_size=1 final_size=1 stop=no_change reflected_funs=1
2026-09-29 19:30:09.526 | DEBUG    | aeon.verification.smt:_ple_unfold_fixpoint_uncached:280 - PLE unfold: steps=0 start_size=7 final_size=7 stop=no_change reflected_funs=1
2026-09-29 19:30:09.526 | DEBUG    | aeon.verification.smt:_ple_unfold_fixpoint_uncached:280 - PLE unfold: steps=0 start_size=3 final_size=3 stop=no_change reflected_funs=1
2026-09-29 19:30:09.529 | DEBUG    | aeon.verification.smt:_ple_unfold_fixpoint_uncached:280 - PLE unfold: steps=1 start_size=4 final_size=3 stop=no_change reflected_funs=1
2026-09-29 19:30:09.529 | DEBUG    | aeon.verification.smt:_ple_unfold_fixpoint_uncached:280 - PLE unfold: steps=0 start_size=1 final_size=1 stop=no_change reflected_funs=1
2026-09-29 19:30:09.530 | DEBUG    | aeon.verification.smt:_ple_unfold_fixpoint_uncached:280 - PLE unfold: steps=0 start_size=1 final_size=1 stop=no_change reflected_funs=1
2026-09-29 19:30:09.530 | DEBUG    | aeon.verification.smt:_ple_unfold_fixpoint_uncached:280 - PLE unfold: steps=0 start_size=1 final_size=1 stop=no_change reflected_funs=1
2026-09-29 19:30:09.530 | DEBUG    | aeon.verification.smt:_ple_unfold_fixpoint_uncached:280 - PLE unfold: steps=0 start_size=1 final_size=1 stop=no_change reflected_funs=1
2026-09-29 19:30:09.530 | DEBUG    | aeon.verification.smt:_ple_unfold_fixpoint_uncached:280 - PLE unfold: steps=0 start_size=1 final_size=1 stop=no_change reflected_funs=1
2026-09-29 19:30:09.530 | DEBUG    | aeon.verification.smt:_ple_unfold_fixpoint_uncached:280 - PLE unfold: steps=0 start_size=1 final_size=1 stop=no_change reflected_funs=1
2026-09-29 19:30:09.530 | DEBUG    | aeon.verification.smt:_ple_unfold_fixpoint_uncached:280 - PLE unfold: steps=0 start_size=3 final_size=3 stop=no_change reflected_funs=1
2026-09-29 19:30:09.530 | DEBUG    | aeon.verification.smt:_ple_unfold_fixpoint_uncached:280 - PLE unfold: steps=1 start_size=4 final_size=3 stop=no_change reflected_funs=1
2026-09-29 19:30:09.530 | DEBUG    | aeon.verification.smt:_ple_unfold_fixpoint_uncached:280 - PLE unfold: steps=0 start_size=1 final_size=1 stop=no_change reflected_funs=1
2026-09-29 19:30:09.532 | TIME     | aeon.utils.time_utils:__exit__:36 - [Compile] Time: 0.044 seconds
2026-09-29 19:30:09.532 | TIME     | aeon.utils.time_utils:__exit__:36 - [DecidabilityScan] Time: 0.000 seconds
2026-09-29 19:30:09.532 | TIME     | aeon.utils.time_utils:__exit__:36 - [Preparing execution env] Time: 0.000 seconds
2026-09-29 19:30:09.532 | TIME     | aeon.utils.time_utils:__exit__:36 - [LLVM compilation] Time: 0.000 seconds
[
  {
    "case": "valid_request",
    "expected_acceptance": true,
    "accepted": true,
    "errors": [],
    "trust": []
  },
  {
    "case": "wrong_domain",
    "expected_acceptance": false,
    "accepted": false,
    "errors": [
      "LiquidTypeCheckingFailedRelation"
    ],
    "trust": []
  },
  {
    "case": "wrong_path",
    "expected_acceptance": false,
    "accepted": false,
    "errors": [
      "LiquidTypeCheckingFailedRelation"
    ],
    "trust": []
  },
  {
    "case": "wrong_payload_digest",
    "expected_acceptance": false,
    "accepted": false,
    "errors": [
      "LiquidTypeCheckingFailedRelation"
    ],
    "trust": []
  },
  {
    "case": "wrong_recipient",
    "expected_acceptance": false,
    "accepted": false,
    "errors": [
      "LiquidTypeCheckingFailedRelation"
    ],
    "trust": []
  },
  {
    "case": "value_above_cap",
    "expected_acceptance": false,
    "accepted": false,
    "errors": [
      "LiquidTypeCheckingFailedRelation"
    ],
    "trust": []
  },
  {
    "case": "zero_value",
    "expected_acceptance": false,
    "accepted": false,
    "errors": [
      "LiquidTypeCheckingFailedRelation"
    ],
    "trust": []
  },
  {
    "case": "wrong_key_epoch",
    "expected_acceptance": false,
    "accepted": false,
    "errors": [
      "LiquidTypeCheckingFailedRelation"
    ],
    "trust": []
  },
  {
    "case": "wrong_nonce",
    "expected_acceptance": false,
    "accepted": false,
    "errors": [
      "LiquidTypeCheckingFailedRelation"
    ],
    "trust": []
  },
  {
    "case": "unbounded_dynamic_value",
    "expected_acceptance": false,
    "accepted": false,
    "errors": [
      "LiquidTypeCheckingFailedRelation",
      "LiquidTypeCheckingFailedRelation"
    ],
    "trust": []
  },
  {
    "case": "bounded_dynamic_value",
    "expected_acceptance": true,
    "accepted": true,
    "errors": [],
    "trust": []
  },
  {
    "case": "signed_not_broadcast",
    "expected_acceptance": false,
    "accepted": false,
    "errors": [
      "LiquidTypeCheckingFailedRelation"
    ],
    "trust": []
  },
  {
    "case": "signed_not_finalized",
    "expected_acceptance": false,
    "accepted": false,
    "errors": [
      "LiquidTypeCheckingFailedRelation"
    ],
    "trust": []
  },
  {
    "case": "finalized_evidence_token",
    "expected_acceptance": true,
    "accepted": true,
    "errors": [],
    "trust": []
  },
  {
    "case": "broadcast_not_finalized",
    "expected_acceptance": false,
    "accepted": false,
    "errors": [
      "LiquidTypeCheckingFailedRelation"
    ],
    "trust": []
  },
  {
    "case": "untrusted_native_finality_promise",
    "expected_acceptance": true,
    "accepted": true,
    "errors": [],
    "trust": [
      {
        "name": "observed",
        "kind": "native"
      }
    ]
  }
]
